signal,horizon_s,population,decile,rows,signal_mean,signal_min,signal_max,raw_mean_ticks,raw_median_ticks,raw_mean_bps,demeaned_mean_ticks,demeaned_median_ticks,demeaned_mean_bps,frac_up,frac_down
obi_l1,1,oof_scored_purged,0,213649,-0.9300297014678,-0.999994154,-0.854286726,-19.055282262027905,0.0,-0.27550456475362534,-19.465662819098025,-0.8541690626797009,-0.28144295633949,0.06404429695435036,0.4066014818697958
obi_l1,1,oof_scored_purged,1,213649,-0.7601248795079172,-0.854286428,-0.656439058,-9.722184517596618,0.0,-0.14047968367413735,-10.089229012613869,-0.18666666666666668,-0.14581358799003535,0.06141381424673179,0.2390977725147321
obi_l1,1,oof_scored_purged,2,213649,-0.5429121060113082,-0.6564385,-0.431338465,-5.504446545502202,0.0,-0.07950348692346969,-5.875633513501298,-0.08499137435307648,-0.08492118473703247,0.06891677470992141,0.17272254960238523
obi_l1,1,oof_scored_purged,3,213649,-0.32515733491691984,-0.431338452,-0.219985291,-2.709387827698702,0.0,-0.03920565753755086,-3.034164053254707,-0.04622222222222222,-0.043944973648022315,0.0743087962031182,0.12760649476477776
obi_l1,1,oof_scored_purged,4,213648,-0.1164647732675499,-0.219985016,-0.0172413793,-0.4089179397888115,0.0,-0.0060148812700783,-0.7746283478022465,-0.049444444444444444,-0.011368301572655238,0.08737268778551636,0.10316501909683218
obi_l1,1,oof_scored_purged,5,213649,0.08139639013966643,-0.0172413793,0.18319644,0.9318133948672823,0.0,0.013636530126833541,0.5361802828223418,-0.07833333333333334,0.007824536827060788,0.10173696109038657,0.0933961778430978
obi_l1,1,oof_scored_purged,6,213649,0.2925559635517367,0.18319702,0.407420557,3.1561416154533837,0.0,0.045846549378270096,2.720455500953387,-0.06833333333333333,0.03944272248002982,0.13093906360432297,0.08490561622099799
obi_l1,1,oof_scored_purged,7,213649,0.5278376850367331,0.407421082,0.650187916,6.401483273968051,0.0,0.09257488219592787,5.95898811904413,-0.018333333333333333,0.08608676915647127,0.17517985106412856,0.07377521074285394
obi_l1,1,oof_scored_purged,8,213649,0.7576679599511676,0.650188747,0.853273138,10.762290017739376,0.0,0.1557038306547703,10.32507894126014,0.0415,0.14931072157048628,0.23550777209348042,0.06101596543864001
obi_l1,1,oof_scored_purged,9,213648,0.9275631113550278,0.853273412,0.999970128,20.21121189994758,0.0,0.29275876963382824,19.698703477728202,0.5327777777777778,0.2852494838999641,0.3921590653785666,0.05573185800943608
obi_l1,1,full_corpus,0,257030,-0.930259851902451,-0.999994154,-0.856492844,-16.848383457183985,0.0,-0.24478907397154784,-17.160252612417644,-0.4077777777777778,-0.24927003744806678,0.054266038983776216,0.37125238299031244
obi_l1,1,full_corpus,1,257030,-0.7633701949793642,-0.856492844,-0.658869815,-8.617745010310081,0.0,-0.12506203901062674,-8.906466965285025,-0.11444444444444445,-0.1292363708002044,0.05237520911955803,0.21651558183869588
obi_l1,1,full_corpus,2,257030,-0.5443300143694082,-0.658869679,-0.431402261,-4.935470567638019,0.0,-0.07157603608655748,-5.239490868938747,-0.03333333333333333,-0.07600075699523798,0.05959615609072871,0.15574835622300898
obi_l1,1,full_corpus,3,257030,-0.32389869051855813,-0.43140184,-0.217831553,-2.3912422674395986,0.0,-0.03473233886541547,-2.654966084282882,-0.013555555555555555,-0.03856918662649357,0.06501186631910671,0.11335252694238027
obi_l1,1,full_corpus,4,257030,-0.11370285037027895,-0.217831005,-0.012890914,-0.3898183091467922,0.0,-0.00579474560499861,-0.692464622361582,-0.013555555555555555,-0.010217077315949697,0.07662140606154924,0.09209819865385363
obi_l1,1,full_corpus,5,257030,0.0854937800561922,-0.0128900023,0.186499286,0.7660973427226394,0.0,0.011216557812336495,0.4465915744423316,-0.03166666666666667,0.006530827455216011,0.08830486713613198,0.08096331167567988
obi_l1,1,full_corpus,6,257030,0.29574939376200055,0.186501655,0.410803062,2.7493833404660935,0.0,0.04002156224531767,2.3901473056724516,-0.03166666666666667,0.034747487671161766,0.11543010543516322,0.07338832042952184
obi_l1,1,full_corpus,7,257030,0.5318144652803525,0.41080402,0.653382059,5.6402093140878495,0.0,0.08179442429887529,5.275488278375878,0.0,0.07645428313218323,0.1546940045909038,0.06296541259775124
obi_l1,1,full_corpus,8,257030,0.7603083351685329,0.653386454,0.85501542,9.474357078940201,0.0,0.13763601547274168,9.109475654647525,0.05444444444444444,0.13230573561429806,0.21251215811383886,0.0514375753803058
obi_l1,1,full_corpus,9,257029,0.9270881936820593,0.85501582,0.999970128,17.861056534476653,0.0,0.2598985233460794,17.4320061610486,0.3,0.2536155761299657,0.3592123845947344,0.047103634220263084
obi_l1,2,oof_scored_purged,0,213633,-0.9300285779550116,-0.999994154,-0.854284888,-24.30450351771496,0.0,-0.3524858217203521,-25.127908551864923,-2.4794444444444443,-0.36439998761676407,0.11038088684800569,0.48405442979314994
obi_l1,2,oof_scored_purged,1,213633,-0.760115563156502,-0.854284888,-0.65642473,-13.724595451077315,0.0,-0.19916265054585178,-14.461037877478761,-0.46111111111111114,-0.2098640748598979,0.1077408452813938,0.3245425566274873
obi_l1,2,oof_scored_purged,2,213633,-0.5429011250893635,-0.656422233,-0.43133241,-7.713363572107306,0.0,-0.11192373657541127,-8.457657713771928,-0.15666666666666668,-0.12278678731136806,0.11789845201818071,0.24732602172885276
obi_l1,2,oof_scored_purged,3,213633,-0.3251499473483685,-0.431332103,-0.219982799,-3.997025272312798,0.0,-0.05801179428383701,-4.6476239242056225,-0.09888888888888889,-0.06750583065070825,0.12204107043387491,0.19276984361030366
obi_l1,2,oof_scored_purged,4,213632,-0.11646799811913243,-0.219981339,-0.0172501638,-0.4657705774415818,0.0,-0.006840628311023683,-1.197765053159667,-0.09888888888888889,-0.01755620988740679,0.14165012732174956,0.16268162073097664
obi_l1,2,oof_scored_purged,5,213633,0.08138367697968989,-0.0172491646,0.183190495,1.4986870006038393,0.0,0.022048215617643516,0.7069952087196156,-0.13666666666666666,0.010417917363454628,0.16161360838447245,0.14851169997144636
obi_l1,2,oof_scored_purged,6,213633,0.2925410687654576,0.183191267,0.407390084,4.640645405906391,0.0,0.06774108435930029,3.7685965013480103,-0.09888888888888889,0.05492347955058689,0.1988784504266663,0.13909367934729186
obi_l1,2,oof_scored_purged,7,213633,0.5278148327943155,0.407390084,0.650176217,9.449848572083901,0.0,0.13715848595779614,8.563249126504488,0.010944444444444444,0.12415889237009403,0.2551806134819995,0.12383854554305748
obi_l1,2,oof_scored_purged,8,213633,0.7576625454858332,0.650176813,0.853268627,15.868435588134792,0.0,0.2303563482889899,14.992446891094948,0.28555555555555556,0.21754740344756313,0.3214016561111813,0.10628975860470995
obi_l1,2,oof_scored_purged,9,213632,0.9275623093885139,0.853268765,0.999970128,26.88716578040743,0.0,0.39099575454756197,25.86082083872241,1.8766666666666667,0.3759576968470522,0.47728336578789693,0.09813136608747754
obi_l1,2,full_corpus,0,257022,-0.9302600221085549,-0.999994154,-0.856492844,-21.853105959801105,0.0,-0.31880007083548983,-22.47723569074978,-1.5788055555555556,-0.32776722623213295,0.09426041350545868,0.4525565904864175
obi_l1,2,full_corpus,1,257022,-0.7633627273816016,-0.856492844,-0.658855715,-12.43423520165589,0.0,-0.18143468962930595,-13.012083454819498,-0.30444444444444446,-0.18978876425254634,0.09199990662277938,0.30053069387056364
obi_l1,2,full_corpus,2,257022,-0.5443229093765359,-0.658854939,-0.431392198,-7.067589544863864,0.0,-0.10313005389563953,-7.676240974634151,-0.09888888888888889,-0.11198841917034913,0.10294449502377229,0.2276458824536421
obi_l1,2,full_corpus,3,257022,-0.32389592753749874,-0.431391905,-0.217827298,-3.6008551797122426,0.0,-0.052534297367701724,-4.128271533861647,-0.020777777777777777,-0.06020804024025323,0.10793628560979215,0.17423022153745593
obi_l1,2,full_corpus,4,257022,-0.11370004885895682,-0.21782674,-0.012890914,-0.47942977643937096,0.0,-0.0071311532902123154,-1.0843849580623564,-0.02,-0.015971484788188633,0.12587638412275992,0.14720529760098358
obi_l1,2,full_corpus,5,257022,0.08549063622486823,-0.0128900023,0.186494511,1.2025877162266265,0.0,0.017687784146622285,0.5638966078751572,-0.020777777777777777,0.008320564430883281,0.14212012979433666,0.13084483040362305
obi_l1,2,full_corpus,6,257022,0.29574604956518513,0.186495177,0.410802587,4.133683108838932,0.0,0.06051582350719422,3.4156074316458387,-0.02,0.04997333097705215,0.17840107072546318,0.12140594968524095
obi_l1,2,full_corpus,7,257022,0.5318079336301017,0.410802601,0.653391685,8.419252048462777,0.0,0.12260050525007987,7.689537175817201,0.08183333333333333,0.11191602968703566,0.22878197197127095,0.10692080833547322
obi_l1,2,full_corpus,8,257022,0.7603100941861863,0.653392879,0.855014632,14.211139513349051,0.0,0.20737013031703289,13.481396505428288,0.28555555555555556,0.19670997446607594,0.29625868602687705,0.09034635167417575
obi_l1,2,full_corpus,9,257021,0.9270892425603472,0.855014707,0.999970128,24.08558055567444,0.0,0.3521245219679093,23.227869264438993,1.198888888888889,0.3395640120788843,0.4476015578493586,0.08342119904599235
obi_l1,5,oof_scored_purged,0,213585,-0.9300187810725286,-0.999994154,-0.854278554,-30.551967600721024,-12.0,-0.44511974724707604,-32.620825058171995,-12.658833333333334,-0.4750547645612621,0.19493878315424773,0.5561439239646979
obi_l1,5,oof_scored_purged,1,213585,-0.7600928313883278,-0.854277829,-0.65640779,-19.39486387152656,0.0,-0.28327530937076617,-21.237802151816886,-2.285444444444445,-0.31005773847854357,0.1897745628204228,0.43325139874054824
obi_l1,5,oof_scored_purged,2,213585,-0.5429014352801508,-0.656407268,-0.431349669,-10.672310789615375,0.0,-0.1559480316359187,-12.531700372045433,-0.5787222222222222,-0.18308804930698105,0.1996535337219374,0.34871830887000493
obi_l1,5,oof_scored_purged,3,213585,-0.32518033250006795,-0.431349529,-0.220023557,-4.6101224336915045,0.0,-0.06788853121621448,-6.236917490789313,-0.15833333333333333,-0.09163292077110154,0.2081325935810099,0.2872486363742772
obi_l1,5,oof_scored_purged,4,213584,-0.11652695208211898,-0.220023557,-0.0173271056,-0.4564574125402652,0.0,-0.006548287607811598,-2.2845564384750614,-0.09305555555555556,-0.03331689004215959,0.23112218143681174,0.2542559367742902
obi_l1,5,oof_scored_purged,5,213585,0.08133753523195057,-0.0173254836,0.183162685,2.6716365849661727,0.0,0.039677302457106045,0.6981466760445462,-0.09305555555555556,0.010680981398068877,0.2564740033242035,0.23503523187489758
obi_l1,5,oof_scored_purged,6,213585,0.2924947841871339,0.183162795,0.40734235,7.42622609265632,0.0,0.10863664872211982,5.249879696535823,-0.04722222222222222,0.07664380082607664,0.30268043167825454,0.2288362946836154
obi_l1,5,oof_scored_purged,7,213585,0.5277627833971392,0.407342584,0.650154411,15.38133529976356,0.0,0.2245965672618001,13.165910211618964,0.5388888888888889,0.1921100055121992,0.3656015169604607,0.2096167802046024
obi_l1,5,oof_scored_purged,8,213585,0.7576486877432311,0.65015569,0.853258749,23.617555071751294,0.0,0.3451393968300852,21.425034419272023,1.5027777777777778,0.31307533761991463,0.4302221597958658,0.18618816864480184
obi_l1,5,oof_scored_purged,9,213584,0.9275485530561044,0.853259888,0.999970128,36.94308562439134,14.0,0.5406575930589888,34.372980745083254,11.746333333333332,0.5029991948547656,0.5626264139635928,0.17929713836242414
obi_l1,5,full_corpus,0,256998,-0.9302657071566004,-0.999994154,-0.856504247,-28.45042373870614,-8.0,-0.41775683965834925,-30.013549786824477,-9.392888888888889,-0.44021443934034543,0.16870559303963456,0.5421832076514214
obi_l1,5,full_corpus,1,256998,-0.7633724117692278,-0.856503868,-0.658872173,-18.237025190857516,0.0,-0.2682664935956558,-19.680085766648393,-1.565,-0.28912956909450654,0.16457715624246103,0.4178709561942116
obi_l1,5,full_corpus,2,256998,-0.5443493832300368,-0.658872077,-0.431438127,-10.38684736846201,0.0,-0.15300227976264702,-11.904500103128457,-0.5167222222222222,-0.17509075373033078,0.17811811765072103,0.33302982902590683
obi_l1,5,full_corpus,3,256998,-0.3239302635915883,-0.431438127,-0.217867623,-4.428721235184709,0.0,-0.06569909856172919,-5.7459328235156395,-0.051444444444444445,-0.08486702191900745,0.1888575008365824,0.26964023066327364
obi_l1,5,full_corpus,4,256998,-0.11373395944545288,-0.217866199,-0.0129399586,-0.4281161721102888,0.0,-0.006268709604774357,-1.9377328396798852,-0.04722222222222222,-0.028333316580316046,0.21156584876146897,0.23604852956054131
obi_l1,5,full_corpus,5,256998,0.08546137902273326,-0.012939164,0.186462181,2.0899656806667757,0.0,0.030984414953757453,0.4974936159827991,-0.042444444444444444,0.007625289644152767,0.23277613055354515,0.21524292017836716
obi_l1,5,full_corpus,6,256998,0.2957242901876707,0.186463702,0.410778005,6.789278515786115,0.0,0.0998487979940915,4.9980270147304955,0.059722222222222225,0.07354843668108908,0.2803990692534572,0.20418057728075706
obi_l1,5,full_corpus,7,256998,0.5317840251144211,0.410778443,0.653388609,13.954943229130187,0.0,0.20455763160500126,12.132358323134628,0.6728888888888889,0.17786975844798636,0.3387536089775018,0.18521544914746418
obi_l1,5,full_corpus,8,256998,0.7603139907913291,0.653389003,0.855022213,21.69193145471949,0.0,0.3189623407446832,19.867764219746196,1.5027777777777778,0.29231093777936573,0.4105635063307886,0.16158880613856919
obi_l1,5,full_corpus,9,256997,0.9270926873606268,0.855022296,0.999970128,33.92969762292945,10.0,0.49968385037128027,31.786281829195712,8.621,0.4682925439530462,0.5471075537846746,0.1550913045677576
obi_l1,10,oof_scored_purged,0,213505,-0.9300267092317744,-0.999994154,-0.854272147,-32.50253858223461,-19.0,-0.474983947999524,-36.62860127644065,-20.583333333333332,-0.5346655748209409,0.26633568300508187,0.5793728484110442
obi_l1,10,oof_scored_purged,1,213505,-0.7600721744128803,-0.854272128,-0.65639359,-21.27717149481277,0.0,-0.3126673176326563,-24.93826272987937,-6.400895953757225,-0.36586518045342836,0.2614271328540315,0.4892110255029156
obi_l1,10,oof_scored_purged,2,213505,-0.5428816900643685,-0.656393443,-0.431349752,-11.42076532165523,0.0,-0.16766035067937948,-15.12256408344288,-1.1921111111111111,-0.22168722121385057,0.26932390342146556,0.41184047212009084
obi_l1,10,oof_scored_purged,3,213505,-0.3252083464972389,-0.431349669,-0.220086178,-4.839706330062528,0.0,-0.07186374304099157,-8.087281507271115,-0.31666666666666665,-0.11926697572452734,0.27655558417835646,0.3563148404018641
obi_l1,10,oof_scored_purged,4,213504,-0.1165909786954755,-0.220086178,-0.0173922437,-0.24016880245803357,0.0,-0.003151487401990816,-3.886819946972513,-0.206,-0.0565535779629551,0.30134798411270985,0.321830035971223
obi_l1,10,oof_scored_purged,5,213505,0.08128359046166345,-0.0173922437,0.183118081,4.7230720592023605,0.0,0.06979638974494577,0.7949011343646932,-0.2847222222222222,0.012075459901717944,0.32478864663591017,0.30105618135406664
obi_l1,10,oof_scored_purged,6,213505,0.2924507046397836,0.183119882,0.407265774,10.269714994964989,0.0,0.15098731882753916,5.933459840998916,-0.06894444444444445,0.0872440467645206,0.36837076415072245,0.3014308798388797
obi_l1,10,oof_scored_purged,7,213505,0.5276566090845133,0.407266682,0.650026678,20.388136109224607,0.0,0.2990432816510451,15.970307930112465,1.6888888888888889,0.2342678912750371,0.4319711482166694,0.2814032458256247
obi_l1,10,oof_scored_purged,8,213505,0.7575744755130045,0.65002767,0.853226295,30.7019929275661,0.0,0.45028440329126707,26.31736569591849,5.722777777777778,0.38616120697868783,0.4882555443666425,0.2575302686119763
obi_l1,10,oof_scored_purged,9,213504,0.9275302732311151,0.853226487,0.999970128,44.773470286270985,24.0,0.6584157814436903,39.64766243678068,21.677777777777777,0.5833185242841316,0.5962604916067147,0.2510023231414868
obi_l1,10,full_corpus,0,256958,-0.9302736315405942,-0.999994154,-0.856512599,-31.475949376940978,-17.0,-0.46453694910345583,-34.59419734549215,-18.01,-0.509334961000371,0.2370076043555756,0.5815347255193456
obi_l1,10,full_corpus,1,256958,-0.7633831418069063,-0.856512015,-0.658908021,-21.301897586375983,0.0,-0.3158847981857394,-24.167920932059634,-5.621444444444444,-0.35732577125002757,0.2317188022945384,0.48737147705072426
obi_l1,10,full_corpus,2,256958,-0.5443739857694253,-0.65890728,-0.431477516,-11.804944776967442,0.0,-0.17522072560494767,-14.828145955351902,-1.3222222222222222,-0.21923200971175447,0.24779925123950217,0.4062181368161334
obi_l1,10,full_corpus,3,256958,-0.323973806325415,-0.431473866,-0.217913233,-4.986170891741063,0.0,-0.0747373217251131,-7.614846237576509,-0.2847222222222222,-0.11300087352772419,0.2597817542166424,0.34456992971614037
obi_l1,10,full_corpus,4,256958,-0.11376741456451288,-0.217913233,-0.0129829378,-0.3396119210143292,0.0,-0.0049068327904808395,-3.3527066337004428,-0.07855555555555556,-0.04896077721079151,0.2829723145416761,0.3079374839467929
obi_l1,10,full_corpus,5,256958,0.0854201337548611,-0.0129825169,0.186450382,3.671870500237393,0.0,0.05420040424305978,0.5011226935771194,-0.07855555555555556,0.007677209878484184,0.3039290467702893,0.2856342281618008
obi_l1,10,full_corpus,6,256958,0.2957256188956483,0.186450382,0.410776404,9.466652137703438,0.0,0.13988540678394698,5.896836384688261,0.23794444444444443,0.08746107435172223,0.3501661750169288,0.2768896084184964
obi_l1,10,full_corpus,7,256958,0.5317692791313716,0.410778005,0.653365098,18.679363942745507,0.0,0.27519402606481863,15.04392453176174,1.6667777777777777,0.22195218464094324,0.4119895080129827,0.255177888993532
obi_l1,10,full_corpus,8,256958,0.7602953015311024,0.653370014,0.855014632,28.66938760419991,0.0,0.42330411472123636,25.033235506164413,5.719444444444444,0.37016373507237343,0.4794441114890371,0.23024774476762738
obi_l1,10,full_corpus,9,256957,0.9270910113188082,0.855014707,0.999970128,42.35173200185245,22.0,0.6274097034701768,38.08284619449054,20.34422222222222,0.5648802704431839,0.5971154706818651,0.2210369828414871
obi_l1,30,oof_scored_purged,0,213185,-0.9300163279374111,-0.999994154,-0.854233748,-33.028177404601635,-31.0,-0.4855011559165974,-45.86580302206848,-34.61,-0.6709855118646734,0.3565916926613036,0.5855618359640687
obi_l1,30,oof_scored_purged,1,213185,-0.7599963828887445,-0.854233227,-0.656292409,-18.20735980486432,-17.0,-0.26998372606015264,-29.459036733618955,-22.35377192982456,-0.4333814707287268,0.35932640664211835,0.5406149588385675
obi_l1,30,oof_scored_purged,2,213185,-0.5428279168610924,-0.656291889,-0.431349529,-4.870033069868893,0.0,-0.07089413280997686,-16.31368081649372,-4.529722222222222,-0.23781257479986573,0.3790792035086896,0.4685367169359946
obi_l1,30,oof_scored_purged,3,213185,-0.32525967909495035,-0.431348568,-0.220184941,-0.9292726974224266,0.0,-0.015975982924083077,-10.969426843391085,-1.7662222222222221,-0.1624859527668195,0.3761193329737083,0.4493984098318362
obi_l1,30,oof_scored_purged,4,213184,-0.1166731036093112,-0.22018458,-0.0174482007,8.339699508405884,0.0,0.12187733437332529,-2.8958987803520944,-0.6962777777777778,-0.04259176708921818,0.4055839087361153,0.41030752776943863
obi_l1,30,oof_scored_purged,5,213185,0.0811915499310604,-0.0174480712,0.182957746,15.02280179187091,0.0,0.22120654473255214,3.016532607407369,-0.6962777777777778,0.044845089354152656,0.42309261908670875,0.3986162253441846
obi_l1,30,oof_scored_purged,6,213185,0.2922194837611511,0.182958004,0.406991225,19.49830898046298,0.0,0.28975530224796736,6.328293254054146,2.055472222222221,0.09620755897777743,0.45873302530665855,0.39311865281328423
obi_l1,30,oof_scored_purged,7,213185,0.5273932776363769,0.406991613,0.649819495,33.82690620822291,0.0,0.4984460033868366,20.315411121262564,5.516666666666667,0.3004483617991853,0.495766587705514,0.38460022984731573
obi_l1,30,oof_scored_purged,8,213185,0.7574200875641672,0.649819897,0.853164557,42.639151441236486,16.0,0.6294617661150265,29.181841167390587,15.169333333333332,0.43278274825789037,0.5348265590918686,0.3622112249923775
obi_l1,30,oof_scored_purged,9,213184,0.9275048648318682,0.85316508,0.999970128,62.50578373611528,39.0,0.9223339377662766,46.6619733420292,32.4,0.6905367361952638,0.6019025818072651,0.3434263359351546
obi_l1,30,full_corpus,0,256798,-0.9302696713492045,-0.999994154,-0.856508763,-34.55917880980382,-32.0,-0.5138664438931934,-43.8578100188237,-32.51744444444444,-0.6474343463737824,0.3322455782365906,0.6005381661850949
obi_l1,30,full_corpus,1,256798,-0.7633113116890669,-0.85650835,-0.658774935,-20.902267541024464,-19.0,-0.3136473952140395,-29.40803196969846,-21.696277777777777,-0.43665435636122873,0.33891619093606645,0.5512815520370097
obi_l1,30,full_corpus,2,256798,-0.5442591249838472,-0.658773696,-0.431382571,-8.148634335158373,0.0,-0.12221516354807917,-17.196915800201463,-5.661833333333333,-0.2539760216654926,0.36495221925404403,0.47932616297634717
obi_l1,30,full_corpus,3,256798,-0.3239278334286911,-0.431380428,-0.217898166,-2.5098501545962195,0.0,-0.040043662271287965,-10.443547333761392,-1.7662222222222221,-0.15556041141494295,0.36612434676282524,0.44879633018948745
obi_l1,30,full_corpus,4,256798,-0.11376237074893573,-0.217897199,-0.0129839095,6.007223576507605,0.0,0.08677932467473104,-3.0863995546152,-1.276888888888889,-0.046201515429939236,0.39204355174105715,0.41323530557091565
obi_l1,30,full_corpus,5,256798,0.08539793205293768,-0.0129839095,0.186421736,12.208613384839445,0.0,0.17993752183061817,2.699032586789866,-0.6962777777777778,0.040382933618649315,0.41177111971277036,0.39448905365306586
obi_l1,30,full_corpus,6,256798,0.29567708917647717,0.186423619,0.41069397,17.446290469551943,0.0,0.2602268423281311,6.792102887103298,3.0502777777777776,0.1037459433515479,0.45179479590962546,0.3816151216130967
obi_l1,30,full_corpus,7,256798,0.5316479870559584,0.410694226,0.653233715,29.730110826408307,0.0,0.439486561911908,18.867820978879415,5.549777777777778,0.28039207736424787,0.4858682700021028,0.3700418227556289
obi_l1,30,full_corpus,8,256798,0.7602172844951207,0.653233786,0.855001743,40.6808347417036,17.0,0.6049467446737,29.815247522257344,16.305222222222223,0.44610559633556646,0.5383024789912694,0.342222291450868
obi_l1,30,full_corpus,9,256797,0.9270900984342184,0.85500217,0.999970128,58.567802583363516,37.0,0.8707180620028269,45.81867912510755,32.46988888888889,0.6840098928333296,0.612370861030308,0.32035420974544093
obi_l1,60,oof_scored_purged,0,212705,-0.9300106622871678,-0.999994154,-0.854251163,-24.028311511247974,-36.0,-0.35336311341417515,-48.94161775088106,-38.64183333333333,-0.7132557954505251,0.4124538680331915,0.5624033285536306
obi_l1,60,oof_scored_purged,1,212705,-0.7600112714262851,-0.854250111,-0.656316838,-6.040462142403799,-27.0,-0.09534601935882428,-28.10079700203611,-29.71602777777778,-0.41572864765569595,0.41049810770785833,0.5478714651747726
obi_l1,60,oof_scored_purged,2,212705,-0.5429182188650995,-0.656314093,-0.431513098,11.67165087797654,0.0,0.1703970484405295,-10.88608756332442,-9.897194444444445,-0.15869197346549624,0.44061963752615124,0.49458639900331447
obi_l1,60,oof_scored_purged,3,212705,-0.3255750334674362,-0.43151241,-0.220586237,13.620135868926447,0.0,0.19683994320470816,-6.293946676231495,-7.723277777777778,-0.09383035877124261,0.4319973672457159,0.48993206553677626
obi_l1,60,oof_scored_purged,4,212704,-0.11717413530110342,-0.220581319,-0.0180295028,23.52262063712953,0.0,0.346811503254789,1.1313491949209589,-1.5435416666666666,0.019023283712010116,0.4553605009778848,0.44986930194072516
obi_l1,60,oof_scored_purged,5,212705,0.08062873332407547,-0.0180295028,0.182425781,27.526348698902236,0.0,0.40790879847782324,3.9276930690296905,-1.5435416666666666,0.06126234348006045,0.46804259420323924,0.4401683082203051
obi_l1,60,oof_scored_purged,6,212705,0.29173641382343624,0.182425979,0.406568779,33.38190216497026,0.0,0.49432693665713046,7.6910986050140115,1.3581666666666667,0.1167744985186294,0.48412120072400744,0.4415599069133307
obi_l1,60,oof_scored_purged,7,212705,0.5271268712721422,0.406569106,0.649567312,44.635593897651674,8.0,0.6590965581606151,18.17133540736107,6.038444444444444,0.27130982630919726,0.5103030018100185,0.4397216802613949
obi_l1,60,oof_scored_purged,8,212705,0.7571869951711102,0.649567723,0.85296217,51.24298911638184,26.0,0.7589006396758602,24.908973886356385,17.950277777777778,0.37404531108778016,0.5460661479513881,0.40892785783126867
obi_l1,60,oof_scored_purged,9,212704,0.9273724771039613,0.852962935,0.999970128,69.12429009327516,42.0,1.0228679947689219,38.3921846436357,28.87188888888889,0.573355158853563,0.5786162930645404,0.39945182037009175
obi_l1,60,full_corpus,0,256558,-0.9302766967819752,-0.999994154,-0.856537678,-27.674124369538273,-35.0,-0.41316319157036396,-46.21712779789155,-33.70008333333333,-0.6796250884163852,0.3946203197717475,0.5753942578286392
obi_l1,60,full_corpus,1,256558,-0.7633879964928945,-0.856537678,-0.658910717,-11.213292900630657,-28.0,-0.1752083006258817,-28.312023038781668,-27.567333333333334,-0.42262017094498344,0.3964132866642241,0.5567396066386548
obi_l1,60,full_corpus,2,256558,-0.5443829795654005,-0.658910717,-0.431538276,5.665042602452467,-1.0,0.0790892821070985,-12.498278003004097,-10.816777777777776,-0.18550009081132965,0.43140342534631543,0.5003001270667842
obi_l1,60,full_corpus,3,256558,-0.32414116128609516,-0.431537498,-0.218168513,9.22276444312787,0.0,0.13110652983150486,-6.834478509578602,-6.9680555555555586,-0.1027862195842321,0.42652733494960204,0.49245394803514214
obi_l1,60,full_corpus,4,256558,-0.11402983349654658,-0.218168448,-0.0132269268,18.848570303790957,0.0,0.2772799756288842,0.4210725414624247,-2.7435555555555555,0.007741311165288057,0.4484405085789568,0.4541351273396269
obi_l1,60,full_corpus,5,256558,0.08519200991838023,-0.0132238193,0.186248831,22.36525658915333,0.0,0.33151967909911867,3.3450334668983217,-0.8971944444444446,0.052337481163297346,0.46145510956586816,0.4417051894698275
obi_l1,60,full_corpus,6,256558,0.29547315687890063,0.186248977,0.41046222,29.457606077378216,0.0,0.43741435729313893,8.248796629955237,2.9861388888888887,0.12577853626477362,0.4849780556443377,0.43698111148356317
obi_l1,60,full_corpus,7,256558,0.5313448680681678,0.410463067,0.652914022,37.92793052643067,2.0,0.5614823711586947,16.31518096580822,6.6356666666666655,0.24488403306672,0.5046227363792982,0.43401102284863463
obi_l1,60,full_corpus,8,256558,0.759925897954096,0.652915104,0.854768482,48.65230084425354,27.0,0.7251059187339319,27.039911400598964,20.421555555555557,0.4090971020464962,0.5494663974617825,0.39934439775801184
obi_l1,60,full_corpus,9,256557,0.926984270192811,0.854768482,0.999970128,63.609398691129066,40.0,0.9474877899094589,38.492062377127255,29.663333333333334,0.5796190168077762,0.582923093113811,0.38948070019527825
obi_l1,120,oof_scored_purged,0,211747,-0.9299938119244004,-0.999994154,-0.854193131,0.5803435231667982,-19.5,0.005123281507436737,-48.78535900274041,-24.311666666666667,-0.7083123517591657,0.4609415953945038,0.5244891308967777
obi_l1,120,oof_scored_purged,1,211747,-0.7598404805065953,-0.854192456,-0.656144307,16.043792828233695,-23.0,0.2339378984489553,-27.772416468324643,-30.528444444444446,-0.4028741319916158,0.45109966138835494,0.5354125442155024
obi_l1,120,oof_scored_purged,2,211747,-0.5427700084383911,-0.656142145,-0.431383763,36.36231918279834,-4.0,0.5342507868415616,-8.4015674627928,-14.177500000000002,-0.11931581356336825,0.47229948948509304,0.5081866567176867
obi_l1,120,oof_scored_purged,3,211747,-0.3254876030305506,-0.431382571,-0.220577728,37.36946686375722,0.0,0.5468516545166882,-2.4560520535239085,-2.528444444444446,-0.0350050078431147,0.4832748515917581,0.497556045658262
obi_l1,120,oof_scored_purged,4,211747,-0.11711033863694503,-0.22057758,-0.0180538556,46.64668684798368,0.0,0.6868247376869594,1.6559555777194384,-6.43513888888889,0.027905764907665227,0.4823397734088322,0.49700349945926037
obi_l1,120,oof_scored_purged,5,211747,0.08052716369878697,-0.0180530562,0.182275051,49.23828200635664,0.0,0.7276254360705021,2.3385075291801822,-2.227277777777772,0.03850749705777665,0.48949453829334066,0.48531502217268724
obi_l1,120,oof_scored_purged,6,211747,0.2913998203952547,0.182276906,0.406028966,59.85950686432393,0.0,0.8831268340216338,9.262774602205363,-1.5456790123456585,0.13942192905854042,0.4951191752421522,0.48031849329624504
obi_l1,120,oof_scored_purged,7,211747,0.5264495109323816,0.406034321,0.648872596,72.69770055774107,18.0,1.0706579372071325,20.943333725935403,5.9353055555555585,0.3122860372096188,0.5187558737550001,0.46754381408001056
obi_l1,120,oof_scored_purged,8,211747,0.7566483818926975,0.648873072,0.852585179,73.52516446514001,28.0,1.088212811268647,21.95657811888203,16.32237654320987,0.33433945685062577,0.5344349624788073,0.45038182359136136
obi_l1,120,oof_scored_purged,9,211747,0.9271837213345927,0.85258661,0.999970128,90.71209745592617,49.0,1.3461857599424358,31.25824543345936,32.82308333333333,0.4762512513846499,0.5602393422338924,0.4309860352212782
obi_l1,120,full_corpus,0,256081,-0.9303505529881093,-0.999994154,-0.856673961,-7.442153068755589,-24.0,-0.11828411841595692,-44.62657658864801,-21.25944444444444,-0.6529299595708042,0.44706167189287765,0.5373612255497284
obi_l1,120,full_corpus,1,256080,-0.7635567198824352,-0.856671839,-0.659115546,8.626542486722899,-26.0,0.12135604600863911,-25.703129881567527,-28.939083333333336,-0.3759374379571541,0.4427405498281787,0.5421274601686973
obi_l1,120,full_corpus,2,256080,-0.5446028665268471,-0.659114391,-0.431772945,27.783717978756638,-6.0,0.4064046460168858,-8.516829163783566,-14.107305555555556,-0.12287752839860311,0.4688730084348641,0.5105396751015308
obi_l1,120,full_corpus,3,256080,-0.3243284622502109,-0.431772414,-0.218313993,29.718902296157452,-2.0,0.43308964596222244,-2.7597333411586313,-6.629555555555555,-0.04043001468188727,0.4760231177756951,0.5042369572008747
obi_l1,120,full_corpus,4,256080,-0.11422273942604458,-0.218313993,-0.0134719015,38.3154404873477,-1.0,0.5634770951349912,0.9985849663553086,-7.0590555555555525,0.017486393128810698,0.4765307716338644,0.5011480787253983
obi_l1,120,full_corpus,5,256080,0.08492618551789109,-0.0134719015,0.185956161,40.018431740081226,0.0,0.5912238872245464,1.828037765031861,-0.29191666666666727,0.030510884300072018,0.4869025304592315,0.484625898156826
obi_l1,120,full_corpus,6,256080,0.29515779957407445,0.185956712,0.410073652,50.76577436738519,0.0,0.7492772519804844,8.40908133416333,-2.528444444444446,0.1267571208494454,0.48925335832552325,0.48437207122774134
obi_l1,120,full_corpus,7,256080,0.5309712382510036,0.410078661,0.652575653,59.867467197750706,6.0,0.8825288477563491,16.805742327204925,4.736666666666666,0.25152434770903553,0.5089737582005623,0.47160262417994375
obi_l1,120,full_corpus,8,256080,0.7596830699668932,0.652577065,0.854586843,65.52072399250234,24.0,0.9729639605377918,22.827592757369203,16.3595,0.3485397658690996,0.5335559200249922,0.4489495470165573
obi_l1,120,full_corpus,9,256080,0.9268990272673188,0.854587318,0.999970128,79.7378495001562,43.0,1.1883644034204643,30.737404093139173,31.697277777777778,0.470459626131618,0.5602702280537332,0.42919400187441425
obi_l1,300,oof_scored_purged,0,209047,-0.9300145484678375,-0.999994154,-0.854223639,67.66971303104087,-21.0,0.9935959695200812,-50.432121955985096,-22.409583333333334,-0.7205483327456161,0.48314493869799613,0.5156830760546671
obi_l1,300,oof_scored_purged,1,209047,-0.7598776273358145,-0.854223639,-0.656251918,90.05161997062862,-13.0,1.3238348583196358,-16.538694250369304,-22.855555555555554,-0.23156299894420257,0.4891148880395318,0.5095935363817706
obi_l1,300,oof_scored_purged,2,209047,-0.5430669805405579,-0.65625094,-0.431596315,115.56946763168091,-5.0,1.7020852393107677,3.5705098558118933,-11.300166666666655,0.06075859302691942,0.49343927442154156,0.5044415849067435
obi_l1,300,oof_scored_purged,3,209047,-0.32540835451865846,-0.431595997,-0.220394737,101.73523178998025,-1.0,1.4996455266589435,1.7885050723380995,-2.1984444444444478,0.03567550723090402,0.4965821083297058,0.5006529632092305
obi_l1,300,oof_scored_purged,4,209047,-0.11691337179085755,-0.220392925,-0.0179953451,114.6204705161997,1.0,1.7026937202662957,0.06478820506705153,-10.42736111111111,0.01975328530932438,0.5010069505900587,0.496749534793611
obi_l1,300,oof_scored_purged,5,209047,0.08048130856066739,-0.0179940099,0.182104335,113.31028668194234,1.0,1.6850018807217113,-4.3123146249659685,-17.891055555555557,-0.04777290623177881,0.5009973833635498,0.4972613814118356
obi_l1,300,oof_scored_purged,6,209047,0.2910316732726564,0.182105739,0.405724568,130.88133768961046,17.0,1.9328266013094726,5.686035290086343,-8.62211111111111,0.08861938052258962,0.5141284017469756,0.4839198840452147
obi_l1,300,oof_scored_purged,7,209047,0.5265465639877014,0.405725653,0.649216818,140.43755232076998,23.0,2.064342842468055,14.648009662738808,-5.105555555555554,0.2164789809412753,0.5197730653872096,0.47712236961066173
obi_l1,300,oof_scored_purged,8,209047,0.7570150633615503,0.649218466,0.852865848,134.45181227188144,25.0,1.9869982927840337,12.726543288958332,-3.191805555555561,0.20303098996834948,0.5189407166809378,0.47866269307859
obi_l1,300,oof_scored_purged,9,209047,0.9273261855994107,0.852868708,0.999970128,168.74682966031563,52.0,2.494787191131503,32.79873945631974,15.263888888888914,0.4985860838363336,0.5361425899438882,0.4615469248542194
obi_l1,300,full_corpus,0,254821,-0.9303895044586002,-0.999994154,-0.85678392,50.861082877784796,-27.0,0.7371122005639067,-41.49331145001493,-22.660583333333335,-0.5944581352713516,0.4744114496058017,0.5245132857966965
obi_l1,300,full_corpus,1,254820,-0.7636748866184169,-0.856782713,-0.65922964,72.0838964759438,-22.0,1.0545409456855912,-12.95440954910329,-22.855555555555554,-0.18120909197345636,0.48184208460874345,0.5170551762028098
obi_l1,300,full_corpus,2,254820,-0.5448299621260105,-0.659229209,-0.432056886,95.75052782356173,-12.0,1.4058127524113015,4.414776966500422,-11.461694444444447,0.0702849096321567,0.48695942233733613,0.5112863982418963
obi_l1,300,full_corpus,3,254820,-0.32458608090101637,-0.432053893,-0.218464351,83.98752060277843,-13.0,1.2353655576360094,1.5343890483095617,-5.5859444444444435,0.030246548533947027,0.48514637783533476,0.5124990189153128
obi_l1,300,full_corpus,4,254820,-0.11425111726573856,-0.218464157,-0.0134719015,97.17106388823483,-5.0,1.4420719438969996,2.720732784678714,-9.800124999999987,0.057100958335697706,0.4943057844753159,0.50341809905031
obi_l1,300,full_corpus,5,254820,0.08486402652638106,-0.0134719015,0.185908215,93.5441684326191,0.0,1.3904985977665811,-1.8635878696223915,-12.173914621751123,-0.01268823400506734,0.49884232006906837,0.4988305470528216
obi_l1,300,full_corpus,6,254820,0.2950867175250373,0.185908215,0.410139185,103.0508064516129,3.0,1.5178024556284668,-0.7974272451762693,-12.639333333333354,-0.009742103175333952,0.5032061847578683,0.49494545169139
obi_l1,300,full_corpus,7,254820,0.5311017075447924,0.410139648,0.652750088,113.60793893728906,21.0,1.6681240263147903,8.539299418161407,-8.112944444444445,0.12685198546464985,0.5148340004709206,0.48224236716113333
obi_l1,300,full_corpus,8,254820,0.7599666305144103,0.652751301,0.854834811,114.0757377756848,20.0,1.6860446713294253,11.209689141835392,-2.944819819819827,0.18019426242145575,0.5133466760850797,0.4845577270229966
obi_l1,300,full_corpus,9,254820,0.9269958006563418,0.85483537,0.999970128,144.66166117259243,42.0,2.1385467987084494,28.69001158824131,10.51661111111111,0.43728460625241394,0.5315713052350679,0.4663644925829998
obi_l1,600,oof_scored_purged,0,204547,-0.9297503865070424,-0.999994154,-0.853725822,180.58359447950838,-11.0,2.649942542376184,-32.433390439639226,-39.3076111111111,-0.4542764028390958,0.4929331645049793,0.5055806245019482
obi_l1,600,oof_scored_purged,1,204547,-0.758855265111588,-0.853723849,-0.654736391,173.19561029983328,-19.0,2.551035023292643,-17.11671503555471,-61.08983333333333,-0.2371610839512565,0.48491055845355835,0.513657007924829
obi_l1,600,oof_scored_purged,2,204547,-0.5410914680599911,-0.654735817,-0.429172242,207.74154106391197,8.0,3.075549493775203,8.374025197819382,-35.30486111111111,0.14096607817568674,0.5060499542892343,0.49260072257231835
obi_l1,600,oof_scored_purged,3,204547,-0.3230655684462691,-0.429171378,-0.218469795,192.23375556718017,3.0,2.836186826026928,9.40908365050022,-38.25652777777782,0.1514292620287335,0.5018944301309723,0.49490337184119054
obi_l1,600,oof_scored_purged,4,204547,-0.1150787654891135,-0.218468819,-0.0155863434,219.75759605371871,9.0,3.261492949361389,5.320496458724306,-38.75677777777778,0.10342251394186194,0.5069739473079536,0.4908896243895046
obi_l1,600,oof_scored_purged,5,204547,0.0829692416472094,-0.0155858839,0.18458346,208.19081678049542,1.0,3.094000894991577,-7.538560881097938,-51.2967032967033,-0.09207811737893278,0.5025495362923924,0.49566114389357946
obi_l1,600,oof_scored_purged,6,204547,0.293363784736046,0.184583477,0.40777027,222.41299554625587,20.0,3.2879276413015477,-4.8711905190155615,-28.361500000000007,-0.07096684324069542,0.5089197103844104,0.4898629654798164
obi_l1,600,oof_scored_purged,7,204547,0.5284573627053537,0.407770961,0.651077375,234.88025246031475,21.0,3.469127806282473,13.875822781726889,-23.641722222222228,0.21267252591620775,0.5150503307308345,0.4841772306609239
obi_l1,600,oof_scored_purged,8,204547,0.75839883505652,0.651079527,0.853565264,219.44629107246746,34.0,3.252028336546773,5.679192145360061,-25.074083333333334,0.11159914814323008,0.5173578688516576,0.4799581514273003
obi_l1,600,oof_scored_purged,9,204547,0.9276439270339187,0.853565444,0.999970128,251.41921905478935,24.0,3.7219693359105563,19.30123664117645,-30.468555555555554,0.3016819912221686,0.513515231218253,0.4843092296635981
obi_l1,600,full_corpus,0,252721,-0.9304392270779239,-0.999994154,-0.85694833,153.2669702953059,-25.0,2.2405972126919167,-22.70073968231519,-15.531166666666664,-0.30786168003491726,0.48241341241922914,0.5163203691026864
obi_l1,600,full_corpus,1,252720,-0.7637671980101338,-0.856947697,-0.659148474,152.40174105729662,-25.0,2.235403539875155,-13.052694003327888,-39.730008134439856,-0.180242501567571,0.478877809433365,0.5199944602722381
obi_l1,600,full_corpus,2,252720,-0.5446323854231878,-0.659148339,-0.431950076,185.63541270971825,-5.0,2.7392650125565554,6.0374348592597356,-34.282388888888875,0.09961949511529428,0.49489949351060464,0.5039094650205761
obi_l1,600,full_corpus,3,252720,-0.32465140809356596,-0.431950076,-0.218745525,170.4491532130421,-1.0,2.5109620130632724,9.720598575495496,-26.31155555555557,0.15387514172790756,0.4948203545425768,0.5025087052864831
obi_l1,600,full_corpus,4,252720,-0.11461934139401987,-0.218745525,-0.0137844067,195.8860260367205,0.0,2.9017144248741773,8.272192655265483,-27.069027777777762,0.14210320133496443,0.4990978157644824,0.49914529914529915
obi_l1,600,full_corpus,5,252720,0.08454673063443023,-0.0137844067,0.185640157,184.23527619499842,0.0,2.7329768368662037,-3.898255863427178,-34.282388888888875,-0.042221287185083986,0.49898306426084205,0.49948559670781895
obi_l1,600,full_corpus,6,252720,0.2946819535332542,0.185640157,0.409504767,192.8860853909465,1.0,2.844050194575514,-6.241571504658925,-33.388222222222225,-0.09393756627486159,0.5002334599556821,0.4986348528015195
obi_l1,600,full_corpus,7,252720,0.530677655608551,0.409505604,0.652527789,202.5389660493827,3.0,2.9859110662670005,4.2075648491326625,-25.945777777777778,0.06712496567296779,0.5034029756251979,0.4959559987337765
obi_l1,600,full_corpus,8,252720,0.7599037393342118,0.652528407,0.854827969,193.38760090218423,24.0,2.865946092213485,1.7203230568216488,-20.002916666666664,0.05238375648503286,0.5150007913896802,0.48281497309275084
obi_l1,600,full_corpus,9,252720,0.9269142895554606,0.854830515,0.999970128,220.24724398543842,23.0,3.2587802957488288,15.93523688340967,-24.30486111111111,0.251760189605107,0.512630579297246,0.4856046217157328
obi_l5,1,oof_scored_purged,0,213649,-0.9253025730363681,-0.999983024,-0.84926866,-19.16658865709645,0.0,-0.2770463878815355,-19.560443299691215,-0.7988888888888889,-0.28274881610069297,0.06240609597985481,0.3990797991097548
obi_l5,1,oof_scored_purged,1,213649,-0.7549993846603822,-0.849265663,-0.653117474,-9.694662741225093,0.0,-0.14008546105554012,-10.066517902447094,-0.18666666666666668,-0.14548934878864278,0.06311286268599432,0.23947221845175967
obi_l5,1,oof_scored_purged,2,213649,-0.5409765682200152,-0.653117125,-0.430100993,-5.46959030933915,0.0,-0.07902613650269195,-5.839217078609827,-0.08499137435307648,-0.08441796162175665,0.06924909547903337,0.173331024250055
obi_l5,1,oof_scored_purged,3,213649,-0.3241470445758745,-0.430100885,-0.218373569,-2.8544107391094737,0.0,-0.04128791419652835,-3.187624723224122,-0.049444444444444444,-0.046149379362449436,0.07487982625708522,0.1290855562160366
obi_l5,1,oof_scored_purged,4,213648,-0.1148896979051566,-0.218372017,-0.0151150055,-0.5831133453156594,0.0,-0.008429207584507997,-0.9590144036767956,-0.07833333333333334,-0.01393374262538078,0.08784542799370929,0.10502321575675878
obi_l5,1,oof_scored_purged,5,213649,0.08474948224674983,-0.0151139183,0.187094628,1.135661762985083,0.0,0.016505184047579956,0.7372546111348963,-0.07833333333333334,0.010657604530540887,0.10440488839170789,0.0948611975717181
obi_l5,1,oof_scored_purged,6,213649,0.29684183763545813,0.187096774,0.411302847,3.089806177421846,0.0,0.04480398001781533,2.6535108186305343,-0.06833333333333333,0.038391102959843916,0.13239004161030477,0.08615532953582745
obi_l5,1,oof_scored_purged,7,213649,0.5289908343924989,0.411303569,0.647933768,6.300020126469115,0.0,0.09123800735066345,5.86001490648631,-0.03166666666666667,0.08478597143630061,0.1739863046398532,0.07477685362440264
obi_l5,1,oof_scored_purged,8,213649,0.7534763415392443,0.647934386,0.849071587,10.946023618177477,0.0,0.1583106308219532,10.502311186018936,0.0415,0.15182322870834072,0.236031996405319,0.06103000716127854
obi_l5,1,oof_scored_purged,9,213648,0.9236207734603226,0.849076143,0.999862482,20.35957509548416,0.0,0.2948295912057611,19.85981435197522,0.5327777777777778,0.2875045690580295,0.38727252302853293,0.055202950647794506
obi_l5,1,full_corpus,0,257030,-0.9260901652182936,-0.999983024,-0.851813389,-16.879910905341788,0.0,-0.24518542879610716,-17.17697005644997,-0.4011111111111111,-0.24945604840907273,0.05291600202311014,0.36373575069058084
obi_l5,1,full_corpus,1,257030,-0.7587714573651013,-0.851812508,-0.655828607,-8.647323269657239,0.0,-0.12549690683136386,-8.941603585929034,-0.08527777777777777,-0.12975259373873135,0.053970353655215346,0.21761662062794226
obi_l5,1,full_corpus,2,257030,-0.5421801635819399,-0.655827252,-0.429841768,-4.918309146792203,0.0,-0.07133695532677668,-5.220887192278471,-0.03333333333333333,-0.0757369649262651,0.05983737306929152,0.15680659845154263
obi_l5,1,full_corpus,3,257030,-0.32249757574139987,-0.429840334,-0.21555652,-2.5203089133564176,0.0,-0.03661068491913809,-2.7916396301545205,-0.013555555555555555,-0.040556751072277575,0.06578998560479321,0.11497879624946504
obi_l5,1,full_corpus,4,257030,-0.11222641103717115,-0.215555404,-0.0116626895,-0.5646150254834066,0.0,-0.008229225451590903,-0.872840266073838,-0.018333333333333333,-0.012734955111329526,0.0766525308329767,0.09315255028595884
obi_l5,1,full_corpus,5,257030,0.08800520695731648,-0.0116625983,0.189755807,1.0185367466832664,0.0,0.014841696749371037,0.69352474077402,-0.03166666666666667,0.010078274478383862,0.09077150527175816,0.0817569933470801
obi_l5,1,full_corpus,6,257030,0.2998603152287826,0.189758338,0.414894881,2.662381823133486,0.0,0.038645919893599404,2.3016747072884574,-0.03166666666666667,0.033349959649534355,0.11679959537797144,0.07492510601875267
obi_l5,1,full_corpus,7,257030,0.5329751951800102,0.414897381,0.651824967,5.539695755359297,0.0,0.08045920990059184,5.175706998299466,-0.007222222222222222,0.07512929252258066,0.15381862039450647,0.06373575069058086
obi_l5,1,full_corpus,8,257030,0.7570008935256661,0.651825329,0.851590106,9.732632377543478,0.0,0.14136969607455174,9.363741758771772,0.05444444444444444,0.13598405206992584,0.21398280356378632,0.051616542816013695
obi_l5,1,full_corpus,9,257029,0.9236431857874247,0.851590391,0.999862482,17.885664652626748,0.0,0.2601555293429737,17.469360491983657,0.3,0.25405621706848,0.353485404370713,0.04650058942765213
obi_l5,2,oof_scored_purged,0,213633,-0.9253009493985245,-0.999983024,-0.849260247,-24.603123113002205,0.0,-0.3567347956510006,-25.393486584146043,-2.450161487916249,-0.3681771973935748,0.10878937242841696,0.47678963456020373
obi_l5,2,oof_scored_purged,1,213633,-0.7549886325075481,-0.84926014,-0.653108212,-13.549479715212538,0.0,-0.19660459002955022,-14.295478270939467,-0.46111111111111114,-0.207445061825108,0.10927150767905708,0.32450510922937936
obi_l5,2,oof_scored_purged,2,213633,-0.5409652025439234,-0.653105999,-0.430091894,-7.732206634742759,0.0,-0.11222012342661253,-8.473594070104681,-0.15666666666666668,-0.12303467692627174,0.11801547513726812,0.2474149592993592
obi_l5,2,oof_scored_purged,3,213633,-0.3241396924780862,-0.43008867,-0.218369888,-4.122672995276947,0.0,-0.05984873741726649,-4.79018825731326,-0.12891666666666668,-0.06958764486134592,0.12238745886637364,0.1948622169795865
obi_l5,2,oof_scored_purged,4,213632,-0.11489267524564767,-0.21836772,-0.0151288446,-0.6200990488316357,0.0,-0.008928487614490352,-1.3723826927522973,-0.12891666666666668,-0.019944704141766332,0.1431807968843619,0.16433867585380468
obi_l5,2,oof_scored_purged,5,213633,0.08473920524575751,-0.0151282354,0.18708519,1.8404342961995572,0.0,0.026843149543395797,1.0430190738130802,-0.12891666666666668,0.015139052589853891,0.16459535745881956,0.15051045484545927
obi_l5,2,oof_scored_purged,6,213633,0.2968269251059621,0.18708703,0.411275529,4.445497652516231,0.0,0.06484700894958285,3.572298090287874,-0.06333333333333334,0.052012300087077766,0.2005120931691265,0.14033880533438187
obi_l5,2,oof_scored_purged,7,213633,0.528969973278604,0.4112758,0.647923323,9.412295853168752,0.0,0.13685330285479408,8.530589836165502,0.010944444444444444,0.12392453572701179,0.25357505628812027,0.12538325071501125
obi_l5,2,oof_scored_purged,8,213633,0.7534714371011361,0.647923622,0.849065125,15.891573399240754,0.0,0.2307006552961221,15.002908418204875,0.21555555555555556,0.21770788142323044,0.32050759948135354,0.10557825804065851
obi_l5,2,oof_scored_purged,9,213632,0.9236192554022665,0.84906639,0.999862482,27.1773048981426,0.0,0.39496788364996666,26.176430562666326,1.8766666666666667,0.38029802370988036,0.4732343469143199,0.09751816207309766
obi_l5,2,full_corpus,0,257022,-0.9260901447169737,-0.999983024,-0.851813389,-22.01535082599933,0.0,-0.32106716115085365,-22.60986974828492,-1.5099999999999998,-0.3296136842248807,0.09293756954657578,0.4449619098754192
obi_l5,2,full_corpus,1,257022,-0.7587629049702204,-0.851812508,-0.655820249,-12.380527736925243,0.0,-0.18066560151786362,-12.969556074900265,-0.30444444444444446,-0.18918336965083202,0.09361455439612174,0.3018574285469726
obi_l5,2,full_corpus,2,257022,-0.5421731093269059,-0.655820249,-0.429832304,-7.095299235084934,0.0,-0.10353385582155089,-7.701105753290542,-0.06666666666666667,-0.11234345413737648,0.10311957731244796,0.2282722879753484
obi_l5,2,full_corpus,3,257022,-0.32249692761213433,-0.429832207,-0.21555652,-3.708563858346756,0.0,-0.05414320967181601,-4.2512486116908885,-0.020777777777777777,-0.06203621058694177,0.10873388270264803,0.17652185416034424
obi_l5,2,full_corpus,4,257022,-0.11222335005099214,-0.215555404,-0.0116626895,-0.6777882827150983,0.0,-0.009874346716603418,-1.293947124857,-0.020777777777777777,-0.018881987723203295,0.12661951117025003,0.14770720016185385
obi_l5,2,full_corpus,5,257022,0.08800207485469747,-0.0116625983,0.189748797,1.6307008738551563,0.0,0.023820274165655735,0.9808654694203144,-0.020777777777777777,0.014295640361152447,0.1449642443059349,0.1318797612655726
obi_l5,2,full_corpus,6,257022,0.29985754753587246,0.189749182,0.414887342,3.973622880531628,0.0,0.05808262958916548,3.2528541596328724,-0.02,0.04750006375140737,0.17961108387608843,0.12305172319879232
obi_l5,2,full_corpus,7,257022,0.5329692134694969,0.414887342,0.651831049,8.317587599505101,0.0,0.12135360856325389,7.589204168183209,0.0811111111111111,0.11068756955413832,0.22782096474231778,0.10825921516446063
obi_l5,2,full_corpus,8,257022,0.7570025978512229,0.651831774,0.851588336,14.358418734583031,0.0,0.20954091038139966,13.620843285068359,0.28555555555555556,0.19877269361937264,0.29668666495475093,0.09003509427208566
obi_l5,2,full_corpus,9,257021,0.9236440377776564,0.851589837,0.999862482,24.214227631205233,0.0,0.35375525869443797,23.382051203675275,1.198888888888889,0.3415627237700471,0.4420728267340023,0.08256134712727754
obi_l5,5,oof_scored_purged,0,213585,-0.9252905082541611,-0.999983024,-0.849253731,-30.74232272865604,-11.0,-0.44784493168903916,-32.727416598862305,-12.342881844380404,-0.4765837540265053,0.19359037385584194,0.551452583280661
obi_l5,5,oof_scored_purged,1,213585,-0.7549621337266662,-0.849252762,-0.653076923,-19.490624341597023,0.0,-0.2846187705220608,-21.358375894711394,-2.3083333333333336,-0.3117618444912486,0.1907530959571131,0.4328955685090245
obi_l5,5,oof_scored_purged,2,213585,-0.5409648391772643,-0.653071095,-0.430104568,-10.72993187723857,0.0,-0.15684700616859001,-12.581730372644229,-0.5458333333333333,-0.18386120079967053,0.19906360465388487,0.34747290305967177
obi_l5,5,oof_scored_purged,3,213585,-0.324161498443224,-0.430104357,-0.218410042,-4.627537046140881,0.0,-0.06787662755138676,-6.295172284366647,-0.2921111111111111,-0.09221155639353801,0.20896598543905237,0.2892993421822694
obi_l5,5,oof_scored_purged,4,213584,-0.11493500522527718,-0.218409844,-0.0151649521,0.02435809798486778,0.0,0.00034878319069959926,-1.8543390998735991,-0.15833333333333333,-0.02716876535122286,0.23240504906734588,0.2541482508053038
obi_l5,5,oof_scored_purged,5,213585,0.08471331730800782,-0.0151649521,0.187057247,2.5262658894585295,0.0,0.03727221175609354,0.5369120119928237,-0.09305555555555556,0.00806796139405247,0.2591801858744762,0.23855139639955988
obi_l5,5,oof_scored_purged,6,213585,0.29678384999904955,0.187058901,0.411227204,7.444860360044011,0.0,0.10894253110188104,5.265246564111184,-0.04722222222222222,0.07690071208361113,0.3049418264391226,0.23069972142238454
obi_l5,5,oof_scored_purged,7,213585,0.5289304269175082,0.411231067,0.647898012,14.717494206053797,0.0,0.21535842583122464,12.5138301931019,0.5388888888888889,0.18304170432715022,0.36344312568766535,0.21054381159725635
obi_l5,5,oof_scored_purged,8,213585,0.7534668120943278,0.647898493,0.849054184,23.785387550623874,0.0,0.347737176074928,21.561706886018186,1.4255907780979826,0.31522173984876944,0.42913125921764167,0.185425006437718
obi_l5,5,oof_scored_purged,9,213584,0.9236059417497798,0.849055008,0.999862482,37.44617106150273,14.0,0.5474558733498781,34.939493499157095,12.240333333333334,0.5107140253656128,0.55975166679152,0.17810322870627013
obi_l5,5,full_corpus,0,256998,-0.9260954130877477,-0.999983024,-0.851821768,-28.46803087961774,-8.0,-0.41793010350744586,-29.956248233782578,-9.270388888888888,-0.43932302051506344,0.1682542276593592,0.5367746052498463
obi_l5,5,full_corpus,1,256998,-0.7587710559459528,-0.851821768,-0.655833109,-18.460838216639818,0.0,-0.2715648023681315,-19.932374072542135,-1.6602222222222223,-0.292844446813741,0.16543708511350283,0.41875423155044006
obi_l5,5,full_corpus,2,256998,-0.5421994254178398,-0.655832069,-0.429870786,-10.442958700067704,0.0,-0.15382978312402543,-11.953565401222349,-0.5167222222222222,-0.17579717732608388,0.1777056630790901,0.33335278873765556
obi_l5,5,full_corpus,3,256998,-0.32252839429684277,-0.429870786,-0.215573832,-4.450974326648456,0.0,-0.06585282068793968,-5.805435287910894,-0.09305555555555556,-0.08555551823980391,0.19021548805827282,0.27164413730846154
obi_l5,5,full_corpus,4,256998,-0.11224437387201885,-0.215573832,-0.0116824981,-0.22050560704752567,0.0,-0.0033305662493793007,-1.7577649972248421,-0.04722222222222222,-0.02580803966211646,0.21222344142755975,0.2355349068864349
obi_l5,5,full_corpus,5,256998,0.08798078686352287,-0.0116818098,0.18971234,2.266996241215885,0.0,0.03342513343428398,0.6458964862711278,-0.042444444444444444,0.009660953756340164,0.23487342313947968,0.2164919571358532
obi_l5,5,full_corpus,6,256998,0.2998395071734099,0.18971234,0.414870596,6.639948559910972,0.0,0.09756380644236357,4.840592994715476,0.059722222222222225,0.0711430916799423,0.2820527786208453,0.20722729359761555
obi_l5,5,full_corpus,7,256998,0.5329546537227683,0.414872003,0.65183441,13.510733546564564,0.0,0.19854709571269033,11.691825502969904,0.6728888888888889,0.17190962353874487,0.33773803687188225,0.18523101347092194
obi_l5,5,full_corpus,8,256998,0.757013383147573,0.651834455,0.851595007,21.94405014825018,0.0,0.3227970901474959,20.10106986426023,1.5558888888888889,0.29588737369277074,0.41099930738760615,0.16134755912497373
obi_l5,5,full_corpus,9,256997,0.9236481336849924,0.85159535,0.999862482,34.20626310812967,9.0,0.5032185784396587,32.12612814982855,8.533333333333333,0.47273904303183206,0.5419246139059989,0.1537333120620085
obi_l5,10,oof_scored_purged,0,213505,-0.9252935033138333,-0.999983024,-0.84923592,-32.32693145359593,-18.0,-0.47245314514627895,-36.28533331062759,-20.196444444444445,-0.5297421766520619,0.2649820847286949,0.5765298236575256
obi_l5,10,oof_scored_purged,1,213505,-0.7549352409078007,-0.84923495,-0.653045749,-22.010896700311466,0.0,-0.32302184801328576,-25.72100529288517,-6.5152222222222225,-0.3769301819620144,0.26185335238050633,0.4896419287604506
obi_l5,10,oof_scored_purged,2,213505,-0.5409382017969181,-0.653044872,-0.430101174,-10.892817498419241,0.0,-0.16026763914459632,-14.580408101053091,-1.1921111111111111,-0.21405649464320398,0.26908034940633707,0.41069295801035105
obi_l5,10,oof_scored_purged,3,213505,-0.32417974627863516,-0.43010113,-0.218452029,-4.577262827568441,0.0,-0.06765538278618431,-7.90497632732904,-0.32,-0.11621758014930482,0.2787522540455727,0.3553921453830121
obi_l5,10,oof_scored_purged,4,213504,-0.11499149719808294,-0.218451495,-0.0152179206,0.0092785146882494,0.0,0.0006241354807768652,-3.738678393788701,-0.2847222222222222,-0.054276708161280635,0.2987485011990408,0.32265437649880097
obi_l5,10,oof_scored_purged,5,213505,0.08466215739566281,-0.0152177188,0.187023411,4.628301444931032,0.0,0.06779029632287037,0.6676083041658805,-0.206,0.009641640725251139,0.32971124798014095,0.30513102737640807
obi_l5,10,oof_scored_purged,6,213505,0.2967410746492963,0.187026159,0.411170929,10.546471979578932,0.0,0.15503493795510612,6.201221592996134,0.024944444444444436,0.09115793384012047,0.3714105056087679,0.3014870846116016
obi_l5,10,oof_scored_purged,7,213505,0.5288281917282218,0.411171607,0.647707231,19.488887848059765,0.0,0.2862684395200678,15.094021724095404,1.6444444444444444,0.22182199552089196,0.4276012271375378,0.28273810917777104
obi_l5,10,oof_scored_purged,8,213505,0.7533942475508302,0.647707559,0.849027685,30.766380178450152,0.0,0.45187657109664775,26.321213159932185,5.722777777777778,0.3868796079431612,0.48881290836280183,0.25627502868785274
obi_l5,10,oof_scored_purged,9,213504,0.9235890086785213,0.849027685,0.999862482,44.94462633018585,24.0,0.6600039880415562,39.946506232221864,21.677777777777777,0.5867505893059491,0.5936844274580336,0.2504496402877698
obi_l5,10,full_corpus,0,256958,-0.9261034178961776,-0.999983024,-0.851843431,-31.265582313062836,-17.0,-0.46137837585485686,-34.232515690378854,-17.756444444444444,-0.504025458228989,0.23680134496688174,0.5780166408518124
obi_l5,10,full_corpus,1,256958,-0.7587810223973256,-0.851842871,-0.655854093,-21.986795507437012,0.0,-0.3258013478792235,-24.91021928638891,-5.851444444444443,-0.3680815563239357,0.23227142178877483,0.48839888230761447
obi_l5,10,full_corpus,2,256958,-0.5422224027755547,-0.655853315,-0.429902511,-11.42622335167615,0.0,-0.16991107657078874,-14.435397874407233,-1.1921111111111111,-0.21367978832713544,0.24728165692447793,0.4071132247293332
obi_l5,10,full_corpus,3,256958,-0.3225684927898411,-0.429902055,-0.215598544,-4.802576685684042,0.0,-0.07181424556421645,-7.503297017088315,-0.2847222222222222,-0.11111218944429131,0.26198055713385066,0.3453716171514411
obi_l5,10,full_corpus,4,256958,-0.11227639768292755,-0.215598203,-0.0117142214,-0.2941862094194382,0.0,-0.004111096409120235,-3.363888404930103,-0.09444444444444444,-0.049010416814805176,0.2809252874010539,0.307431564691506
obi_l5,10,full_corpus,5,256958,0.08794216764530723,-0.0117137356,0.189692642,4.021248608722048,0.0,0.05893624015260427,0.7913275949425308,-0.06894444444444445,0.011574088545683038,0.30776624973731115,0.28650985764210496
obi_l5,10,full_corpus,6,256958,0.29984273909106157,0.189695098,0.414870596,9.30168743530071,0.0,0.1372645763406923,5.714347544689146,0.23794444444444443,0.08458053670639323,0.3517773332606885,0.2789755524249099
obi_l5,10,full_corpus,7,256958,0.5329412028491816,0.414872003,0.651798458,18.302744028206945,0.0,0.27022951720585425,14.675629312464794,1.6667777777777777,0.21710154394821796,0.4096194708862927,0.2546252694992956
obi_l5,10,full_corpus,8,256958,0.7569951473398844,0.651799842,0.851591338,28.71288693093813,0.0,0.42445432621946966,25.039750323847457,5.719444444444444,0.37080911292301594,0.48158453910755844,0.22980020081102748
obi_l5,10,full_corpus,9,256957,0.9236476349360866,0.851592067,0.999862482,42.36722875811906,22.0,0.6268385080101735,38.22441225468167,19.913888888888888,0.5661242135429215,0.5919161571780492,0.22037539354833688
obi_l5,30,oof_scored_purged,0,213185,-0.9252782878724629,-0.999983024,-0.849166062,-33.480470014306825,-32.0,-0.4922467588177598,-45.78433631554887,-34.69627777777778,-0.6701233779635332,0.354035227619204,0.5872974177357694
obi_l5,30,oof_scored_purged,1,213185,-0.7548512486875859,-0.849166062,-0.652937685,-19.16972113422614,-17.0,-0.2830624604463647,-30.568661075075354,-22.531888888888886,-0.4485841756478222,0.36141379552970426,0.5390810798133077
obi_l5,30,oof_scored_purged,2,213185,-0.5408697734785702,-0.652937296,-0.430085772,-5.047590121256186,0.0,-0.07402920377524913,-16.458250772046036,-4.529722222222222,-0.24037482163739765,0.37584257804254523,0.4699158008302648
obi_l5,30,oof_scored_purged,3,213185,-0.3242172774053475,-0.430084746,-0.218546773,0.03286816614677393,0.0,-0.0010205139873450183,-10.266633922524134,-1.2803888888888888,-0.15127050975907796,0.3819499495743134,0.44478270047142154
obi_l5,30,oof_scored_purged,4,213184,-0.11507164073285236,-0.218545546,-0.0152342627,8.370782985589912,0.0,0.12269089633795072,-3.1691450137830914,-1.6758333333333333,-0.0462848016597516,0.40211272891023714,0.4158098168718103
obi_l5,30,oof_scored_purged,5,213185,0.08456953692981002,-0.0152339499,0.186857677,15.690794380467668,0.0,0.23027667652177833,3.5982289197012713,-0.61,0.05279814526443554,0.424438867650163,0.39663203321059176
obi_l5,30,oof_scored_purged,6,213185,0.2965240953660811,0.186860418,0.410911368,20.399939020099914,0.0,0.30227458663313994,7.202914295690133,3.143361111111112,0.10832473009286747,0.46288434927410466,0.3933766446982668
obi_l5,30,oof_scored_purged,7,213185,0.5285915445440533,0.410914308,0.647484637,30.191085207683468,0.0,0.446424875143891,16.747321864497046,4.939333333333333,0.2493884442441857,0.4909163402678425,0.38726458240495343
obi_l5,30,oof_scored_purged,8,213185,0.753247332107972,0.647486185,0.848946424,44.375366465745714,19.0,0.654802473911736,30.7041868402319,15.65,0.45505523181837554,0.5369514740718155,0.3602457959049652
obi_l5,30,oof_scored_purged,9,213184,0.923570292015184,0.848948155,0.999862482,63.43475823701591,38.0,0.9346153808149431,47.99458544430935,32.123805555555556,0.7086344201514596,0.600476583608526,0.34198626538577004
obi_l5,30,full_corpus,0,256798,-0.9260996484653073,-0.999983024,-0.851835884,-34.82744803308437,-32.0,-0.517769814234634,-43.656917189241696,-32.52038888888889,-0.6446648857540411,0.3322572605705652,0.6006822483041145
obi_l5,30,full_corpus,1,256798,-0.7587112629027407,-0.851832183,-0.655723503,-21.819568298818528,-20.0,-0.3263252148094285,-30.50241803881381,-22.302777777777777,-0.45191542239083216,0.3391147906136341,0.5513321754842327
obi_l5,30,full_corpus,2,256798,-0.542104731538287,-0.655722982,-0.42982579,-8.498370314410549,0.0,-0.12789523427433688,-17.517702755236062,-5.861111111111111,-0.2591104129775999,0.36158381295804487,0.48165873565993506
obi_l5,30,full_corpus,3,256798,-0.3225194594289636,-0.429825524,-0.21559156,-2.169298436903714,0.0,-0.03481259022448893,-10.313721536208881,-1.7662222222222221,-0.15335402692665642,0.37109323281333967,0.44815769593221133
obi_l5,30,full_corpus,4,256798,-0.1122837606368196,-0.215590743,-0.0117267348,5.604005872319878,0.0,0.0810401144228156,-3.65234597142471,-1.6758333333333333,-0.054379318001891226,0.38863620433180945,0.4172345579015413
obi_l5,30,full_corpus,5,256798,0.08791725834090137,-0.0117261073,0.189679026,13.740574303538189,0.0,0.2023104298967041,4.0592058700879265,-0.61,0.06031700795602955,0.41393624560938946,0.3897382378367433
obi_l5,30,full_corpus,6,256798,0.29980045522362714,0.189679415,0.414793468,17.816488056760566,0.0,0.2648927842008715,7.10751958400216,3.2537777777777777,0.10760283275614788,0.45487503796758544,0.38288460190499923
obi_l5,30,full_corpus,7,256798,0.5328256016315003,0.414793685,0.651654086,27.547932616297636,0.0,0.40908390614123463,16.713479019026042,5.516666666666667,0.2503615287299004,0.48285033372534053,0.36956284706267184
obi_l5,30,full_corpus,8,256798,0.7569185747992119,0.651655088,0.851572327,41.91455540931004,19.0,0.62286248661196,30.90958825974601,16.452166666666667,0.46210388347521836,0.5402612169876713,0.3412448695083295
obi_l5,30,full_corpus,9,256797,0.9236400249438311,0.851574715,0.999862482,59.21207607565509,36.0,0.878935556764457,46.85349521078931,31.862,0.6978486592813768,0.6097812669151119,0.3194040428821209
obi_l5,60,oof_scored_purged,0,212705,-0.9252662117328225,-0.999983024,-0.849166062,-24.76619966620437,-36.0,-0.36399678626765053,-48.57134549901041,-39.369277777777775,-0.7080786841565998,0.40992454338167883,0.5643496861850921
obi_l5,60,oof_scored_purged,1,212705,-0.7548559705111821,-0.84916573,-0.652956453,-8.487365130109776,-26.0,-0.1298060599261323,-30.839030806300332,-29.49561111111111,-0.4543812829384647,0.41124092052373007,0.5478808678686443
obi_l5,60,oof_scored_purged,2,212705,-0.540955824720298,-0.652954277,-0.430273189,12.283124515173597,0.0,0.1772966375691402,-10.210937785319029,-10.240722222222217,-0.15067179246377144,0.4383629909969206,0.4958040478597118
obi_l5,60,oof_scored_purged,3,212705,-0.32453094736729265,-0.430267744,-0.219014143,14.05002703274488,0.0,0.20452733208733206,-6.3400891583268395,-6.56,-0.09298031410959455,0.434963917162267,0.48575726945769965
obi_l5,60,oof_scored_purged,4,212704,-0.11551096860613717,-0.219013372,-0.015682749,22.65597261922672,0.0,0.33433759092962667,-0.29252461205475555,-3.370694444444446,-0.0017661392913848012,0.4538795697307056,0.4555062434180833
obi_l5,60,oof_scored_purged,5,212705,0.08408388488541027,-0.0156805352,0.186382045,28.17245245762911,0.0,0.41683030286630196,4.396877505560959,-0.8504166666666668,0.06790017138984251,0.469241437671893,0.4379163630380104
obi_l5,60,oof_scored_purged,6,212705,0.2960967153528784,0.186382045,0.410619281,35.45479184786441,0.0,0.5238312450841281,9.650265376087631,2.4475,0.14459216210408923,0.48519780917232785,0.4411743964645871
obi_l5,60,oof_scored_purged,7,212705,0.5283533542484897,0.410619469,0.647265282,40.46972332573282,7.0,0.5999179723026894,14.148202614798345,6.038444444444444,0.2141442951914945,0.5111492442584801,0.43814202769093347
obi_l5,60,oof_scored_purged,8,212705,0.7530182121829434,0.647266173,0.848721335,54.04522695752333,27.0,0.7990790688203048,27.236327106202296,18.350277777777777,0.4074448111560746,0.5470064173385675,0.40792176958698667
obi_l5,60,oof_scored_purged,9,212704,0.923434140511603,0.848721659,0.999862482,70.77900744696856,42.0,1.0464230384978808,40.82244580358296,29.773472222222225,0.6080604851600844,0.5771118549721679,0.4000394914999248
obi_l5,60,full_corpus,0,256558,-0.9261053830124065,-0.999983024,-0.851878535,-28.123311298030075,-35.0,-0.41926818117863146,-45.68329978064121,-34.359611111111114,-0.6717234916452526,0.3949633221337865,0.5751837791064789
obi_l5,60,full_corpus,1,256558,-0.7587812749789639,-0.851878535,-0.655857741,-13.273024033551867,-28.0,-0.2043851717190283,-30.737660199299015,-27.45377777777778,-0.45713813589290747,0.39540766610279154,0.5584974937441046
obi_l5,60,full_corpus,2,256558,-0.5422251449966792,-0.65585767,-0.429967048,5.678437234465501,-1.0,0.0771710023915466,-12.426205537881348,-11.348777777777778,-0.18629728250664532,0.42834758612087714,0.5030285549466398
obi_l5,60,full_corpus,3,256558,-0.3227283562680096,-0.429967048,-0.215813614,9.153869690284457,0.0,0.13074088704331752,-7.270945145831971,-6.9680555555555586,-0.10841324640245403,0.4293571044364237,0.4891252660217183
obi_l5,60,full_corpus,4,256558,-0.1124590200243754,-0.215813614,-0.011832296,17.34489472166138,0.0,0.2550460687945191,-1.3544476032960933,-3.5245769540692997,-0.0186180696720203,0.44575885374847013,0.4606092969231129
obi_l5,60,full_corpus,5,256558,0.0877867536694279,-0.011831789,0.18953286,24.71557503566445,0.0,0.3667361033502414,5.317471258669163,1.3581666666666667,0.08217226921937346,0.4666196337670234,0.43516475806640215
obi_l5,60,full_corpus,6,256558,0.2996198138577631,0.18953286,0.414584015,29.526746388730814,0.0,0.43688448540072616,8.167841522238472,2.50138888888889,0.12304870777193606,0.48125180271127777,0.4401772698571083
obi_l5,60,full_corpus,7,256558,0.5325451056684727,0.414585232,0.651323892,36.20688889062122,4.0,0.5387343133810548,14.637564905579707,7.0490555555555545,0.22267261834328286,0.5078266902610715,0.4292674560917999
obi_l5,60,full_corpus,8,256558,0.7566376632154913,0.651327003,0.851324634,50.69429329820158,27.0,0.7543425720064661,28.788874239681707,20.799277777777778,0.4343208919657129,0.5504057562032757,0.39837775473772014
obi_l5,60,full_corpus,9,256557,0.9235331262512891,0.851324634,0.999862482,64.9370880545064,40.0,0.9661124046895418,40.560964437446614,29.17711111111111,0.6089017637133425,0.580911844151592,0.39111386553475447
obi_l5,120,oof_scored_purged,0,211747,-0.9252388233837221,-0.999983024,-0.849084746,0.7942757158306847,-20.0,0.007180407621238605,-46.20964487171724,-24.311666666666667,-0.6725244549933015,0.4591139425824215,0.5257831279782004
obi_l5,120,oof_scored_purged,1,211747,-0.7546588462409857,-0.849084645,-0.652759085,13.399455482250044,-24.0,0.196848240967192,-31.01763347170546,-31.362222222222222,-0.44860341165753126,0.4520489074225373,0.5350111217632363
obi_l5,120,oof_scored_purged,2,211747,-0.5407948968404606,-0.652759085,-0.430019621,35.67595998998805,-5.0,0.5228633806633107,-8.994425693067585,-14.930305555555549,-0.12897609541804422,0.4720208550770495,0.507771066414164
obi_l5,120,oof_scored_purged,3,211747,-0.3243888959369436,-0.430018688,-0.218964294,36.41285118561302,-1.0,0.5320741029996444,-4.195246068820161,-4.2493888888888875,-0.06094736393860653,0.47845305954747885,0.5028689898794316
obi_l5,120,oof_scored_purged,4,211747,-0.11539990722446031,-0.218963703,-0.015625,47.3166066107194,0.0,0.6980309662518911,1.1516013246056758,-5.061277777777778,0.02159988290440826,0.4894756478249987,0.49005180710942775
obi_l5,120,oof_scored_purged,5,211747,0.08404106176158851,-0.015625,0.186272296,50.777659187615406,0.0,0.7496486484197183,3.4726451974067465,-1.0452222222222218,0.05521463915491613,0.48931035622700675,0.4851119496380114
obi_l5,120,oof_scored_purged,6,211747,0.2958025297849415,0.186275082,0.410128233,62.672214954639266,0.0,0.9243379178179056,11.75992165733789,-0.6728086419753367,0.17596457260184986,0.494287994635107,0.4820091902128483
obi_l5,120,oof_scored_purged,7,211747,0.5277163360524777,0.41012985,0.646510706,65.66025728817881,15.0,0.9688698769055065,14.218032017775885,4.248944444444447,0.21493776519190008,0.5163142807218047,0.46986261906898324
obi_l5,120,oof_scored_purged,8,211747,0.7525099440810921,0.646510706,0.848376207,78.16100818429541,29.0,1.1557230803100245,25.559564043154847,17.272666666666666,0.3871011785594657,0.5368623876607461,0.44753408548881446
obi_l5,120,oof_scored_purged,9,211747,0.92327313242479,0.848377462,0.999862482,92.16507199629747,48.0,1.3672205155555213,34.25518586502942,33.2236111111111,0.5194379189065558,0.5601118315725843,0.43118910775595404
obi_l5,120,full_corpus,0,256081,-0.9261768305653524,-0.999983024,-0.852049803,-7.5991912715117484,-24.0,-0.12093627974161793,-42.670072742739805,-21.25944444444444,-0.6254417473790865,0.4460502731557593,0.5382749989261211
obi_l5,120,full_corpus,1,256080,-0.7589349097173187,-0.852049803,-0.656052256,6.260256560449859,-27.0,0.08735623635216877,-28.842581658541476,-29.381083333333336,-0.4211812282716991,0.4427093095907529,0.5424711027803811
obi_l5,120,full_corpus,2,256080,-0.5424364958352742,-0.656052256,-0.430114853,27.731523352077478,-7.0,0.40467946954827627,-8.487389691514183,-14.107305555555556,-0.1228982448112516,0.4678655107778819,0.5111879100281163
obi_l5,120,full_corpus,3,256080,-0.3228828542651906,-0.430114853,-0.21594314,27.68056661980631,-4.0,0.4015161903728966,-5.348138538842366,-7.0590555555555525,-0.07977831256354938,0.47230552952202437,0.508899562636676
obi_l5,120,full_corpus,4,256080,-0.11262084349539872,-0.21594306,-0.0120567376,38.28912839737582,0.0,0.5641474389330926,0.34147149314381775,-7.159083333333335,0.008588317047335082,0.48130271790065604,0.49620431115276475
obi_l5,120,full_corpus,5,256080,0.08752096640340815,-0.0120567376,0.18926689,43.7307657763199,0.0,0.646444797877821,4.719035271338777,3.15825,0.07401204103531499,0.48857778819119024,0.48279053420806
obi_l5,120,full_corpus,6,256080,0.29930277807068495,0.18926689,0.4141858,50.77998477038425,0.0,0.7483592419055258,8.11757228638056,-2.629555555555555,0.12138156225317555,0.4875624804748516,0.4860238987816307
obi_l5,120,full_corpus,7,256080,0.5321760401604967,0.414187068,0.650917137,56.679859809434554,6.0,0.8380698398918011,13.71152299056376,5.11866666666667,0.2081916174532638,0.5093447360199937,0.471001249609497
obi_l5,120,full_corpus,8,256080,0.756394437103167,0.650917137,0.851167527,69.23510621680725,25.0,1.027514626827593,25.851177092312348,16.822499999999998,0.39363148335257786,0.5350827866291784,0.44696579194001873
obi_l5,120,full_corpus,9,256080,0.923457982821341,0.851167527,0.999862482,80.12469736019993,43.0,1.193250114015629,32.60757012579906,31.113,0.4965976019212675,0.559383786316776,0.4303381755701343
obi_l5,300,oof_scored_purged,0,209047,-0.9252369913192249,-0.999983024,-0.849105848,68.11372322970432,-18.0,1.0001379139002107,-44.037344406114734,-21.99308333333333,-0.629166206296504,0.4850823020660426,0.5137361454601118
obi_l5,300,oof_scored_purged,1,209047,-0.7547298798365104,-0.849105848,-0.653013653,86.56534894066884,-16.0,1.2742364511768438,-21.72747812802144,-22.855555555555554,-0.3056849563615641,0.4881007620295914,0.5105693934856754
obi_l5,300,oof_scored_purged,2,209047,-0.5412833435391945,-0.653012048,-0.43067198,114.61523006787947,-7.0,1.6881431005111183,3.507545973686981,-11.059055555555545,0.060604726998366616,0.4922625055609504,0.5056040029275713
obi_l5,300,oof_scored_purged,3,209047,-0.3245867199131536,-0.43067198,-0.218898915,103.77518931149454,-3.0,1.5280479588823777,2.0136569889681173,-4.198444444444448,0.03761979471382219,0.49497003066296097,0.5023750639808273
obi_l5,300,oof_scored_purged,4,209047,-0.11535247391560845,-0.218897535,-0.0156330087,117.83869177744718,9.0,1.7530995855114828,0.4445483889687355,-9.39011111111111,0.027802626210878246,0.5049917004310036,0.49265476184781415
obi_l5,300,oof_scored_purged,5,209047,0.08394609034103649,-0.0156281441,0.186081815,113.93962362530914,0.0,1.6915611366431946,-4.588189849864861,-15.889611111111108,-0.05263319145810554,0.4989691313436691,0.4993948729233139
obi_l5,300,oof_scored_purged,6,209047,0.2954660997483485,0.186083185,0.409838457,135.74725301008863,15.0,2.0018234695743553,9.758735427200959,-9.530916666666656,0.14616910412966388,0.5129085803670945,0.4853932369275809
obi_l5,300,oof_scored_purged,7,209047,0.5278344415179649,0.409838511,0.6468679,128.12631609159664,24.0,1.8874122540581442,3.0684690165058015,-5.335833333333333,0.049978665057834215,0.5201174855415289,0.4767444641635613
obi_l5,300,oof_scored_purged,8,209047,0.7527815153400383,0.646869294,0.848659004,143.25673891517218,26.0,2.113621948656756,19.03037229527262,-1.9923333333333062,0.2939985446925003,0.5190937923050797,0.47830870569776174
obi_l5,300,oof_scored_purged,9,209047,0.9234395560886308,0.848659004,0.999862482,165.49620659468923,51.0,2.447728303576018,32.52968429339772,14.63366666666667,0.4943294752272064,0.5367740268934738,0.46085330093232624
obi_l5,300,full_corpus,0,254821,-0.9261717659679539,-0.999983024,-0.852085462,50.24222885868904,-27.0,0.7281713933850023,-36.64089738783852,-22.289833333333334,-0.5255841280070271,0.47543177367642386,0.5234968860494229
obi_l5,300,full_corpus,1,254820,-0.7589798140358607,-0.852084867,-0.656139495,69.8207754493368,-22.0,1.0220088817843862,-17.272301444149843,-24.409583333333334,-0.24360012868868555,0.4807785888077859,0.518087277293776
obi_l5,300,full_corpus,2,254820,-0.5426663791424967,-0.656139315,-0.430507083,95.36889372890668,-12.0,1.4003034003578054,4.354264093782214,-11.060888888888883,0.07068793730056157,0.4863040577662664,0.5119142924417236
obi_l5,300,full_corpus,3,254820,-0.3231975531479829,-0.430506521,-0.216146738,83.5800859430186,-15.0,1.226372305899758,0.22305429470524524,-8.255972222222226,0.00846317418279844,0.48294089945844126,0.5146770269209638
obi_l5,300,full_corpus,4,254820,-0.11276351520052665,-0.216144578,-0.0121691512,98.2744780629464,-1.0,1.4607796320775186,2.4426986117869367,-8.569472222222203,0.0548621692427308,0.49755513695942233,0.5003060984224158
obi_l5,300,full_corpus,5,254820,0.08738435782848421,-0.0121670503,0.189144465,97.3378836041127,0.0,1.446147059506132,-0.529403166145678,-11.006972222222231,0.007677553156051942,0.49848128090416766,0.4998704968212856
obi_l5,300,full_corpus,6,254820,0.2991896579941959,0.189145042,0.414241229,106.9919256730241,2.0,1.5739814058426669,2.5549419147615064,-15.585944444444443,0.038046881528410015,0.5021505376344086,0.4955772702299662
obi_l5,300,full_corpus,7,254820,0.5322557586670277,0.414244103,0.651050415,105.69780040813123,22.0,1.5552268756138268,0.8405036598832557,-8.112944444444445,0.016578758344971932,0.5162310650655365,0.48075896711404126
obi_l5,300,full_corpus,8,254820,0.7565785980635665,0.651052794,0.851345622,121.00886704340319,21.0,1.7856055079353055,16.51091497724042,-2.944819819819827,0.2573817800754762,0.5130405776626639,0.4846833058629621
obi_l5,300,full_corpus,9,254820,0.9235447464587787,0.85134677,0.999862482,140.47146809512597,42.0,2.0773235226258757,27.51636823726784,10.110388888888892,0.41935143879488834,0.5315516835413233,0.46634094655050623
obi_l5,600,oof_scored_purged,0,204547,-0.9249910923696852,-0.999983024,-0.84863388,177.51803253042087,-11.0,2.60474990689464,-23.7728452958721,-39.64172222222223,-0.33263475203955073,0.4930358303959481,0.505492625166832
obi_l5,600,oof_scored_purged,1,204547,-0.7538002131852874,-0.848632285,-0.651734356,172.63108723178536,-19.0,2.5411073214200015,-21.303150217091872,-59.73375,-0.29861863386249476,0.4853749993888935,0.513138789618034
obi_l5,600,oof_scored_purged,2,204547,-0.5394811545086214,-0.651734356,-0.42851493,204.56793304228367,7.0,3.030418458495266,5.846809848987683,-37.354527777777776,0.10714703031661144,0.5041139689166793,0.4944047089421991
obi_l5,600,oof_scored_purged,3,204547,-0.3225007079429959,-0.428511177,-0.216767248,190.96829579509844,0.0,2.8189942663226937,7.707274482602597,-43.69822222222223,0.12710831012036006,0.4988242311058094,0.49823756887170184
obi_l5,600,oof_scored_purged,4,204547,-0.11354868258065431,-0.216766467,-0.0137720488,225.6828357296856,17.0,3.3490248661480666,8.553819417570676,-38.75677777777778,0.14988376949142723,0.5095943719536341,0.48815186729700266
obi_l5,600,oof_scored_purged,5,204547,0.08607088005334192,-0.0137720488,0.188295165,210.73705554224702,2.0,3.1267933005713675,-9.520449963267644,-46.685083333333296,-0.1218057242100155,0.5028477562613971,0.4954655898155436
obi_l5,600,oof_scored_purged,6,204547,0.2974890191737498,0.18829656,0.411712805,225.12755259182487,20.0,3.3302693362135836,-2.181889247674313,-24.476388888888888,-0.028928755773310326,0.5089050438285577,0.489833632368111
obi_l5,600,oof_scored_purged,7,204547,0.5294569064245235,0.411712805,0.648571106,224.5469329787286,20.0,3.3204785469258007,3.9787608570203514,-24.476388888888888,0.0695472848120131,0.5140530049328517,0.4851354456432996
obi_l5,600,oof_scored_purged,8,204547,0.754024285642757,0.648571106,0.8494104,228.03072399008542,34.0,3.3747025469030074,9.03009104862465,-25.476388888888888,0.15946375810467184,0.5175192009660371,0.47981637472072436
obi_l5,600,oof_scored_purged,9,204547,0.9237374371508064,0.849411765,0.999862482,250.0512229463155,31.0,3.702722299970848,21.661579069099847,-27.698222222222228,0.33612678505819577,0.5158863244144377,0.48192346991156065
obi_l5,600,full_corpus,0,252721,-0.9262259318005746,-0.999983024,-0.852286049,150.4238725709379,-26.0,2.1996268253202342,-15.294514199737504,-15.531166666666664,-0.20351859990912408,0.4825162926705735,0.5162847567079902
obi_l5,600,full_corpus,1,252720,-0.7590845440789965,-0.852285588,-0.656096401,153.47265748654638,-23.0,2.2500468942005676,-15.506020816458484,-39.05996325371638,-0.21648174618353636,0.48049224438113325,0.518241532130421
obi_l5,600,full_corpus,2,252720,-0.5426745809760407,-0.656096227,-0.430601477,181.27013493194048,-5.0,2.6745079717177638,2.525334188563642,-38.68630555555555,0.04976853875359987,0.49256093700538145,0.506184710351377
obi_l5,600,full_corpus,3,252720,-0.32342941461375835,-0.43060042,-0.216503967,170.34072293447292,-5.0,2.510599571060388,9.15236414970767,-27.18366666666668,0.146905244123945,0.49262820512820515,0.504894745172523
obi_l5,600,full_corpus,4,252720,-0.11307509614788264,-0.216503967,-0.0125140082,198.3196145932257,2.0,2.936931651309919,9.41581908462357,-27.18366666666668,0.15776312552256053,0.5007320354542577,0.4974438113327002
obi_l5,600,full_corpus,5,252720,0.08706386161656961,-0.0125131916,0.188818795,190.0420920386198,0.0,2.817196968782385,-3.24493089685041,-31.144888888888886,-0.0316432710894543,0.4995647356758468,0.49902659069325733
obi_l5,600,full_corpus,6,252720,0.2987205928212924,0.188818854,0.413604767,194.60240582462805,0.0,2.8695321647066816,-5.479235869917466,-31.945777777777778,-0.08222578955581068,0.4991690408357075,0.49959639126305794
obi_l5,600,full_corpus,7,252720,0.5317257083372942,0.413605052,0.650612245,194.49503402975625,3.0,2.8706884139104116,-3.6317694582472697,-28.861777777777775,-0.04604178031446701,0.5030231085786642,0.49632003798670465
obi_l5,600,full_corpus,8,252720,0.7563754920133231,0.650612245,0.851237624,199.60697214308325,22.0,2.9539888578552036,4.713946238059758,-20.65994444444445,0.09558365941706397,0.5149572649572649,0.48286245647356757
obi_l5,600,full_corpus,9,252720,0.9234284978796811,0.851237624,0.999862482,218.36098053181385,24.0,3.232487531986264,17.349068099859927,-21.230944444444447,0.2724939212338787,0.51471589110478,0.4835193099081988
obi_l10,1,oof_scored_purged,0,213649,-0.919059635808293,-0.999966651,-0.84080937,-19.26152708414268,0.0,-0.2782789578611832,-19.641740058025988,-0.7722222222222223,-0.28379091575456944,0.061788260183759346,0.3944787946585287
obi_l10,1,oof_scored_purged,1,213649,-0.7480522417276702,-0.840809244,-0.64751673,-9.396510163866903,0.0,-0.13589562795887794,-9.76651400074216,-0.16183333333333333,-0.1412729184200775,0.06351071149408609,0.23685577746677963
obi_l10,1,oof_scored_purged,2,213649,-0.5375437464887362,-0.647516053,-0.429726296,-5.790534942826786,0.0,-0.08359913794704653,-6.164249407029504,-0.08499137435307648,-0.08904653425928008,0.07028350238007199,0.1749645446503377
obi_l10,1,oof_scored_purged,3,213649,-0.32458793574836764,-0.429725943,-0.21797841,-2.8429948186043466,0.0,-0.04114800023640565,-3.1850472621451034,-0.049444444444444444,-0.04613853118761371,0.07539468942049811,0.12854729018155947
obi_l10,1,oof_scored_purged,4,213648,-0.11504189601164579,-0.217977328,-0.0140438167,-0.7561245600239647,0.0,-0.010912041720814997,-1.1282785237615944,-0.06833333333333333,-0.01635886318437857,0.08884239496742305,0.10807028383134876
obi_l10,1,oof_scored_purged,5,213649,0.08498180514704429,-0.0140421264,0.185796049,1.0913320446152335,0.0,0.015884262828449732,0.6833587201082427,-0.07833333333333334,0.009895913000126383,0.10398831728676473,0.09508118455972178
obi_l10,1,oof_scored_purged,6,213649,0.2941447197940267,0.185796503,0.407489312,3.2385969510739576,0.0,0.04688393791473166,2.804745484012693,-0.06833333333333333,0.040510229001255275,0.1331108500390828,0.08702123576520368
obi_l10,1,oof_scored_purged,7,213649,0.525204370135891,0.40748951,0.642618017,6.604877626387205,0.0,0.09557298876642524,6.16277849440479,-0.018333333333333333,0.08909055894954633,0.17670571825751583,0.0759516777518266
obi_l10,1,oof_scored_purged,8,213649,0.7463639155337539,0.642618017,0.840658011,10.705942925078048,0.0,0.15494956177022096,10.263767409994959,0.0415,0.14848284622820085,0.2340193494937959,0.06101128486442717
obi_l10,1,oof_scored_purged,9,213648,0.9178755314751414,0.840659005,0.999724491,20.46966271624354,0.0,0.29635529618755574,19.971267339191208,0.51,0.28905143971020963,0.38393525799445816,0.05603609675728301
obi_l10,1,full_corpus,0,257030,-0.9200750742891491,-0.999966651,-0.84331237,-16.967676924872585,0.0,-0.24632009432420726,-17.253761640002633,-0.39955555555555566,-0.25043814186513186,0.05247247403026884,0.35963895265144147
obi_l10,1,full_corpus,1,257030,-0.7521103732709917,-0.84331237,-0.651114206,-8.40454032603198,0.0,-0.1221259486903097,-8.695038938633763,-0.08527777777777777,-0.12632690458167914,0.054013150215928105,0.21483873477804147
obi_l10,1,full_corpus,2,257030,-0.5392023629891958,-0.651112186,-0.429240506,-5.155405983737307,0.0,-0.07467768498941454,-5.463459414500558,-0.03333333333333333,-0.07915444551529341,0.06123020659067035,0.15872466249075984
obi_l10,1,full_corpus,3,257030,-0.32328296170490217,-0.429240506,-0.216348988,-2.495014200676964,0.0,-0.03624841187077319,-2.7751401117505563,-0.013555555555555555,-0.04032623756537016,0.06575497023693733,0.1140995214566393
obi_l10,1,full_corpus,4,257030,-0.1129966344305976,-0.216348109,-0.0113414482,-0.6834396763023771,0.0,-0.009951263584944279,-0.988075653733057,-0.018333333333333333,-0.014400855336963819,0.07759794576508579,0.09551025172158892
obi_l10,1,full_corpus,5,257030,0.08776271360649213,-0.0113412691,0.188622022,0.9477259463875812,0.0,0.013826576801224861,0.6136863761782427,-0.03166666666666667,0.008931798471795436,0.09104773761817686,0.08274909543633038
obi_l10,1,full_corpus,6,257030,0.29843126165514144,0.188622754,0.413101899,2.836369295412987,0.0,0.04110779356125804,2.4753470459170273,-0.018333333333333333,0.03581018670780745,0.11871765941718866,0.07608061315799712
obi_l10,1,full_corpus,7,257030,0.5303011040026379,0.413101899,0.647456952,5.75589619888729,0.0,0.08355072091842868,5.392256820021071,0.0,0.07822633298644967,0.15525425047659805,0.06459946309769288
obi_l10,1,full_corpus,8,257030,0.7504149938071393,0.647458412,0.843797156,9.514498307590554,0.0,0.13826610425180963,9.147730125987483,0.05444444444444444,0.13291096024887655,0.21220091039956426,0.05155818386958721
obi_l10,1,full_corpus,9,257029,0.9181829420531535,0.843797239,0.999729747,17.96003174739037,0.0,0.26118506256853713,17.546523656959018,0.3,0.25512779314980777,0.3497348548218294,0.047025821988958445
obi_l10,2,oof_scored_purged,0,213633,-0.919057402450656,-0.999966651,-0.840806914,-24.737699699952724,0.0,-0.3584369537971202,-25.50075024374212,-2.4374444444444445,-0.36949797772155635,0.10843830307115473,0.47342404965524987
obi_l10,2,oof_scored_purged,1,213633,-0.7480402507886844,-0.840806914,-0.647506936,-12.895203456394846,0.0,-0.1873620589961504,-13.637465451777802,-0.435557535925142,-0.19814875324730305,0.10947746836865091,0.3197539705944306
obi_l10,2,oof_scored_purged,2,213633,-0.5375363665195545,-0.647506936,-0.42972276,-8.334388881867502,0.0,-0.1209060301046495,-9.0838592436549,-0.15666666666666668,-0.1318304819829343,0.1184133537421653,0.2487817893303001
obi_l10,2,oof_scored_purged,3,213633,-0.324583827679895,-0.429720814,-0.217975548,-4.2008444388273345,0.0,-0.06096939667915626,-4.886104493354924,-0.12891666666666668,-0.07096733562714207,0.12323938717332997,0.1943379534060749
obi_l10,2,oof_scored_purged,4,213632,-0.11504513062881264,-0.217975043,-0.0140569878,-0.8923124812762133,0.0,-0.012885408697296047,-1.6374643438524044,-0.09888888888888889,-0.02379158675283955,0.14324164919113241,0.16812556171360096
obi_l10,2,oof_scored_purged,5,213633,0.08497295622583666,-0.0140569878,0.185788769,1.8614773934738547,0.0,0.027146554212694435,1.0449941785035641,-0.13666666666666666,0.015162028488610455,0.16416471238057792,0.15103939934373434
obi_l10,2,oof_scored_purged,6,213633,0.2941364136574031,0.185790409,0.407483049,4.7471575084373665,0.0,0.06912481505422055,3.8788015994960015,-0.06333333333333334,0.056367909189950244,0.20265127578604428,0.14023582498958495
obi_l10,2,oof_scored_purged,7,213633,0.5251927847508343,0.407485345,0.642614074,9.749774145380162,0.0,0.14171688251318215,8.864064508434257,0.010944444444444444,0.1287298612694068,0.2559482851432129,0.12752711425669255
obi_l10,2,oof_scored_purged,8,213633,0.7463640452531726,0.642614074,0.840654746,15.545430715292113,0.0,0.22583811559495348,14.659737809355383,0.21555555555555556,0.21288532497983562,0.31849012090828666,0.10515229388718035
obi_l10,2,oof_scored_purged,9,213632,0.917875516905239,0.840654952,0.999724491,27.296133069952067,0.0,0.3966087362129207,26.298161115459145,1.8526111111111112,0.3819835096756245,0.47000449370880765,0.09886159376872379
obi_l10,2,full_corpus,0,257022,-0.9200747815851873,-0.999966651,-0.843312202,-22.149899619487826,0.0,-0.32280312958375373,-22.722479289803882,-1.4822222222222223,-0.33104464338075335,0.0926885636249037,0.44206721603598137
obi_l10,2,full_corpus,1,257022,-0.7521009046591265,-0.843312034,-0.651103525,-11.760417396176203,0.0,-0.17192132298286292,-12.341886637631472,-0.2644444444444444,-0.18032964044696992,0.09356008435075597,0.2966672113671203
obi_l10,2,full_corpus,2,257022,-0.5391954269599217,-0.651102326,-0.429237988,-7.625462022706228,0.0,-0.11111758099249187,-8.242097433026128,-0.06666666666666667,-0.12007894276534675,0.1040922566939795,0.23032658682914303
obi_l10,2,full_corpus,3,257022,-0.3232822953773179,-0.42923674,-0.216348988,-3.7509960236866884,0.0,-0.054728213161023206,-4.311361227979177,-0.03666666666666667,-0.0628860309068911,0.10875722700780478,0.17540910894787218
obi_l10,2,full_corpus,4,257022,-0.11299409504121241,-0.216348109,-0.0113414482,-0.8944506695924862,0.0,-0.013066773028068145,-1.5034952993706983,-0.020777777777777777,-0.021962939451960907,0.12686073565686984,0.1509715121662737
obi_l10,2,full_corpus,5,257022,0.08775964779389185,-0.0113412691,0.188618363,1.6107356568698399,0.0,0.023552802073813984,0.9427619638279009,-0.03666666666666667,0.013764220416328637,0.14571126207095111,0.13313257230898523
obi_l10,2,full_corpus,6,257022,0.29842873818659493,0.188618805,0.413094982,4.2603687622071265,0.0,0.062163278516961996,3.5387539584827006,-0.01888888888888889,0.0515743334449276,0.18325279548054252,0.12375205235349503
obi_l10,2,full_corpus,7,257022,0.5302941527199033,0.413094996,0.647456142,8.598485732738832,0.0,0.12542917528400443,7.871028751957247,0.08183333333333333,0.11477746465445578,0.22835010232587094,0.10966376419139218
obi_l10,2,full_corpus,8,257022,0.7504165763882276,0.647456952,0.843795428,14.0694415264063,0.0,0.2054316656187801,13.336055677929076,0.28555555555555556,0.1947236635993647,0.2951420500968789,0.089490393818428
obi_l10,2,full_corpus,9,257021,0.9181837100583338,0.8437967,0.999729747,24.259222009096533,0.0,0.35432860700060076,23.432810706061733,1.1785,0.34222250213674027,0.4377657856751005,0.08362740787717735
obi_l10,5,oof_scored_purged,0,213585,-0.9190465114304703,-0.999966651,-0.840799473,-31.104269962778286,-12.0,-0.45287229688118763,-33.02111840183287,-12.915888888888889,-0.48065813395623996,0.1932485895545099,0.5497296158438093
obi_l10,5,oof_scored_purged,1,213585,-0.7480136116553925,-0.840797901,-0.647493948,-18.613261699089357,0.0,-0.2722979801551505,-20.470238871913004,-1.805111111111111,-0.2992857772564781,0.18996184188964582,0.427913945267692
obi_l10,5,oof_scored_purged,2,213585,-0.5375422229833695,-0.647492878,-0.42974607,-11.302034318889435,0.0,-0.1649617839926128,-13.173961904484841,-0.5458333333333333,-0.19224895218302965,0.19913851628157409,0.3473511716646768
obi_l10,5,oof_scored_purged,3,213585,-0.32461167041844696,-0.429745203,-0.218003384,-5.0418428260411545,0.0,-0.07376998990081135,-6.754435699734824,-0.2921111111111111,-0.09876212717779571,0.2089987592761664,0.2893087061357305
obi_l10,5,oof_scored_purged,4,213584,-0.11508462814547298,-0.218002813,-0.0140867553,-0.3911037343621245,0.0,-0.0058796335956099,-2.251754456056239,-0.15833333333333333,-0.033118770604054444,0.23384710465203387,0.25985092516293357
obi_l10,5,oof_scored_purged,5,213585,0.08495197406838141,-0.0140867553,0.185762159,3.1518786431631436,0.0,0.04654635900393233,1.1147542188374389,-0.15833333333333333,0.016640427648986614,0.2599620759884823,0.23734812837980196
obi_l10,5,oof_scored_purged,6,213585,0.29410134401973453,0.185762159,0.40744775,7.434253341760892,0.0,0.10890871000119358,5.26629252681389,-0.027777777777777776,0.07705422520046964,0.3062761898073367,0.2296088208441604
obi_l10,5,oof_scored_purged,7,213585,0.5251541668794812,0.407448378,0.642592285,15.355301168153193,0.0,0.2243144549536451,13.141434250795971,0.5388888888888889,0.19184887341811555,0.3652503687056675,0.21351218484444132
obi_l10,5,oof_scored_purged,8,213585,0.7463604380795609,0.64259399,0.840649167,23.61670295198633,0.0,0.345471200675899,21.400254620519114,1.5027777777777778,0.3130530799912136,0.4279326731746143,0.18372544888451905
obi_l10,5,oof_scored_purged,9,213584,0.9178656496034393,0.840650012,0.999724491,37.24849473743352,14.0,0.5444685821165998,34.748925868055736,12.502777777777778,0.5078361355438238,0.5566100456963068,0.1802429020900442
obi_l10,5,full_corpus,0,256998,-0.9200795145764286,-0.999966651,-0.843314989,-28.733614658479834,-8.0,-0.42157699207654226,-30.167546624991605,-9.390777777777778,-0.44221538703906194,0.16819197036552813,0.5352142818232049
obi_l10,5,full_corpus,1,256998,-0.7521076750848644,-0.843314064,-0.651116905,-17.773932092856754,0.0,-0.26199777912020306,-19.225750662445236,-1.565,-0.2829916332653469,0.1640713157300835,0.4137425193970381
obi_l10,5,full_corpus,2,256998,-0.5392210585998957,-0.651116199,-0.429264811,-10.80856854917159,0.0,-0.15885075137693747,-12.346586329996518,-0.5167222222222222,-0.18120243664282676,0.17897415544089837,0.33358236250865764
obi_l10,5,full_corpus,3,256998,-0.32330790938814313,-0.429263809,-0.216367934,-4.805440120156577,0.0,-0.07088075857119983,-6.202886069476069,-0.09305555555555556,-0.09122756760404764,0.18977579592059082,0.27028225900590663
obi_l10,5,full_corpus,4,256998,-0.11301035935270781,-0.216367113,-0.0113613713,-0.5605627281146157,0.0,-0.008504022664791366,-2.08048464696497,-0.04722222222222222,-0.03070924831689927,0.21374485404555676,0.2408228857812123
obi_l10,5,full_corpus,5,256998,0.08774188525472815,-0.0113612644,0.188587222,2.7099296492579708,0.0,0.040098955278642254,1.0429709357577313,-0.042444444444444444,0.01566741213976569,0.23693180491676977,0.21606393824076453
obi_l10,5,full_corpus,6,256998,0.2984148576883789,0.188587521,0.413082519,6.854654510930046,0.0,0.10076211822640588,5.053275662395137,0.07594444444444444,0.07432589727326015,0.28555475139884356,0.20751134250071984
obi_l10,5,full_corpus,7,256998,0.5302796057054606,0.413082519,0.647458862,13.88892326010319,0.0,0.20377374873406812,12.072157400646484,0.7138888888888889,0.17716945320441585,0.3371076817718426,0.18745282064451863
obi_l10,5,full_corpus,8,256998,0.7504278776931416,0.647458968,0.843805184,21.763745243153643,0.0,0.32023356648063683,19.93091923834073,1.5558888888888889,0.2934697473871509,0.40991369582642667,0.16000513622674106
obi_l10,5,full_corpus,9,256997,0.9181878479275867,0.843805184,0.999729747,33.98954851613054,9.0,0.4999855307494417,31.924055315815068,7.927777777777778,0.4697256342809941,0.5371580212998596,0.15541426553617357
obi_l10,10,oof_scored_purged,0,213505,-0.9190471997227746,-0.999966651,-0.840783893,-32.69887590454556,-19.0,-0.47760008701718115,-36.518767679453866,-20.39922222222222,-0.5329532475998981,0.2661249151073745,0.5736118592070444
obi_l10,10,oof_scored_purged,1,213505,-0.7479853461877708,-0.840781747,-0.647480541,-21.029470035830542,0.0,-0.30935020405542385,-24.717472633011315,-5.9944444444444445,-0.3629413086122418,0.25936160745649983,0.48860682419615464
obi_l10,10,oof_scored_purged,2,213505,-0.537519117745561,-0.647480247,-0.429729339,-11.702428514554695,0.0,-0.17158633791403644,-15.429063070351464,-1.1921111111111111,-0.22590220452668197,0.2687946418116672,0.4075876443174633
obi_l10,10,oof_scored_purged,3,213505,-0.3246218071234678,-0.429727956,-0.218034062,-5.449022271141191,0.0,-0.07995945226094564,-8.867560502316934,-0.32,-0.12985016133417812,0.27873351912133204,0.3558370998337275
obi_l10,10,oof_scored_purged,4,213504,-0.1151406860972989,-0.218032624,-0.0141385095,-0.02697841726618705,0.0,-0.0005870821844915795,-3.739854695847879,-0.31666666666666665,-0.05494872238148399,0.3021629571342926,0.3288603492206235
obi_l10,10,oof_scored_purged,5,213505,0.08490455500557781,-0.0141384509,0.185737527,5.6096882976979465,0.0,0.08229319298155166,1.5537964748780189,-0.25244444444444447,0.022748687172269643,0.3302545607831198,0.30214749069108454
obi_l10,10,oof_scored_purged,6,213505,0.29406678935055386,0.185738122,0.407384376,10.8403503430833,0.0,0.15970166641751685,6.519412686934091,0.1842777777777778,0.09621162631007425,0.37095149996487203,0.30174468981991054
obi_l10,10,oof_scored_purged,7,213505,0.5250601889073839,0.407385277,0.642448261,19.198110114517224,0.0,0.28172912473291134,14.783564162965467,1.6888888888888889,0.2169967774774518,0.42824758202384017,0.28594646495398235
obi_l10,10,oof_scored_purged,8,213505,0.7462883677628673,0.642449403,0.840620155,30.81091309337018,0.0,0.4525564944039837,26.381054421891,5.722777777777778,0.387766678030409,0.4877731200674457,0.25462635535467554
obi_l10,10,oof_scored_purged,9,213504,0.9178487044077299,0.840621096,0.999724491,45.02375131145084,24.0,0.6610030372290548,40.0350608312972,21.787944444444445,0.5879005034701423,0.5922324640287769,0.25202338129496404
obi_l10,10,full_corpus,0,256958,-0.920086778242779,-0.999966651,-0.843324843,-31.46422761696464,-17.0,-0.46394963491741503,-34.321777227409946,-17.91777777777778,-0.5050754926729369,0.23827240249379275,0.5746931405132356
obi_l10,10,full_corpus,1,256958,-0.7521173149307747,-0.843324278,-0.651133804,-21.254489060469027,0.0,-0.3157397682079675,-24.138355106006685,-5.621444444444444,-0.35744578791820486,0.2298040924976066,0.48827045665050317
obi_l10,10,full_corpus,2,256958,-0.5392434167963636,-0.651133662,-0.429288057,-12.177725542695693,0.0,-0.18043746571576758,-15.239597700867602,-1.1921111111111111,-0.22494308478662908,0.2476708255823909,0.4051829481860849
obi_l10,10,full_corpus,3,256958,-0.3233449111235105,-0.429286881,-0.216407224,-5.4146222339837635,0.0,-0.08030982891658626,-8.201730963102033,-0.31666666666666665,-0.12090144005855981,0.26190272340226806,0.34406790214743266
obi_l10,10,full_corpus,4,256958,-0.113044348463438,-0.216405828,-0.011389271,-0.33655889289300195,0.0,-0.00539474918485563,-3.3712515849369478,-0.09444444444444444,-0.04974666307140397,0.2844472637551662,0.312323414721472
obi_l10,10,full_corpus,5,256958,0.08770502510969463,-0.0113884735,0.188572745,4.815353092723324,0.0,0.07085121913238912,1.4939661012248233,-0.06894444444444445,0.022157862195953795,0.30870803788946055,0.2838284855890846
obi_l10,10,full_corpus,6,256958,0.29841803416435375,0.188572926,0.413082519,9.929544906171436,0.0,0.14676021115946894,6.338863653849105,0.5688333333333333,0.09405352155239695,0.3540617532826376,0.2800768997268036
obi_l10,10,full_corpus,7,256958,0.5302664542793141,0.413082519,0.647422848,17.77374123397598,0.0,0.2621722369648982,14.150604831144902,1.6888888888888889,0.20910639357956035,0.4084753150320286,0.25789428622576455
obi_l10,10,full_corpus,8,256958,0.7504074140128154,0.647424512,0.843793269,28.86845515609555,0.0,0.42668910975549723,25.215182809061034,5.719444444444444,0.3733296442961445,0.4805182169848769,0.2278971660738331
obi_l10,10,full_corpus,9,256957,0.9181869864629256,0.843794466,0.999729747,42.19095996606436,22.0,0.6240656847899677,38.07424336006525,19.913888888888888,0.5637451241520838,0.5880633724708804,0.222383511638134
obi_l10,30,oof_scored_purged,0,213185,-0.9190209231480826,-0.999966651,-0.840732199,-33.1413045007857,-31.0,-0.4872613209447204,-45.00175190498927,-34.61,-0.6589396185399629,0.35637591763022725,0.5837840373384618
obi_l10,30,oof_scored_purged,1,213185,-0.7478981973354739,-0.840731719,-0.647372685,-18.52114829842625,-17.0,-0.2740985404259727,-29.840773963090097,-22.302777777777777,-0.43848772329803626,0.35842108966390696,0.539193658090391
obi_l10,30,oof_scored_purged,2,213185,-0.5374511963522997,-0.647371449,-0.429690532,-5.501142200436241,0.0,-0.0804242538549321,-17.02254490144051,-4.529722222222222,-0.24824797209824598,0.3723573422145085,0.4681849098201093
obi_l10,30,oof_scored_purged,3,213185,-0.32467264881566715,-0.4296875,-0.218139625,-1.9359359241972933,0.0,-0.028825419671184477,-12.519969280662957,-1.6758333333333333,-0.18324528883201044,0.38216103384384453,0.4438257851162136
obi_l10,30,oof_scored_purged,4,213184,-0.11522593663851086,-0.218139625,-0.0141430948,8.003738554488141,0.0,0.11630003171540339,-3.4407324681087745,-1.7662222222222221,-0.05121558975451016,0.40329480636445514,0.42381229360552386
obi_l10,30,oof_scored_purged,5,213185,0.08483152433152458,-0.0141421026,0.185576624,16.50811736285386,0.0,0.2434124315145867,4.123344404799649,0.1388888888888889,0.061674054061688216,0.4299645847503342,0.392870042451392
obi_l10,30,oof_scored_purged,6,213185,0.2938627471152145,0.185577742,0.40711626,20.906093299247132,0.0,0.31006279130189657,7.780392956881273,3.2537777777777777,0.11723799147172977,0.46235429321950416,0.3930623636747426
obi_l10,30,oof_scored_purged,7,213185,0.5248368499477262,0.407118308,0.642257372,30.7327204071581,0.0,0.4532235682278661,17.223337441059737,5.479611111111111,0.255252001103685,0.4922860426390224,0.3888875858995708
obi_l10,30,oof_scored_purged,8,213185,0.7461434248737249,0.642258293,0.840544973,43.931381194736964,17.0,0.6485989372755488,30.30619483747967,14.65,0.4494664800452138,0.5342777399910875,0.3589886718108685
obi_l10,30,oof_scored_purged,9,213184,0.9178286619372888,0.840545173,0.999724491,63.815293361603125,39.0,0.9397377212478841,48.3927137370964,32.54244444444444,0.7140689531071372,0.5995290453317322,0.3437828354848394
obi_l10,30,full_corpus,0,256798,-0.9200766583297261,-0.999966651,-0.843307087,-34.5688439941121,-32.0,-0.5139190652150003,-43.073319962683485,-32.19188888888889,-0.6362963545103624,0.33453142158428023,0.5969088544303305
obi_l10,30,full_corpus,1,256798,-0.7520420333077905,-0.843306832,-0.651024708,-21.441502659678036,-20.0,-0.32141407626297325,-30.004685990576608,-22.675833333333333,-0.445263305562342,0.3359255134385782,0.5542293943099246
obi_l10,30,full_corpus,2,256798,-0.5391269137050444,-0.651024708,-0.42921691,-8.99579630682482,0.0,-0.135045689745694,-18.157533575257883,-5.661833333333333,-0.268233261319999,0.35847241800948604,0.47955980965583844
obi_l10,30,full_corpus,3,256798,-0.3232962185548485,-0.429216663,-0.216379405,-3.5639802490673604,0.0,-0.05436774571805277,-11.97010065957452,-2.115500000000001,-0.17682793796472746,0.3715722085062968,0.4468025451911619
obi_l10,30,full_corpus,4,256798,-0.11304518744683331,-0.216379264,-0.0114044874,4.963831494014751,0.0,0.07057093998769666,-4.176194309613015,-2.3027777777777776,-0.06306017925604643,0.38875302767155506,0.4241894407277315
obi_l10,30,full_corpus,5,256798,0.08767944153572846,-0.0114038537,0.188537639,14.717098653416304,0.0,0.2180497934686664,4.758343088574479,0.1388888888888889,0.07202576134682219,0.41860139097656524,0.38529505681508425
obi_l10,30,full_corpus,6,256798,0.29837688927072253,0.188537761,0.412996917,18.67863262174939,0.0,0.27773272253243697,7.9707486555164255,3.5264444444444436,0.1205164009882415,0.4568298818526624,0.38266263755948254
obi_l10,30,full_corpus,7,256798,0.5301547701182331,0.412996917,0.64725156,28.232383040366358,0.0,0.4186101002519879,17.39102775934711,5.998833333333334,0.2598090428879332,0.4853931884204706,0.36868667201457955
obi_l10,30,full_corpus,8,256798,0.7503255356343078,0.647251704,0.843764825,41.38229074992796,17.0,0.6149164877177751,30.450776779542178,15.835111111111111,0.45522288475104017,0.5359815886416561,0.34197696243740217
obi_l10,30,full_corpus,9,256797,0.9181764062760117,0.843767609,0.999729747,59.11683352998672,36.0,0.8771889506768334,46.811120502439785,32.233777777777775,0.6969167911582944,0.6083287577347087,0.3215886478424592
obi_l10,60,oof_scored_purged,0,212705,-0.9190049523649562,-0.999966651,-0.840728362,-24.717775792764627,-36.0,-0.3628953353007938,-47.619545284384856,-39.5245769540693,-0.6943625238416965,0.4118614983192685,0.562248184104746
obi_l10,60,oof_scored_purged,1,212705,-0.7478989492910463,-0.840727273,-0.647408207,-7.923722996638537,-27.0,-0.1222031301695247,-30.079141905126995,-28.98061111111111,-0.4439424592526876,0.4053078206906279,0.550593545050657
obi_l10,60,oof_scored_purged,2,212705,-0.5375502536817094,-0.647406611,-0.429860271,11.924298911638184,0.0,0.17184138800110593,-10.7379221877158,-10.470888888888894,-0.15829971167213716,0.4353870383864977,0.4953292118191862
obi_l10,60,oof_scored_purged,3,212705,-0.3250024821631414,-0.429859155,-0.218569781,11.314872711031711,0.0,0.1662406513273873,-9.605524041031176,-6.56,-0.13904827296798625,0.43665640205919,0.48280012223502033
obi_l10,60,oof_scored_purged,4,212704,-0.11567816209484448,-0.218568224,-0.0146682189,22.469220136903868,0.0,0.33057938669671716,-0.2976463344128747,-3.850416666666667,-0.0027606685167431747,0.45720813901007973,0.46048969459906725
obi_l10,60,oof_scored_purged,5,212705,0.08439021583943485,-0.0146674704,0.185137018,30.181215768317625,0.0,0.4470469687167939,5.749234500699117,1.3581666666666667,0.08853649840980046,0.47420606003620036,0.43140969887872876
obi_l10,60,oof_scored_purged,6,212705,0.2934293743270257,0.185137646,0.406836626,34.682362896969984,0.0,0.5142576574624964,9.043403322370544,5.385083333333327,0.13759239847868146,0.4894525281493148,0.4405256105874333
obi_l10,60,oof_scored_purged,7,212705,0.52460869840425,0.406840772,0.642072596,42.62197174490492,3.0,0.6289434971376531,16.12853701084701,6.038444444444444,0.24071833185511932,0.5066594579346982,0.44194071601513835
obi_l10,60,oof_scored_purged,8,212705,0.7459102415859477,0.642073401,0.840308414,52.88040008462424,26.0,0.7817217856740405,26.17964463042301,18.05075,0.39154782955820194,0.5465315812980419,0.40676993958769186
obi_l10,60,oof_scored_purged,9,212704,0.9176938133680562,0.840309221,0.999724491,71.22391915525802,42.0,1.0529074852347573,41.239152768557865,28.451777777777778,0.6142823145665691,0.5748081841432225,0.4023854746502181
obi_l10,60,full_corpus,0,256558,-0.920080970416132,-0.999966651,-0.843330517,-27.93350821256792,-35.0,-0.41598699541781164,-44.83800209500281,-34.72327777777778,-0.6593376094451804,0.3962573764996609,0.5731335604424731
obi_l10,60,full_corpus,1,256558,-0.752104241595955,-0.843330517,-0.651133062,-12.8949535777485,-28.0,-0.19947631134666066,-30.08187378044915,-26.56,-0.4481751733777881,0.3908122140022919,0.5617677094458173
obi_l10,60,full_corpus,2,256558,-0.539239912235744,-0.651132593,-0.429351604,5.0867328245464964,-1.0,0.06809445554770781,-13.256673242940378,-11.348777777777778,-0.19865366461291645,0.4248240164017493,0.5034261258662759
obi_l10,60,full_corpus,3,256558,-0.32349526158172026,-0.429351423,-0.216616085,6.850560107266193,0.0,0.09850328907990538,-10.053936723429295,-6.56,-0.14783610586673246,0.4315086647073956,0.48550425244973844
obi_l10,60,full_corpus,4,256558,-0.1131960453847173,-0.216615173,-0.0115171793,16.302444281604938,0.0,0.23817621042665565,-2.1917434488765557,-3.850416666666667,-0.032333284312458715,0.4464643472431185,0.46654167868474183
obi_l10,60,full_corpus,5,256558,0.08755038136275993,-0.0115149695,0.188386616,26.567265491623726,0.0,0.3950230221993474,6.592193607209575,3.0503333333333327,0.1020837574025901,0.47000288433804444,0.4301015754722129
obi_l10,60,full_corpus,6,256558,0.29818110794574326,0.188387485,0.412705255,30.211971561985983,0.0,0.4483711878627579,8.860775327865984,4.395555555555553,0.13473767836259207,0.48697370575074644,0.4371798969433812
obi_l10,60,full_corpus,7,256558,0.5298633559803475,0.412705464,0.646956482,38.533483656717,3.0,0.5713701952317694,16.91625785492024,7.742111111111111,0.2546696118101414,0.5064312942882311,0.430499146391849
obi_l10,60,full_corpus,8,256558,0.7500391915275337,0.646956522,0.843509064,49.20991354781375,26.0,0.731800694392308,27.42248234211335,20.458444444444446,0.41347328479160944,0.547918989078493,0.3999758339244927
obi_l10,60,full_corpus,9,256557,0.9180692927798034,0.843509387,0.999729747,64.92754826412843,40.0,0.9662387366761855,40.63067852698344,28.46066666666667,0.6102975355828867,0.5796567624348585,0.3924157204831675
obi_l10,120,oof_scored_purged,0,211747,-0.9189608497621878,-0.999966651,-0.840597656,-0.36639716265165506,-21.0,-0.009808322068648682,-45.43693668034478,-24.804861111111112,-0.6625281637208181,0.4590950521140795,0.5274077082556069
obi_l10,120,oof_scored_purged,1,211747,-0.7476915115178255,-0.840597285,-0.647207765,15.138148356293124,-24.0,0.22000262033806703,-28.83551075289536,-29.804861111111112,-0.41905659705893683,0.4496923214968807,0.5349827860607234
obi_l10,120,oof_scored_purged,2,211747,-0.5373352066315886,-0.647207409,-0.429602713,37.952166972849675,-4.0,0.5574107303359664,-6.927809423144918,-13.359055555555555,-0.09692370887925614,0.47206808124790434,0.5069776667438027
obi_l10,120,oof_scored_purged,3,211747,-0.3248457185220334,-0.429602414,-0.218391677,35.16749233755378,0.0,0.515518198887032,-6.623871002202084,-5.061277777777778,-0.09480001459992075,0.48153220588721446,0.49904367004018946
obi_l10,120,oof_scored_purged,4,211747,-0.11555295458830635,-0.218390805,-0.0145604396,43.594253991792094,0.0,0.6430890191002306,-2.0720145142808475,-7.0590555555555525,-0.025840733348404643,0.48619342895058726,0.4961675962351297
obi_l10,120,oof_scored_purged,5,211747,0.08440219167530484,-0.0145589045,0.185023628,54.02502987055306,0.0,0.7983726575395068,5.261333457576896,3.15825,0.0827250453263494,0.4975796587436894,0.478249987012803
obi_l10,120,oof_scored_purged,6,211747,0.2932010950185835,0.185023721,0.406464646,58.79700774981464,0.0,0.8689881613390832,8.285646944927958,-0.20911111111111325,0.12673806397168905,0.4937685067557037,0.4822972698550629
obi_l10,120,oof_scored_purged,7,211747,0.5240582331173476,0.406465932,0.641410397,68.97020973142476,10.0,1.014863481327975,17.192083912407547,3.822499999999998,0.25605539420187035,0.5123520049870837,0.4726678536177608
obi_l10,120,oof_scored_purged,8,211747,0.7454220106225921,0.641410725,0.840015672,76.25387608797291,30.0,1.1278522783927905,23.828729448732194,16.822499999999998,0.36165904679082517,0.5364656878255654,0.4471940570586596
obi_l10,120,oof_scored_purged,9,211747,0.9175600721944017,0.840015848,0.999724491,93.50357265982517,47.0,1.38650831231995,35.32834860922338,31.697277777777778,0.5351762986282149,0.5592523152630262,0.43220447042933313
obi_l10,120,full_corpus,0,256081,-0.9201492377330531,-0.999966651,-0.84347624,-8.123648376880752,-25.0,-0.12827853079911244,-41.854540444480186,-22.738444444444443,-0.6141939803656892,0.4456480566695694,0.5394699333414037
obi_l10,120,full_corpus,1,256080,-0.7522528368154054,-0.843475314,-0.651336435,7.411314823492659,-27.0,0.10213355219369553,-27.039756722687734,-26.178111111111107,-0.396903216412312,0.44103405185879413,0.5429787566385504
obi_l10,120,full_corpus,2,256080,-0.5394117506363519,-0.651336182,-0.429480382,29.139407606997814,-6.0,0.4258430861579028,-7.50267216564137,-13.107305555555556,-0.1074836923074478,0.4673422368009997,0.510992658544205
obi_l10,120,full_corpus,3,256080,-0.3236503929020463,-0.429478914,-0.216790017,26.294603248984693,-3.0,0.3825960950474401,-7.6729246314333315,-7.738444444444444,-0.11270765668639825,0.47375820056232426,0.5068806622930334
obi_l10,120,full_corpus,4,256080,-0.11338225449074625,-0.216788916,-0.0117634591,34.78243712902218,-1.0,0.5119023473406009,-2.6390741195786074,-8.177500000000002,-0.035669132041620304,0.479276007497657,0.5004607935020307
obi_l10,120,full_corpus,5,256080,0.08726884883561019,-0.011759534,0.18807093,46.27449429865667,0.0,0.6851236002514793,5.990021563233423,4.261555555555556,0.09426356276327247,0.49576304279912525,0.47586691658856606
obi_l10,120,full_corpus,6,256080,0.29785385097851064,0.188070986,0.412326973,49.133770696657294,0.0,0.7252055173037978,6.463808768025789,-1.177500000000002,0.09822236110963145,0.48790612308653547,0.48618791002811623
obi_l10,120,full_corpus,7,256080,0.5295208101552835,0.412327268,0.646589234,59.52991057482037,4.0,0.8785643824814054,16.422057167371477,5.823083333333329,0.24672345136002388,0.5071266791627617,0.47238363011558887
obi_l10,120,full_corpus,8,256080,0.7498024687143783,0.64658926,0.843397028,67.70310645110902,25.0,1.0048431248357264,24.549803613503148,16.637777777777778,0.37426595550572006,0.5353405185879413,0.44650499843798813
obi_l10,120,full_corpus,9,256080,0.9180143167562833,0.843397089,0.999729747,80.76730318650422,42.0,1.2024685298419588,33.28344041491005,28.940944444444447,0.506585393189304,0.5569900031240237,0.43243127147766325
obi_l10,300,oof_scored_purged,0,209047,-0.9188949417590925,-0.999966651,-0.840525608,70.4000583600817,-15.0,1.032105718381953,-37.231521126229794,-19.52716666666666,-0.5340631413513158,0.48691920955574586,0.5118083493185743
obi_l10,300,oof_scored_purged,1,209047,-0.7476979157418524,-0.840525271,-0.647396973,84.60873152927333,-23.0,1.2434608204972653,-22.4146140984198,-27.300166666666655,-0.3179988340825085,0.48262352485326265,0.5161231684740752
obi_l10,300,oof_scored_purged,2,209047,-0.5377468961458906,-0.647392538,-0.430034895,117.08081675412706,-3.0,1.7247616215410146,5.857430537245059,-9.086222222222233,0.0966081726553745,0.494630394121896,0.5031834946208269
obi_l10,300,oof_scored_purged,3,209047,-0.32484102908140755,-0.430033257,-0.218185351,105.16208555970667,-2.0,1.552636901297758,0.6162878362966745,-3.4046666666666567,0.02131435726787975,0.49526183107148153,0.5021215324783422
obi_l10,300,oof_scored_purged,4,209047,-0.11538216370669754,-0.218184515,-0.0143479192,111.57765000215262,9.0,1.6561427919672282,-4.312793250036241,-10.42736111111111,-0.04603636532772053,0.5053313369720684,0.49277913579242943
obi_l10,300,oof_scored_purged,5,209047,0.08434050020270507,-0.0143413811,0.184696663,124.32084172458825,8.0,1.844169713267506,2.1615591327847543,-12.137611111111113,0.047155035890344116,0.5054317928504116,0.4928174046984649
obi_l10,300,oof_scored_purged,6,209047,0.2928921036957622,0.184698609,0.406276623,129.48347500801256,12.0,1.9142725806097947,4.479493271296175,-9.234055555555557,0.07350594355268623,0.51053112457964,0.48748845953302367
obi_l10,300,oof_scored_purged,7,209047,0.5241586850337675,0.40627877,0.641688425,131.02237056738437,24.0,1.929303532958544,4.827984557979568,-5.300166666666655,0.07521590742488313,0.5195482355642511,0.47734241582036574
obi_l10,300,oof_scored_purged,8,209047,0.7457689751626907,0.641689444,0.840407282,141.3877357723383,23.0,2.084583333728137,17.77209139183623,-3.4046666666666567,0.27377436831203,0.5158648533583357,0.4813319492745651
obi_l10,300,oof_scored_purged,9,209047,0.9177620389520682,0.840409488,0.999724491,162.43055628638535,52.0,2.4043751082412985,28.244081747247275,13.699833333333345,0.4335431385724453,0.5371280142743019,0.46063803833587663
obi_l10,300,full_corpus,0,254821,-0.9201120546132383,-0.999966651,-0.843456481,52.68430977038784,-26.0,0.7622545102829851,-30.750770201256955,-21.569472222222203,-0.4436924240822847,0.4764795680104858,0.5224019998351784
obi_l10,300,full_corpus,1,254820,-0.7522902190079467,-0.843456481,-0.651467545,67.37702888313319,-27.0,0.9836085023840336,-17.83161783844405,-28.187944444444433,-0.2544864772716152,0.476709049525155,0.5221725139314025
obi_l10,300,full_corpus,2,254820,-0.5396613352479593,-0.651466514,-0.429829492,96.94789066792245,-11.0,1.4241831789060635,5.084293284027561,-10.42736111111111,0.08292819740201719,0.48618240326504986,0.5120006278941999
obi_l10,300,full_corpus,3,254820,-0.32397445317207835,-0.429827505,-0.217063571,84.14665057687779,-15.0,1.238088121396062,-1.066847737642006,-6.457861111111111,-0.007609342066353146,0.4832156031708657,0.5144651126285221
obi_l10,300,full_corpus,4,254820,-0.113563923392935,-0.217063472,-0.0119181013,93.85767404442352,1.0,1.3928061646651948,-0.6140704734038009,-9.39011111111111,0.008212522978464446,0.5002001412761949,0.4969861078408288
obi_l10,300,full_corpus,5,254820,0.08707295237605052,-0.0119176598,0.187867605,105.68621772231378,7.0,1.5691310958798304,4.488923334488492,-6.569472222222203,0.08248859507904198,0.5044423514637784,0.49407424848912956
obi_l10,300,full_corpus,6,254820,0.29776092819948596,0.187868852,0.412389772,104.84890707165843,0.0,1.5458090736152632,-0.07437186708471714,-15.070388888888886,0.0027588205037421764,0.4986696491641158,0.4995094576563849
obi_l10,300,full_corpus,7,254820,0.5295892500426066,0.412389808,0.646736701,106.93913350600424,22.0,1.5729474090785545,1.536703171801524,-5.371305555555555,0.02642845483553061,0.5157483713994192,0.4813005258613924
obi_l10,300,full_corpus,8,254820,0.7499627418076329,0.646736701,0.843591176,118.83041951181227,15.0,1.7519734929926583,14.985067123375456,-2.944819819819827,0.23306390883775968,0.5112942469193941,0.4862962090887685
obi_l10,300,full_corpus,9,254820,0.9180902258354643,0.843592202,0.999729747,137.47616552860842,42.0,2.0351183020739363,24.242811880577523,8.976875000000014,0.37377285834308654,0.5315242131700808,0.4665057687779609
obi_l10,600,oof_scored_purged,0,204547,-0.9186677064281658,-0.999966651,-0.839995936,172.85431465628926,-19.0,2.534233708681878,-19.575814507569405,-44.69822222222223,-0.2785094464387727,0.48912963768718193,0.5093939290236473
obi_l10,600,oof_scored_purged,1,204547,-0.746889708024273,-0.839993828,-0.646262906,174.0980092594856,-23.0,2.5642628746254625,-17.246644224871407,-54.26752777777779,-0.2377451813320749,0.4826763531119987,0.5158423247468797
obi_l10,600,oof_scored_purged,2,204547,-0.5366591371455705,-0.646261385,-0.428900403,201.31882159112575,9.0,2.9806260530995057,3.518470143226104,-40.93186507580515,0.07275400060170129,0.5062210641075157,0.4921362816369832
obi_l10,600,oof_scored_purged,3,204547,-0.32347394250004163,-0.428898678,-0.216918867,196.17598644810238,3.0,2.8999195336395616,8.742118127086943,-41.474666666666664,0.1464593680226578,0.501723320312691,0.4954851452233472
obi_l10,600,oof_scored_purged,4,204547,-0.11404263066466583,-0.216918634,-0.0128319905,217.45409856903302,7.0,3.2215927875799086,2.9121368497545035,-52.08983333333333,0.06310595976014434,0.5051015170107603,0.49259583372036747
obi_l10,600,oof_scored_purged,5,204547,0.08613657174283383,-0.0128313423,0.186607956,221.8442753988081,12.0,3.2878491362087496,-4.603946038596336,-38.75677777777778,-0.05116095913018464,0.5081961602956777,0.4901514077449193
obi_l10,600,oof_scored_purged,6,204547,0.294664257350428,0.186613176,0.407858534,224.2486274548148,19.0,3.321899487602071,-2.9453994819502562,-24.476388888888888,-0.03528475261461197,0.507384610871829,0.49134428762093796
obi_l10,600,oof_scored_purged,7,204547,0.5254389409231179,0.40786097,0.642888684,223.2309151441967,19.0,3.3018305427587435,0.14486939822023875,-24.476388888888888,0.015598089236066679,0.5128650139087838,0.48636743633492546
obi_l10,600,oof_scored_purged,8,204547,0.7467337369028928,0.64288879,0.840961253,230.07178056876904,33.0,3.40237729636254,12.809108721342518,-24.03463888888888,0.21104256590060905,0.51889785721619,0.47846216273032605
obi_l10,600,oof_scored_purged,9,204547,0.9179965168966058,0.840961391,0.999724491,248.56484328785072,36.0,3.6846694293068554,16.245101013356972,-27.702055555555546,0.26102942801237283,0.5179591976416178,0.47982126357267524
obi_l10,600,full_corpus,0,252721,-0.9201568210427824,-0.999966651,-0.843607532,146.1198535143498,-33.0,2.1321840850399236,-13.686599285432058,-22.435722222222225,-0.18944130993736882,0.47845252274247096,0.5202852157121886
obi_l10,600,full_corpus,1,252720,-0.7523702115384497,-0.843607532,-0.651416637,150.06583175055397,-26.0,2.2013778482926303,-13.042795193747027,-34.468777777777746,-0.17867525356304045,0.47733855650522317,0.521434789490345
obi_l10,600,full_corpus,2,252720,-0.539650441122792,-0.651414987,-0.430001963,182.7306861348528,-3.0,2.6952960510670647,2.7772918840346366,-39.18172222222225,0.05438151189483247,0.49543763849319405,0.5031972143083254
obi_l10,600,full_corpus,3,252720,-0.32420099241651235,-0.430001317,-0.217376219,172.3979918486863,-5.0,2.543789962773988,8.833381360850325,-27.144888888888886,0.14396337699997896,0.49222063944286165,0.5054368471035138
obi_l10,600,full_corpus,4,252720,-0.11390200237534029,-0.217375792,-0.0122777307,191.8311965811966,-1.0,2.8362885567254708,5.015775892773872,-32.25652777777782,0.09116929456931568,0.49737654320987656,0.5007439062994619
obi_l10,600,full_corpus,5,252720,0.08674766032751575,-0.0122777307,0.187508831,200.1973844571067,6.0,2.963994676047719,1.185505906688174,-28.698222222222228,0.03194629498168043,0.5043763849319405,0.4942426400759734
obi_l10,600,full_corpus,6,252720,0.29726316140165004,0.187508872,0.411745776,197.20528450459005,0.0,2.9129168934497365,-5.533873376702513,-31.361500000000007,-0.07880982505957254,0.49892371003482117,0.4998377651155429
obi_l10,600,full_corpus,7,252720,0.528981942283555,0.411746059,0.646187561,192.33501899335232,2.0,2.839005898100282,-6.9211936983892475,-30.361500000000007,-0.09344776410072497,0.502587844254511,0.4967909148464704
obi_l10,600,full_corpus,8,252720,0.749641413351294,0.646189192,0.843370871,199.69845679012346,21.0,2.952699813508554,6.293006530932047,-18.43575,0.11547276404055967,0.515934631212409,0.4819048749604305
obi_l10,600,full_corpus,9,252720,0.9179052739314578,0.84337232,0.999729747,218.352799540994,29.0,3.2380533327118917,15.07955413615887,-19.145916666666665,0.24604415646988498,0.5177113010446344,0.4805001582779361
direction_p2_logistic,1,oof_scored_purged,0,213649,-0.7349038722508692,-0.9985207907158,-0.6276762188,-19.425066347139467,0.0,-0.28102829267731266,-19.813798486707604,-0.8933333333333333,-0.28666999148695826,0.06133424448511343,0.40918983940949877
direction_p2_logistic,1,oof_scored_purged,1,213649,-0.5469770106938118,-0.6276762188,-0.4668722152,-9.808571535555982,0.0,-0.14159180873660135,-10.152013539485603,-0.16183333333333333,-0.14657987349486049,0.06041217136518308,0.23841908925386968
direction_p2_logistic,1,oof_scored_purged,2,213649,-0.38791170335325037,-0.4668706656,-0.31171762940000003,-5.6216808878113165,0.0,-0.08109698458206638,-5.968711084918526,-0.08499137435307648,-0.0861455009031484,0.06617395822119458,0.17028397043749327
direction_p2_logistic,1,oof_scored_purged,3,213649,-0.23982681500386238,-0.3117174506,-0.16888618460000004,-2.7996503611063006,0.0,-0.04039119043712442,-3.124473920560359,-0.049444444444444444,-0.04512420304647812,0.07463643639801731,0.12742863294468965
direction_p2_logistic,1,oof_scored_purged,4,213648,-0.10015228132724388,-0.16888332360000002,-0.03225660320000001,-0.800641709728151,0.0,-0.011723927356069084,-1.1462265447960298,-0.06833333333333333,-0.01676996806953442,0.08444263461394443,0.10594061259642028
direction_p2_logistic,1,oof_scored_purged,5,213649,0.036103226545655724,-0.032255828399999964,0.10617911820000003,1.006480254997683,0.0,0.014468491460619133,0.6177943838694754,-0.06833333333333333,0.008781581266550098,0.10189610061362328,0.09239453496154908
direction_p2_logistic,1,oof_scored_purged,6,213649,0.18150385726484747,0.1061793566,0.25994145879999997,3.3046819783851085,0.0,0.047481610072566474,2.8814185572981024,-0.06833333333333333,0.04128070912245656,0.13133691241241474,0.08338442960182355
direction_p2_logistic,1,oof_scored_purged,7,213649,0.34461072454952,0.2599432468,0.43133509160000005,6.609136948920893,0.0,0.09519193929877184,6.145367005150323,-0.018333333333333333,0.08839190935720642,0.17603639614507907,0.07443517170686499
direction_p2_logistic,1,oof_scored_purged,8,213649,0.5188393023927507,0.4313378334,0.6063014268,10.970491319875123,0.0,0.15825356074263502,10.51786801007178,0.0415,0.15162142477761853,0.23332662451029493,0.05930287527673895
direction_p2_logistic,1,oof_scored_purged,9,213648,0.725383304005158,0.6063029766000001,0.9997730255999999,20.62754156369355,0.0,0.30024889838183944,20.04286406719274,0.5546111111111112,0.2916371467389539,0.401983636635962,0.05723900996030854
direction_p2_logistic,2,oof_scored_purged,0,213633,-0.7349053472790513,-0.9985207907158,-0.6276709438,-25.085768584441542,0.0,-0.36405949625587075,-25.866120068746085,-2.4794444444444443,-0.3753839965491146,0.10701998286781536,0.4855570066422322
direction_p2_logistic,2,oof_scored_purged,1,213633,-0.546966374783189,-0.6276709438,-0.46685838700000004,-13.591310799361521,0.0,-0.1971125001817449,-14.28061580167869,-0.45072222222222225,-0.20712313123281417,0.10593400832268422,0.3244582999817444
direction_p2_logistic,2,oof_scored_purged,2,213633,-0.3879013026358259,-0.46685826779999995,-0.31171131139999997,-8.06066244447253,0.0,-0.11678473225016137,-8.75663834923834,-0.16994444444444445,-0.12690928067150845,0.11458903821038885,0.24455491426886294
direction_p2_logistic,2,oof_scored_purged,3,213633,-0.23982320878807956,-0.311711073,-0.1688808798,-4.096946632776771,0.0,-0.059341513256532974,-4.747568978841067,-0.12891666666666668,-0.06882184837107945,0.12376365074684155,0.19450646669756078
direction_p2_logistic,2,oof_scored_purged,4,213632,-0.1001520590191254,-0.1688801646,-0.03225570919999998,-0.8802356388556022,0.0,-0.01291357091756247,-1.571852484344715,-0.12891666666666668,-0.02301233213395993,0.13935646345116837,0.16583189784301977
direction_p2_logistic,2,oof_scored_purged,5,213633,0.036103580935138296,-0.03225570919999998,0.10617732999999996,1.564528888327178,0.0,0.022700106618363938,0.7867069229547036,-0.12891666666666668,0.011319802377606313,0.16298980026494034,0.14853978552002733
direction_p2_logistic,2,oof_scored_purged,6,213633,0.18149557326205967,0.10617732999999996,0.25992167,4.983001221721363,0.0,0.07202370795541942,4.1355496317320855,-0.06333333333333334,0.05960836488054785,0.20033421802811363,0.13746471752959516
direction_p2_logistic,2,oof_scored_purged,7,213633,0.3446010879920846,0.25992262360000007,0.43132996560000003,9.866738752908024,0.0,0.14259454757902626,8.93787683227939,0.010944444444444444,0.12897521566727435,0.25601381808990187,0.12453132240805494
direction_p2_logistic,2,oof_scored_purged,8,213633,0.5188353821381079,0.431330204,0.6062995196000001,16.075016500259792,0.0,0.23293488663373538,15.168376262971268,0.28555555555555556,0.2196503187745825,0.32031568156605017,0.10322843380938339
direction_p2_logistic,2,oof_scored_purged,9,213632,0.725384415778314,0.6063009500000001,0.9997730255999999,27.36516299056321,0.0,0.3998338343535427,26.194401289209896,1.8766666666666667,0.38258939201383985,0.4837524340922708,0.09856669412822049
direction_p2_logistic,5,oof_scored_purged,0,213585,-0.7348897821453815,-0.9985207907158,-0.6276554167999999,-31.847351171664677,-12.0,-0.46433332805465044,-33.80949175643786,-13.376541786743516,-0.49280781423694264,0.19074373200365194,0.5583631809349907
direction_p2_logistic,5,oof_scored_purged,1,213585,-0.5469394111745834,-0.6276537477999999,-0.4668406248,-19.054030011470843,0.0,-0.27827414608835693,-20.780840062946815,-1.9305555555555556,-0.3033541266052142,0.18761148957089682,0.4309946859564108
direction_p2_logistic,5,oof_scored_purged,2,213585,-0.38789469355671236,-0.466838479,-0.3117172718,-11.399204063955802,0.0,-0.1664607726101535,-13.138460416418404,-0.5787222222222222,-0.19176471787441027,0.1981740290750755,0.3467003768991268
direction_p2_logistic,5,oof_scored_purged,3,213585,-0.23983904151508395,-0.3117170334,-0.16890430460000005,-5.695039445653955,0.0,-0.0831039806876988,-7.321679500948581,-0.2921111111111111,-0.10681149241058432,0.20820282323196854,0.29037619683030175
direction_p2_logistic,5,oof_scored_purged,4,213584,-0.1001783416088443,-0.16890245680000004,-0.03227877619999997,-1.0504227844782381,0.0,-0.015319152992337156,-2.777919495448192,-0.17816666666666667,-0.04054929025564487,0.22954902988987938,0.2568404000299648
direction_p2_logistic,5,oof_scored_purged,5,213585,0.03608194068408175,-0.032278120600000015,0.10615456100000009,3.278558887562329,0.0,0.047883969428200744,1.3391908302827575,-0.09305555555555556,0.019503822596166943,0.26148840040265,0.2375307254722944
direction_p2_logistic,5,oof_scored_purged,6,213585,0.1814698079022188,0.10615468019999996,0.2598882914,8.5033382494089,0.0,0.12357321791022706,6.388995826024379,-0.027777777777777776,0.09259391986266634,0.3067116136432802,0.2266498115504366
direction_p2_logistic,5,oof_scored_purged,7,213585,0.34457068056934337,0.2598884105999999,0.43130350119999994,15.309415455205187,0.0,0.22279333496729503,12.988380654734241,0.5388888888888889,0.18875827815268958,0.36370999836130813,0.21149425287356322
direction_p2_logistic,5,oof_scored_purged,8,213585,0.5188175502901018,0.43130493159999994,0.6062877177999999,24.407835288058617,0.0,0.35614382479446155,22.140698529664746,1.5027777777777778,0.3229207078019429,0.4293840859610928,0.18264859423648663
direction_p2_logistic,5,oof_scored_purged,9,213584,0.7253527819490776,0.6062883137999999,0.9997730255999999,37.901017866506855,14.0,0.557024670150612,34.971276120040315,11.909283642044187,0.5138696870537697,0.5656509850925163,0.17699359502584464
direction_p2_logistic,10,oof_scored_purged,0,213505,-0.7348949089148612,-0.9985207907158,-0.6276432276,-34.11081707688344,-20.0,-0.49878285591895866,-38.025081611310114,-20.919971098265897,-0.5555662106082441,0.2622561532516803,0.5807264466874312
direction_p2_logistic,10,oof_scored_purged,1,213505,-0.5469056746504738,-0.6276430786,-0.466799438,-21.077157443619587,0.0,-0.3096034720795916,-24.508477053961474,-5.621444444444444,-0.35943055932501855,0.25868246645277626,0.4856513898971921
direction_p2_logistic,10,oof_scored_purged,2,213505,-0.38787359152411793,-0.46679890160000004,-0.31171131139999997,-12.728502845366618,0.0,-0.1872721438956022,-16.194938340884192,-1.3222222222222222,-0.2377022361839021,0.2677033324746493,0.41120816842696895
direction_p2_logistic,10,oof_scored_purged,3,213505,-0.2398454376367017,-0.311711073,-0.16892093419999998,-6.043863141378422,0.0,-0.08847344389450953,-9.290682607804403,-0.32,-0.13579816511883802,0.27665394253061987,0.35943420528793235
direction_p2_logistic,10,oof_scored_purged,4,213504,-0.10019696459218094,-0.16891908639999997,-0.032310485799999955,0.0037961818045563547,0.0,-1.3225596187079723e-05,-3.4452093876342924,-0.31666666666666665,-0.050390173929429474,0.3007953012589928,0.322748051558753
direction_p2_logistic,10,oof_scored_purged,5,213505,0.03605413226373808,-0.03230893619999997,0.10611760619999999,5.110540736750896,0.0,0.07450380009296621,1.2466614270643053,-0.206,0.017957779071366604,0.32990328095360766,0.3054354698953186
direction_p2_logistic,10,oof_scored_purged,6,213505,0.18142721200659376,0.10612034799999992,0.25983929640000003,10.891597386478068,0.0,0.15935041491895516,6.682594782030864,0.1842777777777778,0.09768158232187085,0.37283435985105734,0.2991686377368212
direction_p2_logistic,10,oof_scored_purged,7,213505,0.34450725328173204,0.2598403692,0.4312435388,20.510529027423246,0.0,0.30023848301061257,15.87800083258051,1.6444444444444444,0.23231190101848034,0.42864101543289385,0.2840963911852181
direction_p2_logistic,10,oof_scored_purged,8,213505,0.5187696355550165,0.4312443734,0.6062548160000001,31.467581555467085,0.0,0.46137655944801,26.942977632607622,5.722777777777778,0.395073843989524,0.4898526966581579,0.2535959345214398
direction_p2_logistic,10,oof_scored_purged,9,213504,0.7253196784706029,0.6062549352,0.9997730255999999,46.5523409397482,24.0,0.686876360118721,40.71432888584375,21.395416666666666,0.6008909489648213,0.597314336031175,0.24892742056354916
direction_p2_logistic,30,oof_scored_purged,0,213185,-0.7348716621013466,-0.9985207907158,-0.627622813,-33.7130473532378,-31.0,-0.4956220881531464,-45.905965693558116,-34.61,-0.6722836581523177,0.355268897905575,0.5856603419565166
direction_p2_logistic,30,oof_scored_purged,1,213185,-0.5468424744889894,-0.627622068,-0.4667153358,-18.693557239017753,-15.0,-0.2765263420921717,-29.29236734878676,-19.675833333333333,-0.4303295134035218,0.35749231887796984,0.5341088725754626
direction_p2_logistic,30,oof_scored_purged,2,213185,-0.3878242861445945,-0.4667113424,-0.31168365480000004,-7.132431925323076,0.0,-0.10571272978452684,-17.863867275330286,-5.485555555555557,-0.26177819511681794,0.37355348640851843,0.47460656237540166
direction_p2_logistic,30,oof_scored_purged,3,213185,-0.23982770077330112,-0.3116832972,-0.1688978672,-2.928306400544128,0.0,-0.043572704113931465,-12.978021744076703,-2.4575555555555555,-0.19001485428914025,0.38129793371953935,0.4471374627670802
direction_p2_logistic,30,oof_scored_purged,4,213184,-0.10017970064788258,-0.1688978672,-0.032310485799999955,6.30566083758631,0.0,0.09139668085713558,-4.3252288179848195,-0.95,-0.063824706501553,0.4044721930351246,0.41399917442209544
direction_p2_logistic,30,oof_scored_purged,5,213185,0.03601615114029036,-0.03230893619999997,0.10602438439999995,14.932216150292,0.0,0.21852827631183214,3.1189071976328586,-0.2958333333333343,0.045684841757461035,0.4245655182118817,0.40027675493116305
direction_p2_logistic,30,oof_scored_purged,6,213185,0.18131217927175083,0.10602605339999993,0.2597006559999999,20.182022656378262,0.0,0.2970484452723756,7.340352754445293,1.9084444444444442,0.10895975554888485,0.4579027605131693,0.3954781058704881
direction_p2_logistic,30,oof_scored_purged,7,213185,0.3443785970192031,0.25970113280000007,0.43113768100000005,32.91833618687994,0.0,0.4856353562606346,18.746328441664055,5.138361111111109,0.2779528419890758,0.4933133194174074,0.3864061730421934
direction_p2_logistic,30,oof_scored_purged,8,213185,0.5186987670757942,0.4311379194,0.6062176228,46.94311982550367,20.0,0.6926282069541283,33.066578822609216,16.305222222222223,0.48945097661101467,0.5404367098998523,0.3573844313624317
direction_p2_logistic,30,oof_scored_purged,9,213184,0.7253123561443073,0.6062177419999999,0.9997730255999999,65.98380272440708,39.0,0.9769229024851839,48.093488969856864,31.690833333333334,0.7137457381611186,0.6027187781447013,0.34133424647253074
direction_p2_logistic,60,oof_scored_purged,0,212705,-0.7348616382367473,-0.9985207907158,-0.6276234686,-23.600557109611906,-35.0,-0.34760062641970346,-47.213369017825194,-38.232,-0.6896438974767356,0.4111374908911403,0.5628546578594767
direction_p2_logistic,60,oof_scored_purged,1,212705,-0.5468403419794936,-0.627622813,-0.46672290559999996,-8.869123903998496,-23.0,-0.13453203866041924,-29.605427160595287,-26.19886111111111,-0.43547847523913286,0.4125008815025505,0.5410310053830423
direction_p2_logistic,60,oof_scored_purged,2,212705,-0.38787716746249784,-0.46672171360000003,-0.3117902278,8.587882278272724,-1.0,0.12144138888494217,-12.5831623331519,-11.348777777777778,-0.1865218762540168,0.4326226463881902,0.5004818880609294
direction_p2_logistic,60,oof_scored_purged,3,212705,-0.24001569439220233,-0.3117899298,-0.16915619380000002,10.267398509673022,0.0,0.14856502023968796,-9.656270740460082,-7.723277777777778,-0.14183568089517126,0.4361110458146259,0.4853153428457253
direction_p2_logistic,60,oof_scored_purged,4,212704,-0.10046693772993925,-0.169156015,-0.0325934886,19.573625789829997,0.0,0.28782461998353936,-1.515238269923701,-3.5393333333333334,-0.02017120750049532,0.4546599969911238,0.45735388145027833
direction_p2_logistic,60,oof_scored_purged,5,212705,0.03573730885632496,-0.03259330979999997,0.1057392358,28.152161444253778,0.0,0.4150350821506787,4.8745269759100545,-0.7160277777777786,0.07439060605592007,0.46910979995768787,0.44093462777085635
direction_p2_logistic,60,oof_scored_purged,6,212705,0.18109222760338028,0.10573959360000007,0.25954818720000006,32.925540067229264,0.0,0.48508923782884406,7.747583167931609,1.3581666666666667,0.11629864697119772,0.48408829129545616,0.44325239181025367
direction_p2_logistic,60,oof_scored_purged,7,212705,0.3442607696539141,0.2595492602,0.43102836600000005,46.0730542300369,9.0,0.6814635430270937,18.278245738656445,7.742111111111111,0.27414966540704905,0.512475024094403,0.43654356973272845
direction_p2_logistic,60,oof_scored_purged,8,212705,0.5185388351088643,0.4310287237999999,0.6059827804,55.77928821607391,28.0,0.8261050055430964,28.669958029797538,19.45363888888889,0.429246210338017,0.5474671493382854,0.40848593121929433
direction_p2_logistic,60,oof_scored_purged,9,212704,0.7251881162282168,0.6059832571999999,0.9997730255999999,75.76750084624642,41.0,1.1250492603613953,41.00333925692311,28.038444444444444,0.6138296612294252,0.5779063863397021,0.39823886715811646
direction_p2_logistic,120,oof_scored_purged,0,211747,-0.7348714466807292,-0.9985207907158,-0.6275889278,1.0732548749214865,-21.0,0.014358198784753648,-45.65009988769268,-24.835750000000004,-0.6627751752594079,0.45986483869901346,0.526491520541023
direction_p2_logistic,120,oof_scored_purged,1,211747,-0.546730433467269,-0.6275887192,-0.46656113860000004,11.3839346011986,-22.0,0.16507809004779858,-29.63179628685226,-27.249388888888888,-0.43061707455735654,0.45071712940443076,0.5337076794476427
direction_p2_logistic,120,oof_scored_purged,2,211747,-0.3877200469419392,-0.4665606618,-0.31168609859999996,32.33805909883021,-7.0,0.4700789270668672,-9.618659934598016,-13.107305555555556,-0.14082592623829918,0.471869731330314,0.5097687334413239
direction_p2_logistic,120,oof_scored_purged,3,211747,-0.2399170759978021,-0.31168365480000004,-0.16905397180000004,31.171164172337743,-1.0,0.455864237484068,-8.5535989080496,-8.059055555555553,-0.12357694907737049,0.47743769687409976,0.5018300141206251
direction_p2_logistic,120,oof_scored_purged,4,211747,-0.10040040724595485,-0.16905289879999996,-0.03257566700000003,41.96610577717748,0.0,0.617401487020962,-0.22775629107414336,-3.302722222222222,0.0008206538744110309,0.487468535563668,0.490864097248131
direction_p2_logistic,120,oof_scored_purged,5,211747,0.03570720626043533,-0.03257542840000005,0.10563874240000004,50.41376973463615,0.0,0.7413480408072597,4.009386403905462,-2.227277777777772,0.061958749000125594,0.48791246156970347,0.4869537703013502
direction_p2_logistic,120,oof_scored_purged,6,211747,0.1808873844799265,0.1056389808,0.2592232228,56.83749238477995,0.0,0.8356559561277909,7.180733913349773,-2.159083333333335,0.10806690075535906,0.495029445517528,0.4842902142651372
direction_p2_logistic,120,oof_scored_purged,7,211747,0.3438714679525661,0.25922417640000006,0.4306038618000001,76.02268036855304,17.0,1.1222767725165008,21.45734407760497,7.471555555555554,0.322579869857746,0.5191903545268646,0.46607035754933956
direction_p2_logistic,120,oof_scored_purged,8,211747,0.5181376464658655,0.4306046962000001,0.6056398154,78.60733327981033,31.0,1.1644466797124637,25.56572460116364,19.308999999999997,0.3877710233913567,0.5398093007220881,0.44404879407972725
direction_p2_logistic,120,oof_scored_purged,9,211747,0.7248759637197155,0.6056404114,0.9997730255999999,103.22156630318257,46.0,1.536288747943488,35.46872231224289,28.940944444444447,0.539802559565048,0.5586997690640245,0.4331678843147719
direction_p2_logistic,300,oof_scored_purged,0,209047,-0.7349337231203139,-0.9985207907158,-0.6276274025999999,66.37636990724575,-23.0,0.9794394270195926,-45.51741944240928,-24.133305555555552,-0.6494532862979143,0.48111668667811547,0.5176156558094591
direction_p2_logistic,300,oof_scored_purged,1,209047,-0.5467968837302578,-0.6276272834000001,-0.466667056,85.27003975182615,-18.0,1.2539651883220087,-13.927831983186975,-21.026111111111106,-0.19315594163052896,0.48558936507101275,0.5131573282563251
direction_p2_logistic,300,oof_scored_purged,2,209047,-0.3878129536354791,-0.4666665792,-0.31169229740000004,109.40550211196525,-3.0,1.6066611698366489,5.584643612075851,-10.42736111111111,0.08868986148365708,0.4951661588063928,0.5025664085110046
direction_p2_logistic,300,oof_scored_purged,3,209047,-0.23977766305132722,-0.31169229740000004,-0.1687867046,98.73708065650308,-6.0,1.45634176213437,-1.664098124161012,-8.789305555555558,-0.012680278008796406,0.49346319248781373,0.5038771185427201
direction_p2_logistic,300,oof_scored_purged,4,209047,-0.10015794022846537,-0.16878652579999998,-0.03241854899999996,102.31218338459772,-2.0,1.5131501287437437,-4.024587006681807,-11.482166666666672,-0.04514218178710899,0.4971370074672203,0.5008969274852066
direction_p2_logistic,300,oof_scored_purged,5,209047,0.03578623134912149,-0.0324183106,0.10570442680000003,116.84777585901735,11.0,1.7293156018549087,0.266430177122307,-8.300166666666655,0.018319261350757805,0.509827933431238,0.48818686706817127
direction_p2_logistic,300,oof_scored_purged,6,209047,0.18105496153262854,0.10570585720000003,0.25948572159999994,127.59213717489368,17.0,1.8789107887832037,4.863691407296088,-9.234527777777771,0.07593838988935066,0.5119949102354973,0.48567068649633816
direction_p2_logistic,300,oof_scored_purged,7,209047,0.34426650722633667,0.25948643680000005,0.43113017079999993,141.19620707305054,26.0,2.081976547954433,8.985177221985904,-9.234055555555557,0.1391585747044494,0.5208876472754931,0.4764909326610762
direction_p2_logistic,300,oof_scored_purged,8,209047,0.5185889232013777,0.4311310051999999,0.605976224,144.94400302324357,33.0,2.142604146217188,19.70344528854461,5.472833333333341,0.3039688791556003,0.5273168234894545,0.469712552679541
direction_p2_logistic,300,oof_scored_purged,9,209047,0.7251331955187149,0.6059769392000001,0.9997730255999999,184.79302262170708,46.0,2.7434473616244026,25.730548849414195,7.024805555555531,0.39737530405463173,0.530770592259157,0.4674594708367018
direction_p2_logistic,600,oof_scored_purged,0,204547,-0.7346190558452043,-0.9985207907158,-0.627107799,171.28039032593975,-11.0,2.521821117300402,-26.092517503942915,-39.64172222222223,-0.363668136078298,0.4931091631752116,0.5053948481278141
direction_p2_logistic,600,oof_scored_purged,1,204547,-0.5460877689364684,-0.6271067262000001,-0.46567165860000004,165.55890333273038,-17.0,2.4383915834861503,-9.969656494961441,-52.18211111111111,-0.13307855983290545,0.48715454149901977,0.5113592475079077
direction_p2_logistic,600,oof_scored_purged,2,204547,-0.3865841725089305,-0.46567141999999995,-0.310327351,193.27380259793594,5.0,2.850571923842886,6.489239900915514,-43.30486111111111,0.10853394261771644,0.5024664258092272,0.49582736485990997
direction_p2_logistic,600,oof_scored_purged,3,204547,-0.23839967514718965,-0.31032705299999996,-0.16747057440000002,190.00210465076486,0.0,2.8059443964299566,6.166371925168034,-43.18211111111111,0.10804421777491309,0.49801757053391155,0.4994304487477206
direction_p2_logistic,600,oof_scored_purged,4,204547,-0.09888867803827384,-0.16747009759999998,-0.031114578199999965,199.43925112565816,6.0,2.9478620651225125,3.511700767111165,-37.94422222222222,0.07048318194134649,0.504549076740309,0.4933193838091001
direction_p2_logistic,600,oof_scored_purged,5,204547,0.037183508798529434,-0.031114160999999974,0.10730099680000005,208.31137342517857,9.0,3.0799786184396836,-5.258280099653861,-37.6851111111111,-0.06242057463201062,0.5065535060401766,0.49152517514312116
direction_p2_logistic,600,oof_scored_purged,6,204547,0.18262766782396317,0.10730218880000009,0.2610669135999999,222.85959461639624,20.0,3.2908559453225443,0.20415324510286897,-31.2967032967033,0.009298239941966702,0.5113739140637604,0.48716920805487246
direction_p2_logistic,600,oof_scored_purged,7,204547,0.345840940358215,0.2610675095999999,0.4326993228,239.54710164412091,27.0,3.5427451086112995,3.6063053518053376,-26.036027777777804,0.06658365881278672,0.5166587630226794,0.4819723584310696
direction_p2_logistic,600,oof_scored_purged,8,204547,0.5198898917041824,0.4327023029999999,0.6069853305999999,239.59229663598097,37.0,3.552673280137447,18.009691953439873,-16.145916666666665,0.29025380666631084,0.5195676299334627,0.47830083061594647
direction_p2_logistic,600,oof_scored_purged,9,204547,0.725738924441129,0.6069859266,0.9997730255999999,279.9968540237696,18.0,4.168416811172392,3.3329909550153123,-40.23094444444445,0.07325929480608159,0.5107041413464876,0.4873012070575467
direction_p2_lightgbm,1,oof_scored_purged,0,213649,-0.7876016301685587,-0.992289722558,-0.6810533108,-16.918272493669523,0.0,-0.24538029039339215,-17.20951886960232,-0.24222222222222223,-0.2496277312528916,0.04473224775215424,0.3409985537025682
direction_p2_lightgbm,1,oof_scored_purged,1,213649,-0.5993210768614841,-0.6810523612,-0.5172263995999999,-10.037463315999608,0.0,-0.1443932778042415,-10.398420381987549,-0.18666666666666668,-0.14964159005060368,0.06103936830970423,0.24384387476655636
direction_p2_lightgbm,1,oof_scored_purged,2,213649,-0.4336768702691611,-0.5172263993999999,-0.34983363320000005,-6.937310729280268,0.0,-0.0995545983370247,-7.316823199203194,-0.1322222222222222,-0.10508592250953734,0.07154257684332714,0.19104699764567118
direction_p2_lightgbm,1,oof_scored_purged,3,213649,-0.2689443318900299,-0.34983357559999995,-0.1891288096,-3.6573492036002975,0.0,-0.052646982481845864,-4.092069222715406,-0.11444444444444445,-0.05900590499648457,0.08723186160478168,0.15366793198189554
direction_p2_lightgbm,1,oof_scored_purged,4,213648,-0.11213235838726411,-0.18912870039999996,-0.03565045440000003,-1.2990620085374074,0.0,-0.01880624043262933,-1.7514912428934821,-0.08527777777777777,-0.025400860975482577,0.10121321051449113,0.12637141466337154
direction_p2_lightgbm,1,oof_scored_purged,5,213649,0.04182823122690206,-0.035650247199999985,0.1203501482,1.2874949098755435,0.0,0.018278119924062506,0.8521505222216987,-0.07833333333333334,0.011911109609189886,0.11711264737958052,0.10336580091645643
direction_p2_lightgbm,1,oof_scored_purged,6,213649,0.20127513090477747,0.12035151440000003,0.28298940680000007,4.186352381710188,0.0,0.0602424380935232,3.7640414131473445,-0.049444444444444444,0.054036845928135464,0.14448932595050762,0.08689486026145687
direction_p2_lightgbm,1,oof_scored_purged,7,213649,0.36778525165217896,0.28298958080000003,0.4549552619999999,7.839538214548161,0.0,0.11269885764006382,7.43498490767876,-0.007222222222222222,0.10677123180288058,0.1874476360759938,0.07124770066791794
direction_p2_lightgbm,1,oof_scored_purged,8,213649,0.5476825250383535,0.45495581239999994,0.646140991,11.232952178573267,0.0,0.16203631646187622,10.817150118350694,0.07005555555555555,0.15596605149168086,0.23416444729439406,0.05652261419430936
direction_p2_lightgbm,1,oof_scored_purged,9,213648,0.7716761229249709,0.6461424988,0.9927697096000001,18.365828371901447,0.0,0.26733776630457773,17.900071539631963,0.24555555555555555,0.26049981907681113,0.34260559424848347,0.04405845128435557
direction_p2_lightgbm,2,oof_scored_purged,0,213633,-0.7876066774086803,-0.992289722558,-0.6810536262,-21.615532244550234,0.0,-0.31482927533418054,-22.199755284707802,-0.8155555555555556,-0.3233482866392904,0.08005785623007682,0.4057893677474922
direction_p2_lightgbm,2,oof_scored_purged,1,213633,-0.5993130263719378,-0.6810533108,-0.5172116538,-13.643643538217411,0.0,-0.1970442066789561,-14.3691300066139,-0.435557535925142,-0.20759188014226065,0.10908427068851723,0.3249591589314385
direction_p2_lightgbm,2,oof_scored_purged,2,213633,-0.43365904749665835,-0.517209999,-0.34982083659999996,-9.584991550930802,0.0,-0.13790493677548296,-10.346652864448343,-0.2644444444444444,-0.14900525352064614,0.12380109814494952,0.26580631269513605
direction_p2_lightgbm,2,oof_scored_purged,3,213633,-0.2689345789243619,-0.34982072379999996,-0.1891221192,-5.12017338145324,0.0,-0.07372848824972679,-5.9910061147690765,-0.20966666666666667,-0.08646642369624483,0.143933755552747,0.22482481639072616
direction_p2_lightgbm,2,oof_scored_purged,4,213632,-0.1121292022801378,-0.18912158700000004,-0.03565045440000003,-1.637661960754943,0.0,-0.02376203249697284,-2.5432903559520716,-0.15666666666666668,-0.036962770010349894,0.16296715847813062,0.19376778759736368
direction_p2_lightgbm,2,oof_scored_purged,5,213633,0.04182554923139778,-0.035650247199999985,0.12034586000000003,2.263781812734924,0.0,0.03259536148451315,1.3929622232545942,-0.12891666666666668,0.019859228268821666,0.18434417903601036,0.16466557133027201
direction_p2_lightgbm,2,oof_scored_purged,6,213633,0.20126637653240184,0.12034753460000003,0.2829807916,5.929753362074211,0.0,0.08563627793254913,5.084551840560864,-0.03666666666666667,0.07321639347495544,0.2167221356251141,0.1468218861318242
direction_p2_lightgbm,2,oof_scored_purged,7,213633,0.3677723080416134,0.28298086339999995,0.4549464752000001,11.28563939091807,0.0,0.1626068031293874,10.47542260418259,0.11777777777777777,0.15073543411648113,0.265202473400645,0.12353428543343023
direction_p2_lightgbm,2,oof_scored_purged,8,213633,0.547679360501857,0.4549470929999999,0.6461408846000001,16.311136388104835,0.0,0.2361066471435369,15.478143377462812,0.3288888888888889,0.22394575029279382,0.3141649464268161,0.09987221075395655
direction_p2_lightgbm,2,oof_scored_purged,9,213632,0.7716734290609543,0.646140991,0.9927697096000001,23.95119644997004,0.0,0.3501988370050273,23.01885042558652,1.0655555555555556,0.33651003161614473,0.41379100509287,0.07719817255841821
direction_p2_lightgbm,5,oof_scored_purged,0,213585,-0.7876003681431767,-0.992289722558,-0.6810422762,-27.966556640213497,0.0,-0.41011573397322443,-29.439650654742913,-4.228184438040346,-0.4315947225984618,0.14839993445232577,0.4890418334620877
direction_p2_lightgbm,5,oof_scored_purged,1,213585,-0.5992944483440326,-0.6810410981999999,-0.5171787016,-18.523583116791908,0.0,-0.2688513808137736,-20.34812234927551,-1.6602222222222223,-0.2953772881501467,0.1937121052508369,0.41908841913055694
direction_p2_lightgbm,5,oof_scored_purged,2,213585,-0.43363728910239957,-0.5171782868,-0.349809535,-12.260074443430016,0.0,-0.1773113791585789,-14.16387265758895,-0.7596666666666667,-0.20505996605157825,0.2141723435634525,0.35886415244516234
direction_p2_lightgbm,5,oof_scored_purged,3,213585,-0.2689359606686584,-0.34980805559999995,-0.18913817759999996,-6.286026640447597,0.0,-0.09064643449188824,-8.458335978426394,-0.5167222222222222,-0.12242566013315782,0.24200669522672472,0.3190720322119999
direction_p2_lightgbm,5,oof_scored_purged,4,213584,-0.11215089918736704,-0.18913690380000003,-0.03567523780000004,-1.476758558693535,0.0,-0.02125860385051823,-3.733630317550102,-0.2921111111111111,-0.05416056605094997,0.26091842085549477,0.2872499812720054
direction_p2_lightgbm,5,oof_scored_purged,5,213585,0.04179799040980687,-0.03567516920000002,0.12033135060000011,3.8826368892946603,0.0,0.05644941949783232,1.7148216684514412,-0.09305555555555556,0.024738414333041255,0.2851370648687876,0.2626635765620245
direction_p2_lightgbm,5,oof_scored_purged,6,213585,0.20123858039838377,0.12033174019999993,0.2829578682,9.16718168410703,0.0,0.13323754367668808,7.0575525099993035,0.059722222222222225,0.10223387869206065,0.32218086476110214,0.2407425615094693
direction_p2_lightgbm,5,oof_scored_purged,7,213585,0.3677481209193754,0.28295847379999994,0.45490867179999994,16.824615492661003,0.0,0.24345751577807118,14.798205357659103,0.7138888888888889,0.2137634527327307,0.3639019594072617,0.21374160170423953
direction_p2_lightgbm,5,oof_scored_purged,8,213585,0.547658926889687,0.4549098439999999,0.6461199534,23.607957019453615,0.0,0.34375636415334804,21.521323928603127,1.2083333333333333,0.31328792406864603,0.41223868717372475,0.18345857621087625
direction_p2_lightgbm,5,oof_scored_purged,9,213584,0.7716445639250245,0.646121196,0.9927697096000001,33.38470344220541,0.0,0.4912099900484718,31.051836396076066,3.7902222222222224,0.456953177032803,0.498557944415312,0.144669076335306
direction_p2_lightgbm,10,oof_scored_purged,0,213505,-0.7876154858347617,-0.992289722558,-0.6810507316000001,-31.33810683590548,-8.0,-0.4620424252121667,-34.290806038289205,-10.743944444444445,-0.505085935298543,0.21409334676002903,0.5319734900821995
direction_p2_lightgbm,10,oof_scored_purged,1,213505,-0.5993081945729243,-0.6810502932,-0.5171921298,-19.76624669211494,0.0,-0.2880795468049658,-23.398200840006844,-3.249111111111111,-0.3408740814982256,0.264438771925716,0.46709444743682815
direction_p2_lightgbm,10,oof_scored_purged,2,213505,-0.4336313313175148,-0.5171909729999999,-0.3498006854,-12.43202266925833,0.0,-0.18072529380703675,-16.223583645351066,-1.5152222222222222,-0.23598355141964833,0.2888925317908246,0.41178895107842906
direction_p2_lightgbm,10,oof_scored_purged,3,213505,-0.2689303081636983,-0.34980049339999997,-0.18913932180000004,-5.838422987752043,0.0,-0.083990134083072,-10.167229927060204,-0.682,-0.14731438847114373,0.31432050771644693,0.38119481979344744
direction_p2_lightgbm,10,oof_scored_purged,4,213504,-0.11216658608575203,-0.18913877219999997,-0.03569487019999995,-0.369716726618705,0.0,-0.00467285298495533,-4.868196970975256,-0.31666666666666665,-0.07024981497539684,0.3324808902877698,0.35455073441247004
direction_p2_lightgbm,10,oof_scored_purged,5,213505,0.041771573610888735,-0.03569428640000005,0.12029023700000008,6.434928924381162,0.0,0.09406662220967041,2.1149212842465412,-0.09444444444444444,0.030872476666665427,0.35821643521229013,0.3274536896091426
direction_p2_lightgbm,10,oof_scored_purged,6,213505,0.20119773095234023,0.12029045100000002,0.28291916699999997,12.080602327814336,0.0,0.17658881766727957,7.870316997269106,0.23794444444444443,0.11471320801801971,0.3857005690733238,0.31350553851197865
direction_p2_lightgbm,10,oof_scored_purged,7,213505,0.367711205170989,0.2829192186,0.454867409,21.03029671436266,0.0,0.3057086147559214,16.980737330558018,1.6444444444444444,0.2463719424191851,0.41752652162712817,0.29109856912016113
direction_p2_lightgbm,10,oof_scored_purged,8,213505,0.5476235541720943,0.45486850039999993,0.6460686980000001,29.119140066977355,0.0,0.42565394484083896,24.962314118372092,3.138888888888889,0.36495612551762835,0.4649071450317323,0.2592819840284771
direction_p2_lightgbm,10,oof_scored_purged,9,213504,0.7716100513782589,0.6460699774,0.9927697096000001,41.655568513938846,12.0,0.6156923743918157,37.01987828106521,10.376011560693641,0.5476223867292527,0.5440600644484412,0.21304987260191846
direction_p2_lightgbm,30,oof_scored_purged,0,213185,-0.7876174626691315,-0.992289722558,-0.6809978172,-32.36602950489012,-24.0,-0.4808348521920328,-41.660072650431545,-25.766222222222222,-0.6161168646988978,0.31566010741843936,0.5667847174988859
direction_p2_lightgbm,30,oof_scored_purged,1,213185,-0.5992261851454896,-0.6809962982,-0.5171030146,-16.140424982995988,-5.0,-0.23652625169786315,-27.376902161836536,-12.091555555555555,-0.3997156433670632,0.36675188216807,0.5110303257733894
direction_p2_lightgbm,30,oof_scored_purged,2,213185,-0.43355171126131103,-0.5171026644000001,-0.34977236980000004,-6.8261134695217764,0.0,-0.09807538794494945,-18.555584987446945,-5.6,-0.2689102009607613,0.3915894645495696,0.4731618078194995
direction_p2_lightgbm,30,oof_scored_purged,3,213185,-0.26892806077010767,-0.34977222139999997,-0.18916584059999997,0.5247343856275066,0.0,0.00995394201588536,-12.837615309874106,-2.4575555555555555,-0.18541209665478992,0.411858245186106,0.4533058141989352
direction_p2_lightgbm,30,oof_scored_purged,4,213184,-0.11221857721111717,-0.18916583720000002,-0.03574787899999998,7.699740599669769,0.0,0.11317814172126833,-6.187819282665503,-0.95,-0.08914899697544633,0.43021052236565593,0.433419018312819
direction_p2_lightgbm,30,oof_scored_purged,5,213185,0.04169326109747496,-0.03574785960000004,0.12020001040000006,16.056973989727233,0.0,0.23483213878324322,2.891408624272721,0.1388888888888889,0.042315141227404915,0.44633534254286183,0.41473837277482
direction_p2_lightgbm,30,oof_scored_purged,6,213185,0.20109812145138445,0.12020057559999997,0.2828291716,21.420540844806155,0.0,0.3149372159717268,8.579046179377942,2.7296491228070177,0.1263129688653745,0.4616131528953726,0.40557262471562255
direction_p2_lightgbm,30,oof_scored_purged,7,213185,0.36761026609008984,0.28282965300000007,0.4547958592000001,31.870527945211904,0.0,0.4682457692308662,19.43407316845413,5.479611111111111,0.2861690891306498,0.4824542064404156,0.39097028402561157
direction_p2_lightgbm,30,oof_scored_purged,8,213185,0.547595950311946,0.4547969486000001,0.6460680995999999,42.66666275769871,7.0,0.6262644636674635,29.948884819956522,9.41,0.44064982605761355,0.5128268874451767,0.36788235570044797
direction_p2_lightgbm,30,oof_scored_purged,9,213184,0.7716670575911757,0.6460681857999999,0.9927697096000001,59.89118085785049,26.0,0.8887505130178908,45.764767246218895,21.303722222222223,0.6814197335563327,0.5717220804563194,0.3195267937556289
direction_p2_lightgbm,60,oof_scored_purged,0,212705,-0.7876864848026871,-0.992289722558,-0.6810552446,-25.015784772337273,-30.0,-0.3753283658331452,-43.13825221001036,-30.62186111111111,-0.6390421665519997,0.38156601866434736,0.5597705742695283
direction_p2_lightgbm,60,oof_scored_purged,1,212705,-0.5992753686890585,-0.6810546172,-0.5171681342000001,-1.5474154345219906,-9.0,-0.02381361188333745,-23.6048229428737,-16.975555555555555,-0.34418681034607135,0.4269951341059213,0.5168848875202745
direction_p2_lightgbm,60,oof_scored_purged,2,212705,-0.43366372071779696,-0.5171670754,-0.349944044,6.49508474177852,0.0,0.09597138275488633,-16.545709413924975,-10.18961111111111,-0.2397268508518645,0.44077478197503583,0.4940081333301991
direction_p2_lightgbm,60,oof_scored_purged,3,212705,-0.2691526934930378,-0.34994375619999996,-0.18943228320000005,15.221217178721703,0.0,0.22592443783704577,-11.123296602706366,-6.074722222222222,-0.159302447432974,0.45858818551515007,0.48046355280787945
direction_p2_lightgbm,60,oof_scored_purged,4,212704,-0.11252594825443152,-0.18943104619999995,-0.03604140899999997,25.118121897096433,0.0,0.3689565182094029,-2.403867934688328,-4.263333333333334,-0.03209707057431241,0.4705318188656537,0.4684491123815255
direction_p2_lightgbm,60,oof_scored_purged,5,212705,0.04140497336016643,-0.03604113860000002,0.11990448060000003,30.730255518205965,0.0,0.4509043121803392,4.724419134494496,-3.5393333333333334,0.07047743427006457,0.4762229378717002,0.4609200535953551
direction_p2_lightgbm,60,oof_scored_purged,6,212705,0.20085261082963637,0.11990547420000008,0.2825829875999999,31.655821442843376,0.0,0.46818261026434427,6.431394591090438,-0.49861111111111,0.09765839826817674,0.48424343574434076,0.4561011729860605
direction_p2_lightgbm,60,oof_scored_purged,7,212705,0.36733257363887456,0.28258363880000004,0.45452370779999995,41.90063703250981,1.0,0.6178743348897553,17.52774017753015,6.810388888888889,0.26108773870153607,0.5007357607954679,0.4406854563832538
direction_p2_lightgbm,60,oof_scored_purged,8,212705,0.547355631874775,0.4545247282,0.645930463,50.5477374767871,18.0,0.7451313597020156,25.797934362604703,13.950277777777778,0.38396781145191644,0.5270162901671329,0.41725394325474247
direction_p2_lightgbm,60,oof_scored_purged,9,212704,0.771578601776622,0.6459306306000001,0.9927697096000001,69.55109212802768,33.0,1.0346374711898616,42.33464856693713,24.891888888888886,0.6354276611736561,0.5714043929592297,0.3799552429667519
direction_p2_lightgbm,120,oof_scored_purged,0,211747,-0.7877266744438871,-0.992289722558,-0.680950572,-4.0460549618176405,-23.0,-0.06540906178673446,-39.64240664715793,-27.41677777777778,-0.5832203373892301,0.4376118669922124,0.5371079637491912
direction_p2_lightgbm,120,oof_scored_purged,1,211747,-0.598997823327096,-0.6809500291999999,-0.5167645456000001,21.53746924395623,-7.0,0.31688477475106147,-22.54527952455205,-14.107305555555556,-0.32367873609502906,0.4727434154911286,0.5101654332765045
direction_p2_lightgbm,120,oof_scored_purged,2,211747,-0.4332282799782514,-0.5167622718,-0.34952547759999997,30.674401526349843,-1.0,0.4504722099210634,-14.693096579248987,-13.107305555555556,-0.21127684422500345,0.47966204952136277,0.5012869131557944
direction_p2_lightgbm,120,oof_scored_purged,3,211747,-0.2687477324640179,-0.34952546419999997,-0.1890969616,41.43312065814392,0.0,0.6122295917293543,-10.67008545070595,-9.949277777777777,-0.15032691508069446,0.48966455250841806,0.49459968736274895
direction_p2_lightgbm,120,oof_scored_purged,4,211747,-0.11226860380237735,-0.18909637440000004,-0.03586496319999999,49.773248263257564,0.0,0.7323734877046372,-4.992384400521685,-7.0590555555555525,-0.06622277977585728,0.49421243276173926,0.4908404841627036
direction_p2_lightgbm,120,oof_scored_purged,5,211747,0.041480940874867644,-0.03586394000000004,0.1198989654,59.37354248230199,0.0,0.872019591609686,7.7807271721361015,-2.528444444444446,0.1167756251236618,0.49713101012056843,0.4880163591455841
direction_p2_lightgbm,120,oof_scored_purged,6,211747,0.20077832874227167,0.11989900819999999,0.2824687738,57.24631753932759,0.0,0.845782174229629,7.276773395767796,-0.6800555555555547,0.11146468440330558,0.49522307281803285,0.4890931158410745
direction_p2_lightgbm,120,oof_scored_purged,7,211747,0.3672281649409852,0.2824692676,0.4544208409999999,65.87551889755227,2.0,0.9697859397300603,17.74389930436721,3.15825,0.26505730797452215,0.5045644094131204,0.4778769002630498
direction_p2_lightgbm,120,oof_scored_purged,8,211747,0.5472778446282733,0.4544210235999999,0.6458424415999999,72.35839704930885,19.0,1.0674113247090902,23.67165704490466,14.821888888888893,0.35682646204182095,0.524111321529939,0.4578246681180843
direction_p2_lightgbm,120,oof_scored_purged,9,211747,0.771530280174424,0.6458433053999999,0.9927697096000001,88.80939989704694,33.0,1.3212471049141052,36.07019568501086,25.26569444444445,0.5478061643341163,0.553075132115213,0.4303815402343363
direction_p2_lightgbm,300,oof_scored_purged,0,209047,-0.7880697576552721,-0.992289722558,-0.6813697197999999,45.16061459863093,-36.0,0.6677032030072075,-39.6132239046266,-28.517013888888897,-0.571979718049564,0.46570866838557834,0.532593148909097
direction_p2_lightgbm,300,oof_scored_purged,1,209047,-0.5993273801150382,-0.6813695252,-0.5169409734,97.89597076255579,-1.0,1.4423926305698205,-8.575836434350265,-12.39011111111111,-0.11148560503702357,0.4980937301181074,0.5002654905356212
direction_p2_lightgbm,300,oof_scored_purged,2,209047,-0.43319905862899827,-0.5169406646,-0.34936691519999996,108.33521887422445,8.0,1.5948333515213433,-1.5834042002123714,-10.879166666666663,-0.016538829160806626,0.5045659588513588,0.4934536252613049
direction_p2_lightgbm,300,oof_scored_purged,3,209047,-0.268492014228628,-0.3493666448,-0.18877641,120.88582232703651,15.0,1.790045931203319,-8.213467434376492,-10.42736111111111,-0.10518015421246282,0.5094500279841375,0.48880395317799347
direction_p2_lightgbm,300,oof_scored_purged,4,209047,-0.11187735060044392,-0.18877589900000002,-0.03550030039999996,126.14159256052467,7.0,1.8639205794116671,-9.889507290211956,-16.891055555555557,-0.12589524960019835,0.5045611752381044,0.49400374078556497
direction_p2_lightgbm,300,oof_scored_purged,5,209047,0.04189690606749869,-0.035499683199999965,0.12046831700000005,136.5695465612996,9.0,2.0161628406872905,6.13830714534492,-14.296277777777775,0.10242782535345776,0.5081441015656766,0.489841997254206
direction_p2_lightgbm,300,oof_scored_purged,6,209047,0.20136425546554793,0.12046870580000002,0.28307082780000004,132.30240567910565,12.0,1.9568820037407135,8.13707032524383,-10.725805555555553,0.12741393168619064,0.5081967213114754,0.4893445014757447
direction_p2_lightgbm,300,oof_scored_purged,7,209047,0.3679287371170129,0.28307116739999993,0.45515501680000003,123.46067869904854,17.0,1.8208443119204554,6.887932000826561,-4.086222222222233,0.10929303370212788,0.5119996938487518,0.48503924954675265
direction_p2_lightgbm,300,oof_scored_purged,8,209047,0.5480181484081512,0.4551552418,0.6465224854,130.4610972652083,27.0,1.923064538806108,14.698499659808865,5.135361111111138,0.22989090268762558,0.5201414036078011,0.47769161958793954
direction_p2_lightgbm,300,oof_scored_purged,9,209047,0.7719843491012376,0.6465233664000001,0.9927697096000001,156.26137423641575,25.0,2.3099627316225755,32.0136301325534,11.63077777777778,0.48507244554475193,0.5224088362904036,0.4745966218123197
direction_p2_lightgbm,600,oof_scored_purged,0,204547,-0.7882420487237846,-0.992289722558,-0.6814494118000001,148.57107168523615,-21.0,2.206348149073119,-1.010459458498387,-35.099611111111116,0.0035200846689948757,0.48265190885224424,0.5160818784924737
direction_p2_lightgbm,600,oof_scored_purged,1,204547,-0.599197115424019,-0.6814492867999999,-0.5164682848,205.46617403335173,-4.0,3.0299477324617268,9.9972808934707,-38.46586111111105,0.1663625535606224,0.4965949146162007,0.5017086537568383
direction_p2_lightgbm,600,oof_scored_purged,2,204547,-0.43249706266637006,-0.5164674283999999,-0.34848218239999995,210.07396099673915,9.0,3.0963937015709737,11.196717697653149,-38.75677777777778,0.1718211237339217,0.5053704038680596,0.49304560809984993
direction_p2_lightgbm,600,oof_scored_purged,3,204547,-0.26762382299415877,-0.3484820016,-0.18783095100000002,233.7536629723242,26.0,3.459289499719037,-3.3829312852265114,-43.64172222222223,-0.03136211412777977,0.5185507487276763,0.4796403760504921
direction_p2_lightgbm,600,oof_scored_purged,4,204547,-0.1108204889195422,-0.18783008,-0.034181723200000014,231.76487066542163,20.0,3.420745640751238,-15.05345307162214,-51.31155555555557,-0.19780501855644975,0.5127721257217168,0.4852038895706121
direction_p2_lightgbm,600,oof_scored_purged,5,204547,0.04340729634132498,-0.03418070780000004,0.12225338159999999,234.41186133260325,12.0,3.4601523980991145,-2.6801415939847644,-44.46727777777778,-0.026255770088850862,0.5085726018958968,0.4895354123991063
direction_p2_lightgbm,600,oof_scored_purged,6,204547,0.20337049762591577,0.12225452679999993,0.2851797694,209.4288452042807,6.0,3.1106992930297657,-13.590684540194076,-40.08653508771931,-0.18601590247567015,0.5046419649273761,0.4931238297310643
direction_p2_lightgbm,600,oof_scored_purged,7,204547,0.3701684627661799,0.285180212,0.45743246680000005,199.8319286032061,16.0,2.954826394159602,-6.282105447347547,-35.94638888888886,-0.08176255405616308,0.5085579353400441,0.4895940786225171
direction_p2_lightgbm,600,oof_scored_purged,8,204547,0.5500199818748287,0.45743274219999996,0.6482688672000001,200.30615702014697,19.0,2.9608300680928124,-2.3092566779977695,-20.2967032967033,-0.011578468892957258,0.5121219084122476,0.48587855113983586
direction_p2_lightgbm,600,oof_scored_purged,9,204547,0.7731509225453504,0.6482693878000001,0.9927697096000001,236.25313986516545,1.0,3.5000279729078856,23.115033483747258,-24.371166666666667,0.36036513825223954,0.5003202198027837,0.4977877944922194
sweep_dir_p4a,1,oof_scored_purged,0,213649,-0.42643037109228565,-0.9890903930826246,-0.2039285842408358,-26.130854813268492,-4.0,-0.3746484698987659,-26.97968871382729,-6.256666666666667,-0.38698993897322803,0.12423648133152976,0.5318115226375972
sweep_dir_p4a,1,oof_scored_purged,1,213649,-0.13177874075493665,-0.20392833919781542,-0.0794323773996627,-9.053896812060904,0.0,-0.1308929651939589,-9.54818549320712,-0.5388888888888889,-0.13810055241859845,0.09202008902452152,0.267714803252063
sweep_dir_p4a,1,oof_scored_purged,2,213649,-0.05018687812186579,-0.0794319855136244,-0.02808679750083502,-3.8828826720462066,0.0,-0.05729110237008844,-4.216848171491881,-0.1322222222222222,-0.062182633689674076,0.06945504074439852,0.15756685030119494
sweep_dir_p4a,1,oof_scored_purged,3,213649,-0.01608127838721103,-0.02808651431816876,-0.0075453793158382345,-1.3857425028902546,0.0,-0.021104375922404,-1.5608420980591362,-0.03166666666666667,-0.023668461961852554,0.044418649279893654,0.08095989215957014
sweep_dir_p4a,1,oof_scored_purged,4,213648,-0.0033442095985277594,-0.007545359515809855,-0.0002077983760672697,-0.39201864749494497,0.0,-0.00604607759510239,-0.43746612379910765,-0.007222222222222222,-0.006685432244043841,0.023716580543698046,0.0342479218153224
sweep_dir_p4a,1,oof_scored_purged,5,213649,0.002872412358043526,-0.0002077981747151238,0.007023148704865989,0.3043356158933578,0.0,0.004634641196102482,0.22946850273230332,-0.01,0.00354027244373241,0.03035352377029614,0.024821085050714023
sweep_dir_p4a,1,oof_scored_purged,6,213649,0.015384177610245601,0.007023183267479591,0.02701358751778447,1.5182144545492842,0.0,0.02290664750729557,1.271209780028946,-0.06833333333333333,0.019252599872826674,0.07717798819559184,0.04411909253027162
sweep_dir_p4a,1,oof_scored_purged,7,213649,0.048010160295106,0.02701365026216453,0.07594543823654791,4.621620040346549,0.0,0.06822077410387685,4.217334188665236,-0.07833333333333334,0.0622514219246407,0.15374282116930105,0.06862657910872506
sweep_dir_p4a,1,oof_scored_purged,8,213649,0.12602301677716504,0.07594585452314115,0.19490783837849107,10.461059962836242,0.0,0.15166650916685567,9.904358572030123,0.0415,0.1435063820783854,0.26148027840055416,0.09051762470219847
sweep_dir_p4a,1,oof_scored_purged,9,213648,0.41712178593578203,0.19490787351922695,0.9920726509726839,28.00292303227739,2.0,0.40236721972142575,27.120784450179602,2.5880555555555556,0.38950008248576945,0.5149779075863102,0.11763274170598367
sweep_dir_p4a,2,oof_scored_purged,0,213633,-0.42643644100798794,-0.9890903930826246,-0.20392827796832722,-31.212010784850655,-18.0,-0.44752775148893403,-32.912089289241855,-19.155,-0.472245631114908,0.2012704029808129,0.589014805765027
sweep_dir_p4a,2,oof_scored_purged,1,213633,-0.13177136489583327,-0.20392766290225145,-0.07942955125382947,-13.321544424316468,0.0,-0.19290966076320623,-14.313609765617754,-1.8311277330264673,-0.20737514167440943,0.15580926167773707,0.3811770653410288
sweep_dir_p4a,2,oof_scored_purged,2,213633,-0.050184105732177,-0.07942925710896966,-0.028084994021156218,-6.5052332738855885,0.0,-0.09632509807570881,-7.17471952911324,-0.435557535925142,-0.10613063768899511,0.12023891439992886,0.2550401857390946
sweep_dir_p4a,2,oof_scored_purged,3,213633,-0.016079958945280075,-0.02808490591227979,-0.007545029055581399,-2.6778845028623857,0.0,-0.04097259945559116,-3.0287401706342307,-0.06333333333333334,-0.04611003986093182,0.07977700074426704,0.14529590465892442
sweep_dir_p4a,2,oof_scored_purged,4,213632,-0.0033441050885397927,-0.007544953326669858,-0.00020790763638982648,-0.8704454388855603,0.0,-0.013422768806965815,-0.9610900404672722,-0.014444444444444444,-0.014697175144699292,0.04602774865188736,0.06688136608747754
sweep_dir_p4a,2,oof_scored_purged,5,213633,0.0028720743095042487,-0.00020789135925808463,0.007022420961689892,0.7022323330197113,0.0,0.010693412853614297,0.5526397441059674,-0.01888888888888889,0.008507092992266728,0.06041201499768294,0.047974797901073334
sweep_dir_p4a,2,oof_scored_purged,6,213633,0.015383734794721295,0.007022425718734586,0.02701320448654876,3.080111686864857,0.0,0.04661395207197123,2.5853729469230244,-0.06333333333333334,0.039295043719006606,0.14013284464478803,0.08035743541494057
sweep_dir_p4a,2,oof_scored_purged,7,213633,0.048009993141930864,0.027013456634447854,0.07594543823654791,7.909337508718222,0.0,0.11721795677764808,7.099143425826055,-0.03666666666666667,0.1052554545048115,0.2499052112735392,0.11850697223743523
sweep_dir_p4a,2,oof_scored_purged,8,213633,0.12602404499867775,0.07594585452314115,0.1949067306410931,16.307646758693647,0.0,0.23690964236981704,15.191779628982925,0.5616800920598389,0.22055338412254633,0.3796276792443115,0.15051045484545927
sweep_dir_p4a,2,oof_scored_purged,9,213632,0.41712149175647684,0.19490757736136147,0.9920726509726839,34.727348899041345,18.0,0.499598649403647,32.961462840573866,16.1785,0.47384062096344826,0.5808680347513481,0.19248052726183343
sweep_dir_p4a,5,oof_scored_purged,0,213585,-0.4264092630560383,-0.9890903930826246,-0.2039137125405169,-34.92195378888967,-28.0,-0.5005952808152541,-39.17128898667079,-31.118444444444442,-0.5623761269258548,0.3121895264180537,0.6040686377788702
sweep_dir_p4a,5,oof_scored_purged,1,213585,-0.13176278822790705,-0.20391339627843666,-0.07942480674320106,-17.912816911299952,-1.0,-0.25990373580503534,-20.394727910974,-6.765417867435159,-0.2960953912823138,0.2618161387737903,0.501935997378093
sweep_dir_p4a,5,oof_scored_purged,2,213585,-0.05017901505461572,-0.07942404106715867,-0.028081182894601306,-10.244642648126039,0.0,-0.1528690321152919,-11.917921540787486,-1.9305555555555556,-0.17738087188520896,0.21158789240817474,0.39502774071212865
sweep_dir_p4a,5,oof_scored_purged,3,213585,-0.016078370895340487,-0.028081174665281466,-0.007545029055581399,-5.303813470047054,0.0,-0.08147098752912052,-6.183783926530104,-0.2921111111111111,-0.09436071133561583,0.14965470421612004,0.2643256783013788
sweep_dir_p4a,5,oof_scored_purged,4,213584,-0.0033445762436725857,-0.007544953326669858,-0.00020857870979306813,-2.229382818937748,0.0,-0.03436806415774277,-2.4577046857150684,-0.027777777777777776,-0.03758147124318773,0.09857011761180613,0.14102648138437335
sweep_dir_p4a,5,oof_scored_purged,5,213585,0.0028705746957809826,-0.00020856428571478566,0.007019847835375355,1.7361916801273498,0.0,0.02660141607087152,1.359542199681236,-0.027777777777777776,0.021092907000595903,0.1320551536858862,0.1044221270220287
sweep_dir_p4a,5,oof_scored_purged,6,213585,0.015380217799521811,0.007019949518339605,0.02700558638548394,6.592752300021069,0.0,0.10028206900875246,5.35482225380257,0.059722222222222225,0.0819641378017169,0.26198000795936044,0.15177563967507082
sweep_dir_p4a,5,oof_scored_purged,7,213585,0.04800094903469324,0.027005774236140846,0.07593665800169565,13.670482477702086,0.0,0.20377152140794513,11.642483487382913,0.8222222222222222,0.17382357617341837,0.39505115059578155,0.20645176393473325
sweep_dir_p4a,5,oof_scored_purged,8,213585,0.1260095629612512,0.0759373198503367,0.1948773852824036,24.8093335206124,1.0,0.36144201893657396,22.018478457119127,5.460749279538905,0.3205290191578429,0.5062527799236838,0.25266755624224546
sweep_dir_p4a,5,oof_scored_purged,9,213584,0.4170696048349723,0.19487778314486248,0.9920726509726839,44.15799170349839,31.0,0.6370379972498778,39.75027525563923,28.31127777777778,0.5727441961673875,0.612068319724324,0.29689021649561764
sweep_dir_p4a,10,oof_scored_purged,0,213505,-0.42641515267994845,-0.9890903930826246,-0.20393225658109865,-32.34433385634997,-30.0,-0.462296914703755,-40.851070512601524,-34.39922222222222,-0.5859418375550843,0.38515725627034497,0.5811948197934474
sweep_dir_p4a,10,oof_scored_purged,1,213505,-0.13177775662077873,-0.2039321158818466,-0.07942925710896966,-18.13945340858528,-12.0,-0.26319538819893307,-23.063331914180914,-16.053666666666665,-0.3349910496262958,0.34132690100934404,0.5406383925435001
sweep_dir_p4a,10,oof_scored_purged,2,213505,-0.050179711731820315,-0.07942896187441897,-0.028078348963711187,-11.649966042949814,0.0,-0.17501335468740342,-14.96876050792878,-5.621444444444444,-0.22363270559038936,0.2844757734010913,0.4748038687618557
sweep_dir_p4a,10,oof_scored_purged,3,213505,-0.016076351406696616,-0.028077901908146644,-0.007544580939321419,-7.712538348048055,0.0,-0.118944338311983,-9.461926726127338,-0.6833333333333333,-0.14457544861390337,0.21660382660827615,0.3620055736399616
sweep_dir_p4a,10,oof_scored_purged,4,213504,-0.003344899793389715,-0.007544580124318245,-0.00020935880832828667,-3.5232618592625897,0.0,-0.054620782994682246,-3.9750072780337242,-0.09444444444444444,-0.06097962295895834,0.16024992505995203,0.22329792416067146
sweep_dir_p4a,10,oof_scored_purged,5,213505,0.002868558858956518,-0.00020935343552712198,0.007015092356794351,2.698559752699,0.0,0.04135108359880395,1.9476232532945066,0.005555555555555556,0.03036205031266768,0.2083745111355706,0.17141987307088827
sweep_dir_p4a,10,oof_scored_purged,6,213505,0.015370140070880358,0.007015305474118006,0.02699094062065242,9.57001709561837,0.0,0.14636723709819968,7.107342902187279,0.8748888888888889,0.10991693363034054,0.3576216013676495,0.22509543102035082
sweep_dir_p4a,10,oof_scored_purged,7,213505,0.047978296801821085,0.02699112447991233,0.07591548236072433,19.297009437718085,0.0,0.288642112963551,15.255636615249742,4.803555555555556,0.2289569765497351,0.4826725369429287,0.2784197091403012
sweep_dir_p4a,10,oof_scored_purged,8,213505,0.1259862188605123,0.07591572261490455,0.19486078926673994,30.241413550033958,16.0,0.44233758379184707,24.679850908215943,13.81875,0.36080741705126756,0.5510222243038805,0.32913046532868084
sweep_dir_p4a,10,oof_scored_purged,9,213504,0.4170405508838875,0.19486094464135703,0.9920726509726839,52.13860864433453,38.0,0.7535732942721601,43.329827587319066,33.06666666666666,0.6251060608201914,0.5971316696642686,0.3649861360911271
sweep_dir_p4a,30,oof_scored_purged,0,213185,-0.4263261480532668,-0.9890903930826246,-0.20386126480651034,-15.570753101766071,-28.0,-0.21606313305637487,-42.059994323884865,-41.90936111111111,-0.6004911590232856,0.4474611253136947,0.5429884841804067
sweep_dir_p4a,30,oof_scored_purged,1,213185,-0.13172040163562335,-0.20386088109275968,-0.07939150129102723,-10.704592255552688,-22.0,-0.153151391918347,-25.793175814313095,-26.7445,-0.373009753754382,0.4226845228322818,0.5423223960409973
sweep_dir_p4a,30,oof_scored_purged,2,213185,-0.05015795849530801,-0.07939146242659548,-0.028066630051087157,-7.634235523137181,-12.0,-0.11778850788174944,-17.7681008946016,-17.639777777777777,-0.26625103773789294,0.3851678119942773,0.5298871871848394
sweep_dir_p4a,30,oof_scored_purged,3,213185,-0.016067583164136038,-0.02806547854583326,-0.007541394272434854,-8.33319417407416,0.0,-0.13067165949050705,-13.718895444844051,-6.267478397486253,-0.2096713606593212,0.33548795646973284,0.47882824776602484
sweep_dir_p4a,30,oof_scored_purged,4,213184,-0.003344798323216841,-0.0075412453809050465,-0.00021040170318272107,-4.485041091263884,0.0,-0.07060949703238888,-5.9301754518558525,-0.61,-0.09108119939931389,0.3043567997598319,0.37372879765836087
sweep_dir_p4a,30,oof_scored_purged,5,213185,0.0028646878562577135,-0.00021039191436399585,0.007005936544925907,5.741761850036354,0.0,0.08761973028609442,3.3988928582545044,0.7196111111111112,0.053250097332163245,0.35497337992823136,0.3151394328869292
sweep_dir_p4a,30,oof_scored_purged,6,213185,0.015354857157116146,0.007005973900297268,0.02696895820273299,17.526064216525555,0.0,0.2674731933936235,10.074523523023146,4.939333333333333,0.15713810411017265,0.46636020357905106,0.34824213711095997
sweep_dir_p4a,30,oof_scored_purged,7,213185,0.047959778144651265,0.02696905426856883,0.07591425627240336,29.255871660764125,16.0,0.4389541081256351,16.992893261051076,13.525777777777778,0.25789874036766214,0.5391045336210334,0.38232521049792434
sweep_dir_p4a,30,oof_scored_purged,8,213185,0.12597728659491494,0.07591441443963337,0.19481665749098986,42.97903698665478,31.0,0.6320622552075892,25.994380964092187,22.764385964912282,0.3832491590170226,0.5617093135070479,0.40528179749982407
sweep_dir_p4a,30,oof_scored_purged,9,213184,0.4170054903634275,0.19481673159248303,0.9920726509726839,76.02289336910837,51.0,1.1029007373635726,48.809852461418544,35.87672514619883,0.7065314746572805,0.5737156634644252,0.41764860402281595
sweep_dir_p4a,60,oof_scored_purged,0,212705,-0.42612685921300975,-0.9890903930826246,-0.20368218044361847,13.638358289649984,-22.0,0.21075687582036237,-38.44559803539804,-45.53933333333333,-0.5449863090451365,0.4743706071789568,0.5220704731905691
sweep_dir_p4a,60,oof_scored_purged,1,212705,-0.13160892341503094,-0.2036818888779865,-0.07933020402202959,9.969596389365552,-16.0,0.1498709090219553,-19.43630530383876,-26.22575,-0.2785724140633077,0.46437554359323946,0.5221692014762229
sweep_dir_p4a,60,oof_scored_purged,2,212705,-0.05013531607650783,-0.0793299296022846,-0.028067304497058156,3.714978491337768,-16.0,0.04892520785089521,-16.149626055889804,-23.49861111111111,-0.24214328437803423,0.4359512000188054,0.5280787945746457
sweep_dir_p4a,60,oof_scored_purged,3,212705,-0.016076501580530898,-0.028067293734471113,-0.007551547368247256,-3.1357748995087094,-7.0,-0.053943373626412515,-13.791866869696927,-13.5245769540693,-0.21035671402155676,0.40472485367057665,0.5158646952351849
sweep_dir_p4a,60,oof_scored_purged,4,212704,-0.003354262292482476,-0.007551427731018623,-0.00021955355361306939,-4.247705731909132,0.0,-0.06774119060010544,-7.166672749900477,-4.074722222222222,-0.10921845932536536,0.38230122611704526,0.4616368286445013
sweep_dir_p4a,60,oof_scored_purged,5,212705,0.0028509892123122693,-0.00021955075306872088,0.006983473779151166,7.830279024940645,0.0,0.11878719736256971,3.223688317155178,1.7803333333333349,0.051188491172845074,0.4245598363931266,0.4082179544439482
sweep_dir_p4a,60,oof_scored_purged,6,212705,0.015319871413190744,0.006983481196042874,0.02692563232496461,25.40545591311911,2.0,0.3851906001161046,10.833274517625266,9.925277777777778,0.1694359503116954,0.5056016548741215,0.4104887050139865
sweep_dir_p4a,60,oof_scored_purged,7,212705,0.047909919860631436,0.026925696035039512,0.07586922890424426,41.74207705507628,25.0,0.6233689935825198,17.744673925730783,15.05075,0.2690293982795768,0.5465974001551445,0.421800145741755
sweep_dir_p4a,60,oof_scored_purged,8,212705,0.12592907781798754,0.07586942479783473,0.1947591266291311,54.76642533085729,36.0,0.8079258229493774,21.603037806501625,16.696416666666668,0.32208123507218517,0.5461131614207471,0.44125902070943324
sweep_dir_p4a,60,oof_scored_purged,9,212704,0.41699786542066736,0.19475946919499265,0.9920726509726839,94.97305880472393,56.0,1.3852990023479816,41.585556262823715,25.96622222222222,0.6078053116685734,0.5534827741838423,0.4429065743944637
sweep_dir_p4a,120,oof_scored_purged,0,211747,-0.42625910298641656,-0.9890903930826246,-0.2037885006277212,63.56738702319277,3.0,0.9423149675481706,-39.571852577639156,-32.202722397108545,-0.5551247051900966,0.5019669700161041,0.4964226175577458
sweep_dir_p4a,120,oof_scored_purged,1,211747,-0.13167135073675434,-0.20378643245164793,-0.07936142761805476,42.85341232697512,-5.0,0.632512815708327,-15.388425126535537,-20.211472222222227,-0.2167688653090411,0.4891875681827842,0.5049752770995575
sweep_dir_p4a,120,oof_scored_purged,2,211747,-0.050139139223511646,-0.0793611967067611,-0.028060781297605506,26.087443977954823,-11.0,0.3799530958054019,-13.494801986720859,-22.220030864197525,-0.20040760115675113,0.4707174127614559,0.5164654044685403
sweep_dir_p4a,120,oof_scored_purged,3,211747,-0.016067303262953636,-0.02806060084420074,-0.007544393520881297,8.210579134533193,-16.0,0.1150842239590166,-13.168771822763178,-17.84175,-0.19884638115307218,0.44484691636717405,0.5318564135501329
sweep_dir_p4a,120,oof_scored_purged,4,211747,-0.0033509188561060537,-0.007544270324934491,-0.00022176516494888708,-0.33847468913373036,-10.0,-0.010406216904787295,-5.9467416339856785,-7.441222222222223,-0.08978887183752964,0.43653511029672204,0.5201159874756195
sweep_dir_p4a,120,oof_scored_purged,5,211747,0.002840028487633736,-0.00022176482347347252,0.006958819738909429,10.702184682663745,0.0,0.16101025127569274,1.885386523047567,3.596388888888896,0.031975596312721066,0.47031126769210424,0.48472941765408717
sweep_dir_p4a,120,oof_scored_purged,6,211747,0.015270446211777174,0.006958865515502788,0.026834049377271477,39.20459557868588,5.0,0.5882295119247868,10.445490219773957,7.471555555555554,0.16264272619603284,0.5110438400544045,0.46300537906086037
sweep_dir_p4a,120,oof_scored_purged,7,211747,0.04776331232162069,0.02683418132121291,0.07564393543058322,68.2632835412072,29.0,1.0152695149197082,21.015898608729376,15.337611111111109,0.3174649814815441,0.5384633548527252,0.45034404265467753
sweep_dir_p4a,120,oof_scored_purged,8,211747,0.12565136212857905,0.07564395912232774,0.19445463915312586,83.58953137470661,43.0,1.2335936955305888,18.624780696109507,18.108666666666664,0.2811884859162945,0.5422792294577964,0.4534042985260712
sweep_dir_p4a,120,oof_scored_purged,9,211747,0.41670870132073407,0.19445586007923624,0.9920726509726839,140.89541764464195,67.0,2.0652352777450473,35.599037099984024,22.272666666666666,0.5308692660515103,0.5426475935904641,0.4558742272617794
sweep_dir_p4a,300,oof_scored_purged,0,209047,-0.4265715730227713,-0.9890903930826246,-0.2039258455406808,175.23584648428343,42.0,2.59281896527602,-68.7555624908809,-40.530916666666656,-0.9638049440430245,0.5169124646610571,0.4826283084665171
sweep_dir_p4a,300,oof_scored_purged,1,209047,-0.13162213956446941,-0.20392469602960167,-0.079268014276928,141.63869847450573,17.0,2.0855831595733405,-1.1863049882844707,-11.788250000000005,-0.0038604515110881392,0.5095409166359718,0.4893827703817802
sweep_dir_p4a,300,oof_scored_purged,2,209047,-0.05006044289105989,-0.07926651679412691,-0.028013202063968814,100.04266983022957,-2.0,1.47488736220232,0.6038457994281341,-18.285305555555553,0.014086187582470546,0.49701263352260494,0.5013657215841414
sweep_dir_p4a,300,oof_scored_purged,3,209047,-0.01604577039946483,-0.028013161424836647,-0.0075452896033942505,51.10187900328634,-26.0,0.7532560901402255,-3.1969422504677296,-18.41105555555555,-0.045226525287930426,0.4728745210407229,0.5247480231718226
sweep_dir_p4a,300,oof_scored_purged,4,209047,-0.0033532774202719422,-0.007545288631783321,-0.00022281479826162195,20.219230603644156,-30.0,0.29430640132405517,3.2717647863879398,-6.365694444444443,0.05033390871756793,0.45727037460475395,0.5388166297531177
sweep_dir_p4a,300,oof_scored_purged,5,209047,0.0028332196700129627,-0.0002228075689474857,0.006935744660459518,30.30278836816601,-12.0,0.4534647895388352,5.035856216013128,-0.006972222222231039,0.08057750950027255,0.4863786612579946,0.5100575468674509
sweep_dir_p4a,300,oof_scored_purged,6,209047,0.015241390644614626,0.006935784417629303,0.026814012483056364,82.4294440963037,7.0,1.2270461947193658,9.802943311405658,-7.855555555555554,0.15122418424234435,0.5064411352470976,0.489172291398585
sweep_dir_p4a,300,oof_scored_purged,7,209047,0.04776934539937472,0.026814946826551236,0.0756890021567815,135.53434395136023,32.0,2.008620620128812,19.0323231289639,-3.8387222222222164,0.28608156771791105,0.5252311681105206,0.4728984391069951
sweep_dir_p4a,300,oof_scored_purged,8,209047,0.12573863971829605,0.07568911389952174,0.19458977730813515,169.1287461671299,58.0,2.4940490966599613,12.425444465023515,1.7659444444444432,0.1915495757753996,0.5343439513602204,0.46448884700569726
sweep_dir_p4a,300,oof_scored_purged,9,209047,0.41690862185991295,0.1945901716220007,0.9920726509726839,271.84067458514113,108.0,4.001779442927565,22.966632022410742,6.120833333333337,0.36205757022017543,0.547264490760451,0.4520753706104369
sweep_dir_p4a,600,oof_scored_purged,0,204547,-0.42647076855151916,-0.9890903930826246,-0.2038150465852017,382.3987738759307,103.0,5.649376820397881,-47.80830739094324,-80.64172222222223,-0.6410878645365993,0.5300004399966756,0.46964267381090896
sweep_dir_p4a,600,oof_scored_purged,1,204547,-0.131454481223588,-0.20381325924027588,-0.0790311265464372,261.7858120627533,54.0,3.8534201809908746,10.751606576109335,-30.471194444444336,0.16938838496434971,0.5207751763653341,0.47846216273032605
sweep_dir_p4a,600,oof_scored_purged,2,204547,-0.04984832024004843,-0.07902980913497361,-0.027850312666580973,178.04022058500001,6.0,2.628609677191085,-1.3734980167490851,-38.46727777777778,-0.014360895502702692,0.5029601998562677,0.49560247767016874
sweep_dir_p4a,600,oof_scored_purged,3,204547,-0.015936883646595564,-0.02785026006571246,-0.00747755670287674,101.87220052115161,-22.0,1.51113439426054,-1.9592511946383002,-41.18211111111111,-0.022368111602917448,0.478085721130107,0.5200467374246506
sweep_dir_p4a,600,oof_scored_purged,4,204547,-0.0033041702178452387,-0.007477534340791209,-0.00019062035072507514,50.05335937461806,-38.0,0.7450720494752541,11.883727285714635,-31.182111111111112,0.18646020581488623,0.4489041638352066,0.5486025216698363
sweep_dir_p4a,600,oof_scored_purged,5,204547,0.002860415971323676,-0.00019061787939796885,0.006965939150375158,57.4727397615218,-26.0,0.8607924248661873,7.209337396080539,-30.361500000000007,0.11414850452933575,0.460583631145898,0.533989743188607
sweep_dir_p4a,600,oof_scored_purged,6,204547,0.015266936287354649,0.006966067273845951,0.026823666654751513,149.28435762929792,5.0,2.21941612814401,16.12345155993264,-25.03463888888888,0.24285966547900203,0.504363300366175,0.4929820530244883
sweep_dir_p4a,600,oof_scored_purged,7,204547,0.047748884025367345,0.02682399592037675,0.07563732932137607,226.97337042342346,48.0,3.367347430545051,17.548270506924606,-28.869555555555564,0.2639424032772653,0.5257275833915922,0.47274220594777727
sweep_dir_p4a,600,oof_scored_purged,8,204547,0.12565803477923274,0.07563749665727702,0.1944577090554251,278.7070673243802,82.0,4.114737825472286,4.396490718461645,-36.93186507580515,0.07369209419990727,0.5353146220673,0.4635853862437484
sweep_dir_p4a,600,oof_scored_purged,9,204547,0.41668055165371237,0.19445794750324713,0.9920726509726839,423.2737708203982,139.0,6.249353918522105,-16.771827440892892,-56.50311111111111,-0.20538531460461942,0.5434398940096897,0.45594411064449736
