queue_cell,threshold,latency_ms,file_index,segment_id,eligible_opportunities,baseline_fills,cancelled_opportunities,cancel_rate,fills_prevented,surviving_fills,favourable_fills_sacrificed,adverse_markout_avoided,favourable_markout_sacrificed,net_markout_preserved,net_per_eligible_opportunity,avoidance_efficiency_ticks,avoidance_efficiency_lift,net_markout_lift_over_random,cancel_too_late_rate,catastrophic_25_avoided,catastrophic_25_avoidance_lift,catastrophic_50_avoided,catastrophic_50_avoidance_lift,catastrophic_100_avoided,catastrophic_100_avoidance_lift
conservative,0.1,0,2,1,148138,70389,69547,0.469474409,42028,28361,4105,1760534.5,20381.5,1740153,11.74683741,86.37904472,1.075176291,0.9271850711,0.180037459,25668,0.9663072107,12470,0.9003278879,3357,0.7993096368
conservative,0.1,0,2,2,145274,97566,86167,0.593134353,62672,34894,8411,3965094.5,367689.5,3597405,24.76289632,10.78381216,1.237761838,0.9747944749,0.1392982215,41376,0.9906032928,27833,0.9742468468,12786,0.9592252795
conservative,0.1,0,2,3,236,189,172,0.7288135593,155,34,10,6717,236,6481,27.46186441,28.46186441,0.973249938,0.9357772303,0.03726708075,95,0.9573447081,56,0.9104516129,19,0.9653225806
conservative,0.1,0,2,4,34076,25052,22795,0.6689458857,17525,7527,2056,992014.5,40076,951938.5,27.93574657,24.75333117,1.077893738,0.9433462423,0.09201595772,11832,0.9799451008,7685,0.9639972781,2908,0.9078375353
conservative,0.1,0,2,5,32396,26415,23148,0.7145326584,18272,8143,3446,1284099,148012,1136087,35.06874305,8.675641164,1.233597504,0.9861765922,0.1024217714,11816,0.9915169609,8760,0.9885203253,4369,0.9489279964
conservative,0.1,0,2,6,68414,57344,51310,0.7499926916,41525,15819,6725,3064185,314991.5,2749193.5,40.1846625,9.727833926,1.113336078,1.008620802,0.08452567296,28637,1.000412358,21921,1.001814608,11601,1.003345354
conservative,0.1,25,2,1,148138,70389,69547,0.469474409,40839,29550,4039,1702420,19896.5,1682523.5,11.35781164,85.56379263,1.065028694,0.9225794121,0.2032347432,24828,0.9618969568,12069,0.8967454069,3243,0.7946470597
conservative,0.1,25,2,2,145274,97566,86167,0.593134353,61179,36387,8253,3871550,352523,3519027,24.22337789,10.98240398,1.260556132,0.9768266605,0.1598022385,40380,0.9903501209,27170,0.9742486393,12499,0.9605773986
conservative,0.1,25,2,3,236,189,172,0.7288135593,150,39,10,6694.5,236,6458.5,27.36652542,28.36652542,0.9699898332,0.9636127886,0.06832298137,95,0.9892561983,56,0.9408,19,0.9975
conservative,0.1,25,2,4,34076,25052,22795,0.6689458857,17127,7925,2026,966693.5,39684,927009.5,27.20417596,24.35977976,1.060756384,0.9399898105,0.112636651,11520,0.9762764045,7463,0.9579042637,2840,0.9072120327
conservative,0.1,25,2,5,32396,26415,23148,0.7145326584,17853,8562,3374,1253972,142437,1111535,34.31087171,8.803695669,1.251805693,0.9875091389,0.123004372,11535,0.9906543384,8559,0.9885062174,4263,0.9476357349
conservative,0.1,25,2,6,68414,57344,51310,0.7499926916,40729,16615,6630,3006617,308772.5,2697844.5,39.43409975,9.737321167,1.114421878,1.009126057,0.1020745607,28068,0.9996981536,21496,1.001591304,11380,1.003467181
conservative,0.1,50,2,1,148138,70389,69547,0.469474409,39879,30510,3993,1659448,19556.5,1639891.5,11.07002592,84.8540383,1.056194248,0.9208493262,0.2219642578,24160,0.9585495855,11758,0.8946685463,3180,0.7979676622
conservative,0.1,50,2,2,145274,97566,86167,0.593134353,59625,37941,8123,3767746.5,343755,3423991.5,23.56919683,10.96055766,1.258048619,0.9752176776,0.1811439951,39238,0.9874231138,26357,0.9697284294,12175,0.9600636963
conservative,0.1,50,2,3,236,189,172,0.7288135593,146,43,10,6410.5,236,6174.5,26.16313559,27.16313559,0.9288400666,0.9464792331,0.09316770186,91,0.9735650402,54,0.9320547945,17,0.9169520548
conservative,0.1,50,2,4,34076,25052,22795,0.6689458857,16789,8263,2007,942010,39029.5,902980.5,26.4990169,24.13584596,1.051005097,0.9340579075,0.130148697,11266,0.9739721292,7291,0.9546677057,2760,0.8994064805
conservative,0.1,50,2,5,32396,26415,23148,0.7145326584,17445,8970,3318,1219460.5,138919,1080541.5,33.35416409,8.778212484,1.248182215,0.9824255841,0.1430466179,11240,0.987895687,8349,0.986804386,4135,0.9406798513
conservative,0.1,50,2,6,68414,57344,51310,0.7499926916,39926,17418,6523,2943439.5,303940,2639499.5,38.58127722,9.684278147,1.108351184,1.007158994,0.1197777729,27490,0.9988036177,21039,1.000013655,11142,1.002240642
conservative,0.1,100,2,1,148138,70389,69547,0.469474409,38087,32302,3873,1573490.5,18141.5,1555349,10.49932495,86.73431083,1.079598355,0.9144686209,0.2569260184,22934,0.9527192832,11078,0.8825870843,2973,0.7811250665
conservative,0.1,100,2,2,145274,97566,86167,0.593134353,57343,40223,7886,3604605,329416,3275189,22.54490824,10.9424102,1.255965661,0.9699586845,0.2124836915,37635,0.9847734438,25238,0.9655106517,11611,0.9520257272
conservative,0.1,100,2,3,236,189,172,0.7288135593,138,51,10,6035.5,236,5799.5,24.57415254,25.57415254,0.8745049874,0.9405320874,0.1428571429,83,0.9394538268,52,0.9495652174,17,0.9701086957
conservative,0.1,100,2,4,34076,25052,22795,0.6689458857,16230,8822,1961,908919.5,38235.5,870684,25.55123841,23.77161277,1.035144417,0.9316704106,0.1591109269,10845,0.9698680397,7027,0.9517905668,2666,0.898697192
conservative,0.1,100,2,5,32396,26415,23148,0.7145326584,16754,9661,3189,1171529,129399.5,1042129.5,32.16846216,9.053582124,1.287337281,0.9865801312,0.1769907157,10780,0.9865429597,8010,0.9857836002,3969,0.9401559297
conservative,0.1,100,2,6,68414,57344,51310,0.7499926916,38465,18879,6328,2833045.5,293296.5,2539749,37.12323501,9.659322563,1.105495054,1.005905806,0.1519874777,26434,0.9969154306,20256,0.9993660475,10746,1.003334528
conservative,0.2,0,2,1,148138,70389,45317,0.3059107049,21854,48535,1927,882618.5,12862.5,869756,5.871255181,68.61951409,0.8541200574,0.8912185429,0.4329674892,12969,0.9389391867,6159,0.8551695689,1567,0.7175307028
conservative,0.2,0,2,2,145274,97566,65871,0.4534259399,42677,54889,6100,2710995.5,309074,2401921.5,16.53373281,8.771347638,1.006771929,0.9557893916,0.2901836205,28088,0.9875333062,18982,0.9757321827,8714,0.960026326
conservative,0.2,0,2,3,236,189,144,0.6101694915,117,72,9,4438.5,172.5,4266,18.07627119,25.73043478,0.8798490393,0.8160131165,0.1333333333,59,0.7876668786,25,0.5384615385,16,1.076923077
conservative,0.2,0,2,4,34076,25052,17786,0.5219509332,12274,12778,1485,654464,27705.5,626758.5,18.39295985,23.62216888,1.028636823,0.8868177402,0.2347403205,7991,0.9449669586,5111,0.9153975052,1809,0.8063511458
conservative,0.2,0,2,5,32396,26415,18724,0.5779725892,13761,12654,2725,938121,124620,813501,25.1111557,7.527852672,1.070392388,0.9376424964,0.2033231054,8658,0.9646801418,6328,0.9481653045,3138,0.9049826354
conservative,0.2,0,2,6,68414,57344,41391,0.605007747,31387,25957,5377,2248233,251306.5,1996926.5,29.18885754,8.946179267,1.023876868,0.9692694545,0.1775541755,21243,0.981809457,16094,0.9730851135,8442,0.9659623486
conservative,0.2,25,2,1,148138,70389,45317,0.3059107049,20852,49537,1861,834145.5,12261.5,821884,5.548097045,68.02964564,0.8467778533,0.8826337481,0.4589657767,12294,0.9328405273,5837,0.8494052675,1486,0.713137911
conservative,0.2,25,2,2,145274,97566,65871,0.4534259399,41043,56523,5931,2609998,293611,2316387,15.9449523,8.889305918,1.020311136,0.9584496443,0.3173607877,27018,0.9877315314,18274,0.9767357108,8389,0.9610158855
conservative,0.2,25,2,3,236,189,144,0.6101694915,111,78,9,4387.5,172.5,4215,17.86016949,25.43478261,0.8697392498,0.849839182,0.1777777778,58,0.8161715434,25,0.5675675676,16,1.135135135
conservative,0.2,25,2,4,34076,25052,17786,0.5219509332,11794,13258,1468,628196.5,27412,600784.5,17.6307225,22.91684299,0.9979231236,0.8846629818,0.2646673733,7605,0.935922109,4879,0.9094098569,1756,0.8145826349
conservative,0.2,25,2,5,32396,26415,18724,0.5779725892,13281,13134,2646,900883,118851.5,782031.5,24.13975491,7.579904334,1.077793662,0.9339479134,0.2311121403,8323,0.9608705215,6089,0.945328565,3014,0.9006369758
conservative,0.2,25,2,6,68414,57344,41391,0.605007747,30291,27053,5258,2171392,244566.5,1926825.5,28.16419885,8.878534059,1.016134975,0.969083118,0.2062730917,20480,0.9807933456,15535,0.9732721262,8135,0.9645141528
conservative,0.2,50,2,1,148138,70389,45317,0.3059107049,19892,50497,1852,792001,12138,779863,5.264435864,65.24971165,0.8121754897,0.8779253407,0.4838743157,11638,0.9256819929,5583,0.8516519598,1426,0.7173704882
conservative,0.2,50,2,2,145274,97566,65871,0.4534259399,39396,58170,5809,2505343,284917,2220426,15.28440051,8.793238031,1.0092845,0.9571531975,0.3447541747,25855,0.984730142,17512,0.9751381852,8054,0.9612115182
conservative,0.2,50,2,3,236,189,144,0.6101694915,107,82,9,4103.5,172.5,3931,16.65677966,23.7884058,0.813441598,0.8222074667,0.2074074074,54,0.7882907237,23,0.541682243,14,1.030373832
conservative,0.2,50,2,4,34076,25052,17786,0.5219509332,11475,13577,1445,611641.5,26255.5,585386,17.17883554,23.29574756,1.014422675,0.8859513949,0.2845563938,7383,0.9338600262,4727,0.9055717597,1720,0.8200635562
conservative,0.2,50,2,5,32396,26415,18724,0.5779725892,12794,13621,2585,859939.5,114813,745126.5,23.00057106,7.489914034,1.064997858,0.9237465915,0.259306432,7975,0.9557407364,5835,0.9403772151,2870,0.8902517829
conservative,0.2,50,2,6,68414,57344,41391,0.605007747,29279,28065,5133,2096558.5,239384,1857174.5,27.14611775,8.758139642,1.002356014,0.9663372614,0.2327909231,19738,0.9779306869,14972,0.9704210708,7878,0.966327625
conservative,0.2,100,2,1,148138,70389,45317,0.3059107049,18563,51826,1796,727030,11690,715340,4.828875778,62.1924722,0.7741214526,0.8629429102,0.5183570743,10702,0.9121761129,5095,0.8328542313,1250,0.6738516245
conservative,0.2,100,2,2,145274,97566,65871,0.4534259399,37109,60457,5571,2353140.5,270203,2082937.5,14.33799235,8.708787467,0.9995912968,0.9532224601,0.3827922294,24255,0.9807240961,16484,0.9744642211,7557,0.9574798448
conservative,0.2,100,2,3,236,189,144,0.6101694915,101,88,9,3887.5,172.5,3715,15.74152542,22.53623188,0.7706236658,0.8231890685,0.2518518519,48,0.7423287783,23,0.5738613861,14,1.091584158
conservative,0.2,100,2,4,34076,25052,17786,0.5219509332,10887,14165,1397,578825.5,25361.5,553464,16.24204719,22.82299943,0.9938366681,0.8828794604,0.3212170335,6976,0.9300362163,4444,0.8973374429,1644,0.8261622557
conservative,0.2,100,2,5,32396,26415,18724,0.5779725892,12027,14388,2464,807606,106116.5,701489.5,21.65358378,7.610560092,1.082152633,0.9251093067,0.303710994,7460,0.9510366824,5474,0.9384584864,2692,0.888290559
conservative,0.2,100,2,6,68414,57344,41391,0.605007747,27607,29737,4940,1972868.5,228694.5,1744174,25.49440173,8.626654773,0.9873077667,0.9625046731,0.2766029924,18499,0.9720535853,14103,0.9694578458,7449,0.9690438226
conservative,0.3,0,2,1,148138,70389,32714,0.2208346272,10585,59804,848,418976,8564,410412,2.770470777,48.92293321,0.6089529935,0.8682542295,0.655761163,6286,0.9396052346,2823,0.8092691567,761,0.7194427257
conservative,0.3,0,2,2,145274,97566,52990,0.3647590071,27041,70525,4101,1747741,244198,1503543,10.3497047,7.157065168,0.8214852044,0.944257372,0.4614312175,17660,0.979924846,12091,0.9808938609,5689,0.9891739153
conservative,0.3,0,2,3,236,189,134,0.5677966102,112,77,9,4242,172.5,4069.5,17.24364407,24.59130435,0.8408966148,0.8131771758,0.1450381679,56,0.7809917355,24,0.54,15,1.0546875
conservative,0.3,0,2,4,34076,25052,13548,0.3975818758,7220,17832,820,356947.5,15876,341071.5,10.00914133,22.48346561,0.9790515317,0.8204053662,0.433991847,4502,0.9050444401,2785,0.847965073,938,0.7107836026
conservative,0.3,0,2,5,32396,26415,15283,0.4717557723,9582,16833,1997,639035,100933.5,538101.5,16.61012162,6.331247802,0.9002460262,0.8907118339,0.3386707157,5895,0.9432860131,4257,0.9160413276,2163,0.8958548612
conservative,0.3,0,2,6,68414,57344,33666,0.4920922618,21969,35375,3886,1529532.5,190492.5,1339040,19.5726021,8.029358111,0.918948055,0.9285718536,0.3123513209,14622,0.9655119648,10888,0.9405339191,5602,0.9157933255
conservative,0.3,25,2,1,148138,70389,32714,0.2208346272,9970,60419,820,388795.5,8363,380432.5,2.56809529,46.48995576,0.5786692635,0.8544765965,0.6757618134,5877,0.9326580555,2635,0.8019705753,697,0.6995842945
conservative,0.3,25,2,2,145274,97566,52990,0.3647590071,25634,71932,3937,1659479.5,229324.5,1430155,9.844535154,7.236381198,0.830589068,0.9474668156,0.4894540819,16742,0.9799767584,11487,0.98304361,5396,0.9897261174
conservative,0.3,25,2,3,236,189,134,0.5677966102,104,85,9,4152,172.5,3979.5,16.86228814,24.06956522,0.8230558097,0.8563618664,0.2061068702,54,0.8110298792,24,0.5815384615,15,1.135817308
conservative,0.3,25,2,4,34076,25052,13548,0.3975818758,6882,18170,808,338255.5,15335,322920.5,9.476479047,22.05774372,0.9605133013,0.8148941625,0.4604891816,4242,0.8946591491,2626,0.8388223933,901,0.7162784451
conservative,0.3,25,2,5,32396,26415,15283,0.4717557723,9112,17303,1911,605904.5,94887.5,511017,15.77407705,6.385503886,0.9079607494,0.8895099761,0.3711091173,5582,0.9392730748,4026,0.9110194378,2055,0.8950255165
conservative,0.3,25,2,6,68414,57344,33666,0.4920922618,20935,36409,3770,1454943,183320,1271623,18.58717514,7.936629937,0.9083354538,0.9253747881,0.3447164142,13886,0.9622000275,10342,0.9374933748,5323,0.9131626911
conservative,0.3,50,2,1,148138,70389,32714,0.2208346272,9419,60970,813,367381.5,8240.5,359141,2.424367819,44.58242825,0.5549259082,0.8538427791,0.6936810953,5562,0.9343037692,2532,0.8157026576,648,0.6884503742
conservative,0.3,50,2,2,145274,97566,52990,0.3647590071,24353,73213,3826,1576736,221438.5,1355297.5,9.329250244,7.120423955,0.81727954,0.9451036658,0.5149674361,15845,0.9762579714,10868,0.9789932658,5144,0.9931342532
conservative,0.3,50,2,3,236,189,134,0.5677966102,98,91,9,3796,172.5,3623.5,15.35381356,22.0057971,0.7524855139,0.8274930221,0.2519083969,49,0.7809917355,21,0.54,13,1.044642857
conservative,0.3,50,2,4,34076,25052,13548,0.3975818758,6583,18469,783,322781.5,14075.5,308706,9.05933795,22.93215161,0.9985897437,0.8144069556,0.4839291314,4034,0.8894338432,2492,0.8321740049,873,0.7255413155
conservative,0.3,50,2,5,32396,26415,15283,0.4717557723,8695,17720,1849,571853.5,90925.5,480928,14.84528954,6.28925329,0.8942747874,0.8772828969,0.3998895714,5294,0.9335339197,3816,0.9049120336,1933,0.8822660535
conservative,0.3,50,2,6,68414,57344,33666,0.4920922618,19978,37366,3652,1386588.5,177133,1209455.5,17.67847955,7.827951313,0.8958973475,0.9222956043,0.3746713409,13212,0.9593514262,9825,0.9332912396,5090,0.9150196738
conservative,0.3,100,2,1,148138,70389,32714,0.2208346272,8615,61774,778,333268,8071,325197,2.195230123,41.29203321,0.5139697393,0.8452963,0.7198282871,5069,0.9309555014,2320,0.817157321,557,0.6469971159
conservative,0.3,100,2,2,145274,97566,52990,0.3647590071,22326,75240,3626,1439089.5,208532.5,1230557,8.470593499,6.901032213,0.7920978397,0.9360263917,0.5553386843,14447,0.9709381611,9920,0.974727671,4687,0.9870598867
conservative,0.3,100,2,3,236,189,134,0.5677966102,92,97,9,3580,172.5,3407.5,14.43855932,20.75362319,0.7096675816,0.8289153603,0.2977099237,43,0.7300574919,21,0.5752173913,13,1.112771739
conservative,0.3,100,2,4,34076,25052,13548,0.3975818758,6215,18837,757,302337.5,13579.5,288758,8.473940603,22.26425863,0.9695060756,0.8068878035,0.5127783004,3787,0.8844143565,2309,0.8167191944,821,0.7227261746
conservative,0.3,100,2,5,32396,26415,15283,0.4717557723,7973,18442,1727,518052.5,82730,435322.5,13.43753859,6.261966638,0.890394873,0.8660012855,0.4497204776,4820,0.9269173815,3484,0.9009982886,1745,0.8685822878
conservative,0.3,100,2,6,68414,57344,33666,0.4920922618,18442,38902,3452,1275894,166859.5,1109034.5,16.21063671,7.64651698,0.8751324587,0.9161557096,0.4227494679,12096,0.9514696282,9028,0.9290095357,4705,0.9162548119
conservative,0.4,0,2,1,148138,70389,27244,0.1839095978,4534,65855,320,186307.5,3775,182532.5,1.232178779,49.35298013,0.6143058689,0.9015221581,0.8288281486,2651,0.9251030764,1265,0.8466072486,403,0.889459057
conservative,0.4,0,2,2,145274,97566,44559,0.306723846,16356,81210,2535,1077906.5,178266.5,899640,6.192711703,6.046601577,0.6940266178,0.9340904549,0.6212398398,10584,0.9709515236,7142,0.9579112801,3538,1.017045064
conservative,0.4,0,2,3,236,189,98,0.4152542373,59,130,6,1660.5,108,1552.5,6.578389831,15.375,0.525746226,0.5889002619,0.3854166667,30,0.7942288836,6,0.2562711864,3,0.4004237288
conservative,0.4,0,2,4,34076,25052,10838,0.3180537622,3845,21207,384,188005.5,9502,178503.5,5.238393591,19.78588718,0.8615843966,0.8062517134,0.6329355609,2363,0.8920084925,1456,0.8324439347,467,0.6644958851
conservative,0.4,0,2,5,32396,26415,12639,0.3901407581,6229,20186,1347,412862.5,76991,335871.5,10.36768428,5.362477432,0.7624956644,0.8552321315,0.4913025725,3786,0.9319187091,2752,0.9109565912,1417,0.9027943264
conservative,0.4,0,2,6,68414,57344,27252,0.3983395212,13988,43356,2626,954735.5,138321,816414.5,11.93344199,6.902317797,0.7899599727,0.8891751964,0.4692266829,9130,0.9468394036,6705,0.9096614651,3374,0.8662716725
conservative,0.4,25,2,1,148138,70389,27244,0.1839095978,4203,66186,304,172097,3585,168512,1.137533921,48.00474198,0.5975240938,0.897819766,0.8413243733,2458,0.9253039195,1185,0.8555234797,358,0.8523659022
conservative,0.4,25,2,2,145274,97566,44559,0.306723846,15295,82271,2405,1008396,165202,843194,5.804163168,6.104018111,0.7006168657,0.9362143756,0.6458096936,9866,0.967868706,6664,0.9558022544,3315,1.019045373
conservative,0.4,25,2,3,236,189,98,0.4152542373,52,137,6,1581,108,1473,6.241525424,14.63888889,0.5005749975,0.6339595573,0.4583333333,28,0.8410680229,6,0.2907692308,3,0.4543269231
conservative,0.4,25,2,4,34076,25052,10838,0.3180537622,3575,21477,374,174393.5,8994,165399.5,4.853841413,19.38998221,0.8443445558,0.8034861683,0.6587112172,2162,0.877771054,1333,0.8196794851,447,0.6840742398
conservative,0.4,25,2,5,32396,26415,12639,0.3901407581,5817,20598,1275,381899,71425.5,310473.5,9.583698605,5.346815913,0.7602687383,0.8465539879,0.5249489588,3503,0.9233297427,2541,0.9006855289,1309,0.8930543382
conservative,0.4,25,2,6,68414,57344,27252,0.3983395212,13121,44223,2519,893246.5,131293,761953.5,11.13739147,6.803458676,0.7786456939,0.8846954354,0.5021249146,8501,0.9398623445,6258,0.9051181264,3152,0.8627479414
conservative,0.4,50,2,1,148138,70389,27244,0.1839095978,3888,66501,302,158915.5,3584,155331.5,1.048559451,44.34026228,0.5519116226,0.8946455358,0.8532165509,2257,0.9184747385,1113,0.8686441135,319,0.8210448062
conservative,0.4,50,2,2,145274,97566,44559,0.306723846,14352,83214,2319,946560,158783.5,787776.5,5.422694357,5.961324697,0.6842385701,0.932154445,0.6676469907,9213,0.9631933239,6232,0.9525714533,3109,1.01851579
conservative,0.4,50,2,3,236,189,98,0.4152542373,48,141,6,1297,108,1189,5.038135593,12.00925926,0.4106551371,0.5543738899,0.5,24,0.7809917355,4,0.21,1,0.1640625
conservative,0.4,50,2,4,34076,25052,10838,0.3180537622,3363,21689,363,164523,8918.5,155604.5,4.566395704,18.44738465,0.8032987668,0.8035548817,0.6789498807,2030,0.8761345003,1257,0.8216717824,433,0.7044218012
conservative,0.4,50,2,5,32396,26415,12639,0.3901407581,5439,20976,1218,351659,67702,283957,8.76518706,5.194218782,0.7385708101,0.8280617166,0.5558187015,3248,0.9156146096,2352,0.8916324021,1193,0.8704797781
conservative,0.4,50,2,6,68414,57344,27252,0.3983395212,12366,44978,2422,835975,126220.5,709754.5,10.37440436,6.623131742,0.7580075453,0.8744020483,0.5307733171,7958,0.9335462999,5845,0.896998904,2952,0.8573373996
conservative,0.4,100,2,1,148138,70389,27244,0.1839095978,3436,66953,297,139167,3490.5,135676.5,0.9158791127,39.87021917,0.4962721514,0.8842380431,0.8702808819,1972,0.9080623486,979,0.8645746738,280,0.8154687212
conservative,0.4,100,2,2,145274,97566,44559,0.306723846,12916,84650,2172,848104.5,149608,698496.5,4.808131531,5.668844581,0.6506678142,0.918403388,0.7009008175,8213,0.954110345,5571,0.9462102876,2792,1.016358322
conservative,0.4,100,2,3,236,189,98,0.4152542373,43,146,6,1124.5,108,1016.5,4.30720339,10.41203704,0.3560383205,0.52905531,0.5520833333,19,0.690178743,4,0.2344186047,1,0.1831395349
conservative,0.4,100,2,4,34076,25052,10838,0.3180537622,3144,21908,357,154251.5,8875.5,145376,4.266228431,17.37947158,0.7567960636,0.803027534,0.6998568019,1908,0.8808408446,1182,0.8264658284,409,0.7117255065
conservative,0.4,100,2,5,32396,26415,12639,0.3901407581,4841,21574,1110,306308,60651,245657,7.582942339,5.050337175,0.7181121502,0.8048653802,0.6046549612,2880,0.9121644808,2084,0.8876264106,1034,0.8476620846
conservative,0.4,100,2,6,68414,57344,27252,0.3983395212,11109,46235,2260,747469.5,117000.5,630469,9.215496828,6.388600903,0.7311658408,0.864611533,0.5784700615,7057,0.9215232989,5221,0.8918983603,2652,0.8573599874
conservative,0.5,0,2,1,148138,70389,24703,0.1667566728,2052,68337,156,84956.5,3184,81772.5,0.5520021871,26.68231784,0.3321198517,0.8923755001,0.9160873477,1109,0.855098418,562,0.8310591433,221,1.077748305
conservative,0.5,0,2,2,145274,97566,38744,0.2666960365,9035,88531,1417,619627,121527.5,498099.5,3.428689924,5.098656683,0.5852218652,0.9362357663,0.762804862,5863,0.9736806864,4048,0.9828673092,2127,1.106875572
conservative,0.5,0,2,3,236,189,89,0.3771186441,34,155,4,755,2,753,3.190677966,377.5,12.90856587,0.4956535367,0.6091954023,13,0.5972289742,2,0.1482352941,2,0.4632352941
conservative,0.5,0,2,4,34076,25052,9269,0.2720096255,1717,23335,167,81319,4014.5,77304.5,2.268590797,20.25632084,0.8820696189,0.7819063482,0.8111318887,1004,0.8487211587,625,0.8002020961,213,0.6787050299
conservative,0.5,0,2,5,32396,26415,10595,0.327046549,3630,22785,846,238023.5,52695,185328.5,5.720721694,4.517003511,0.6422769394,0.809775759,0.6509615385,2105,0.8891217353,1571,0.8923539365,814,0.8899284309
conservative,0.5,0,2,6,68414,57344,22619,0.3306194639,7922,49422,1500,534643,81958.5,452684.5,6.61684012,6.523338031,0.746586304,0.8705486374,0.6427025077,5082,0.9305955939,3714,0.889700225,1885,0.8545572732
conservative,0.5,25,2,1,148138,70389,24703,0.1667566728,1891,68498,150,77286,3024,74262,0.5013028392,25.55753968,0.3181195255,0.8794128997,0.9226711376,1018,0.851761807,518,0.8312108504,190,1.005459318
conservative,0.5,25,2,2,145274,97566,38744,0.2666960365,8301,89265,1323,571222.5,111154,460068.5,3.166901854,5.139018839,0.589854618,0.9412161367,0.7820745058,5356,0.9681328861,3707,0.9796585104,1972,1.116955746
conservative,0.5,25,2,3,236,189,89,0.3771186441,25,164,4,618.5,2,616.5,2.612288136,309.25,10.57476555,0.5518934281,0.7126436782,9,0.5623140496,2,0.2016,2,0.63
conservative,0.5,25,2,4,34076,25052,9269,0.2720096255,1578,23474,164,73080,3910,69170,2.029874398,18.69053708,0.8138869371,0.761256538,0.8264217358,896,0.8241430915,570,0.7940682275,194,0.6726149106
conservative,0.5,25,2,5,32396,26415,10595,0.327046549,3328,23087,794,214016.5,48131.5,165885,5.120539573,4.446495538,0.6322513451,0.7905930381,0.68,1903,0.8767408106,1411,0.8742009618,725,0.8645537337
conservative,0.5,25,2,6,68414,57344,22619,0.3306194639,7270,50074,1403,487646.5,75541.5,412105,6.023693981,6.455345737,0.7388046874,0.8635862654,0.6721089663,4627,0.923264757,3385,0.8836105677,1724,0.8516624686
conservative,0.5,50,2,1,148138,70389,24703,0.1667566728,1692,68697,149,66588,3023.5,63564.5,0.4290897676,22.02348272,0.2741304507,0.8412634017,0.9308088656,870,0.8135435518,452,0.810608305,149,0.8812281079
conservative,0.5,50,2,2,145274,97566,38744,0.2666960365,7714,89852,1258,533287.5,106690,426597.5,2.936502747,4.998476896,0.5737232675,0.9391521362,0.7974849702,4951,0.9630262164,3437,0.9774227451,1834,1.117838766
conservative,0.5,50,2,3,236,189,89,0.3771186441,21,168,4,334.5,2,332.5,1.408898305,167.25,5.719093092,0.3543516874,0.7586206897,5,0.3719008264,0,0,0,0
conservative,0.5,50,2,4,34076,25052,9269,0.2720096255,1451,23601,162,67066.5,3810,63256.5,1.856335838,17.60275591,0.7665190692,0.7571082959,0.8403915961,819,0.8192531143,530,0.8029683357,185,0.6975511764
conservative,0.5,50,2,5,32396,26415,10595,0.327046549,3048,23367,754,192143,45162.5,146980.5,4.536995308,4.254481041,0.6049486247,0.7648459017,0.7069230769,1720,0.8652253519,1271,0.8598014471,640,0.8333017868
conservative,0.5,50,2,6,68414,57344,22619,0.3306194639,6759,50585,1332,450301.5,71277,379024.5,5.540159909,6.317627005,0.7230429839,0.854313149,0.6951560527,4287,0.9200940164,3118,0.8754478964,1597,0.8485689336
conservative,0.5,100,2,1,148138,70389,24703,0.1667566728,1439,68950,148,54641,2934,51707,0.3490461597,18.62338105,0.2318087428,0.8046486119,0.9411548213,746,0.8202381159,374,0.7886490438,106,0.7371357981
conservative,0.5,100,2,2,145274,97566,38744,0.2666960365,6772,90794,1149,469128.5,99960,369168.5,2.541187687,4.693162265,0.5386793709,0.9257739725,0.8222152214,4296,0.95185795,3001,0.9721462146,1602,1.112256704
conservative,0.5,100,2,3,236,189,89,0.3771186441,19,170,4,255.5,2,253.5,1.074152542,127.75,4.368395471,0.2985977377,0.7816091954,3,0.2466289691,0,0,0,0
conservative,0.5,100,2,4,34076,25052,9269,0.2720096255,1322,23730,161,60778.5,3808.5,56970,1.671851156,15.95864514,0.694925606,0.7484021441,0.8545814542,748,0.8212431391,488,0.8114809507,167,0.6911252746
conservative,0.5,100,2,5,32396,26415,10595,0.327046549,2618,23797,673,160693,39691,121002,3.735090752,4.048600438,0.57567427,0.7330812178,0.7482692308,1478,0.8656065694,1090,0.8584686491,533,0.807969317
conservative,0.5,100,2,6,68414,57344,22619,0.3306194639,5838,51506,1217,389704,65138.5,324565.5,4.744138627,5.982698404,0.6847109054,0.8469748552,0.7366949305,3633,0.902739564,2665,0.8663028871,1385,0.8520210825
conservative,0.6,0,2,1,148138,70389,23231,0.1568199922,784,69605,74,34055,1387,32668,0.2205241059,24.55299207,0.3056157315,0.9330914362,0.9660899654,487,0.9828218696,235,0.9095462182,86,1.097702921
conservative,0.6,0,2,2,145274,97566,34580,0.2380329584,4198,93368,665,300517,69382.5,231134.5,1.591024547,4.331308327,0.4971459142,0.9350172425,0.8775414953,2748,0.9821981514,1946,1.016911,1043,1.168157345
conservative,0.6,0,2,3,236,189,73,0.3093220339,18,171,4,379,2,377,1.597457627,189.5,6.479929094,0.4687388988,0.7534246575,2,0.173553719,2,0.28,2,0.875
conservative,0.6,0,2,4,34076,25052,8232,0.24157765,635,24417,49,29717,1358.5,28358.5,0.8322132879,21.87486198,0.9525496425,0.7755856926,0.922381127,384,0.8777262981,227,0.7858544095,72,0.620341064
conservative,0.6,0,2,5,32396,26415,8926,0.2755278429,1670,24745,412,113127,26898.5,86228.5,2.661702062,4.205699203,0.5980122897,0.8189616144,0.8109148551,985,0.9043478518,751,0.9272376331,403,0.9576920378
conservative,0.6,0,2,6,68414,57344,19010,0.2778671032,3697,53647,694,250393.5,39476.5,210917,3.082950858,6.342849543,0.7259296659,0.8691493078,0.8036956406,2317,0.9091546253,1718,0.8818817353,884,0.8587514291
conservative,0.6,25,2,1,148138,70389,23231,0.1568199922,719,69670,71,31556,1283.5,30272.5,0.2043533732,24.58589794,0.3060253171,0.9428380843,0.9689013841,459,1.010056594,223,0.9411285439,79,1.099513668
conservative,0.6,25,2,2,145274,97566,34580,0.2380329584,3743,93823,618,270816.5,61944.5,208872,1.437779644,4.37192164,0.5018074947,0.9476711888,0.8908141536,2419,0.9697077343,1733,1.01569024,956,1.200874257
conservative,0.6,25,2,3,236,189,73,0.3093220339,18,171,4,379,2,377,1.597457627,189.5,6.479929094,0.4687388988,0.7534246575,2,0.173553719,2,0.28,2,0.875
conservative,0.6,25,2,4,34076,25052,8232,0.24157765,559,24493,48,26391.5,1289,25102.5,0.7366621669,20.47439876,0.8915659095,0.7798757685,0.9316709449,328,0.8516548961,200,0.7865170656,68,0.665531881
conservative,0.6,25,2,5,32396,26415,8926,0.2755278429,1487,24928,379,98755,24688,74067,2.286300778,4.000121517,0.5687810069,0.7900288883,0.8316349638,865,0.8919097077,655,0.9082343335,350,0.9341021627
conservative,0.6,25,2,6,68414,57344,19010,0.2778671032,3293,54051,633,219621,35164.5,184456.5,2.696180606,6.245531715,0.7147917857,0.8533643322,0.8251473477,2034,0.8960255366,1506,0.8679003834,776,0.8463200873
conservative,0.6,50,2,1,148138,70389,23231,0.1568199922,616,69773,70,24941,1283,23658,0.1597024396,19.4395947,0.2419683083,0.8600328394,0.9733564014,364,0.9349375112,172,0.8472678117,48,0.7797635972
conservative,0.6,50,2,2,145274,97566,34580,0.2380329584,3408,94158,577,248961.5,59282.5,189679,1.30566378,4.19957829,0.482025991,0.9451852692,0.9005863306,2196,0.9668465858,1577,1.01511361,881,1.215446345
conservative,0.6,50,2,3,236,189,73,0.3093220339,16,173,4,170,2,168,0.7118644068,85,2.906564501,0.234991119,0.7808219178,0,0,0,0,0,0
conservative,0.6,50,2,4,34076,25052,8232,0.24157765,499,24553,47,22967,1264.5,21702.5,0.6368851978,18.16291024,0.7909112145,0.75531738,0.9390050116,284,0.8260748612,177,0.7797631064,59,0.6468792575
conservative,0.6,50,2,5,32396,26415,8926,0.2755278429,1365,25050,351,91095,22114,68981,2.129306087,4.119336167,0.5857322492,0.8015415143,0.8454483696,797,0.8952440061,601,0.9078401888,320,0.9303677092
conservative,0.6,50,2,6,68414,57344,19010,0.2778671032,2976,54368,584,197143,32618,164525,2.404844038,6.043994114,0.6917261079,0.8422310075,0.8419795041,1829,0.8915422886,1343,0.8564060464,696,0.8399258955
conservative,0.6,100,2,1,148138,70389,23231,0.1568199922,529,69860,69,20004,1193.5,18810.5,0.1269795731,16.7607876,0.2086246902,0.7962737279,0.9771193772,295,0.8823243344,138,0.7915828696,33,0.6242530878
conservative,0.6,100,2,2,145274,97566,34580,0.2380329584,2870,94696,517,211231.5,55148,156083.5,1.074407671,3.83026583,0.439636448,0.9235754444,0.9162801552,1805,0.9436699545,1316,1.005904002,732,1.199191811
conservative,0.6,100,2,3,236,189,73,0.3093220339,16,173,4,170,2,168,0.7118644068,85,2.906564501,0.234991119,0.7808219178,0,0,0,0,0,0
conservative,0.6,100,2,4,34076,25052,8232,0.24157765,439,24613,47,19653,1264.5,18388.5,0.5396319991,15.54211151,0.676787482,0.7274481481,0.9463390784,251,0.8298714291,153,0.7661554108,53,0.6605156451
conservative,0.6,100,2,5,32396,26415,8926,0.2755278429,1153,25262,303,72907.5,19036,53871.5,1.662905914,3.829980038,0.5445884314,0.741069513,0.8694519928,668,0.8883066373,494,0.8834159283,256,0.8811461739
conservative,0.6,100,2,6,68414,57344,19010,0.2778671032,2433,54911,515,160341.5,28608.5,131733,1.925526939,5.604680427,0.641447312,0.8248685151,0.8708118728,1448,0.863351449,1085,0.8462998586,559,0.8251527613
conservative,0.7,0,2,1,148138,70389,22136,0.1494282358,339,70050,42,14734.5,670,14064.5,0.09494187852,21.99179104,0.2737359784,0.9290569115,0.9846592452,218,1.017463196,106,0.9488097523,35,1.033167598
conservative,0.7,0,2,2,145274,97566,31743,0.2185043435,1571,95995,242,120908.5,37532.5,83376,0.5739223812,3.221434757,0.36975505,0.9012850141,0.9502973931,1018,0.9722913257,720,1.00539994,451,1.349770172
conservative,0.7,0,2,3,236,189,56,0.2372881356,2,187,0,209,0,209,0.8855932203,,,2.338721137,0.9642857143,2,1.561983471,2,2.52,2,7.875
conservative,0.7,0,2,4,34076,25052,7769,0.2279903745,178,24874,12,10152,291,9861,0.2893825566,34.88659794,1.519150906,0.9621022167,0.9770263294,136,1.108971839,76,0.9386064892,22,0.6761988659
conservative,0.7,0,2,5,32396,26415,7794,0.2405852574,527,25888,124,34880,9242.5,25637.5,0.7913785653,3.773870706,0.5366101932,0.7716035984,0.9320963793,313,0.9106457693,248,0.9703058493,131,0.9865020275
conservative,0.7,0,2,6,68414,57344,16661,0.2435320256,1173,56171,229,79523.5,16212.5,63311,0.9254100038,4.905073246,0.561378314,0.8222680485,0.9293586269,744,0.92010225,558,0.9027610768,301,0.9215802136
conservative,0.7,25,2,1,148138,70389,22136,0.1494282358,307,70082,40,13861.5,593,13268.5,0.08956851044,23.37521079,0.2909556654,0.9678346637,0.98610734,200,1.030750451,102,1.008172319,34,1.108263354
conservative,0.7,25,2,2,145274,97566,31743,0.2185043435,1374,96192,219,108813.5,31790.5,77023,0.5301912249,3.42283072,0.3928712017,0.9519869096,0.9565299924,890,0.9719145689,633,1.010647069,409,1.399574577
conservative,0.7,25,2,3,236,189,56,0.2372881356,2,187,0,209,0,209,0.8855932203,,,2.338721137,0.9642857143,2,1.561983471,2,2.52,2,7.875
conservative,0.7,25,2,4,34076,25052,7769,0.2279903745,136,24916,11,8222.5,221.5,8001,0.2347986853,37.12189616,1.616487864,1.02170524,0.9824470831,98,1.045896667,64,1.03450127,21,0.8447965777
conservative,0.7,25,2,5,32396,26415,7794,0.2405852574,448,25967,117,28598.5,8722,19876.5,0.6135479689,3.278892456,0.4662287745,0.7037057266,0.94227548,262,0.8966831922,205,0.9435033161,111,0.9832914583
conservative,0.7,25,2,6,68414,57344,16661,0.2435320256,1011,56333,199,68423.5,13680.5,54743,0.8001724793,5.001535032,0.5724182214,0.8249159328,0.9391147245,633,0.9082673941,476,0.8934956371,257,0.9129492288
conservative,0.7,50,2,1,148138,70389,22136,0.1494282358,266,70123,40,11253,593,10660,0.07195992926,18.97639123,0.2362027272,0.8974149236,0.9879627116,161,0.9576485439,78,0.8897867594,28,1.053364859
conservative,0.7,50,2,2,145274,97566,31743,0.2185043435,1231,96335,199,100757,30672.5,70084.5,0.4824297534,3.284929497,0.3770429521,0.9668546842,0.9610541635,810,0.987306018,579,1.031817892,378,1.443754054
conservative,0.7,50,2,3,236,189,56,0.2372881356,0,189,0,0,0,0,0,,,,1,0,,0,,0,
conservative,0.7,50,2,4,34076,25052,7769,0.2279903745,105,24947,11,5696,221.5,5474.5,0.1606555934,25.71557562,1.119795059,0.9054728229,0.9864481156,70,0.9676322905,44,0.9211987498,14,0.7294751401
conservative,0.7,50,2,5,32396,26415,7794,0.2405852574,395,26020,104,24497.5,7359.5,17138,0.5290159279,3.328690808,0.4733096486,0.6881644428,0.9491044968,230,0.8927841929,179,0.9343799682,94,0.9444262719
conservative,0.7,50,2,6,68414,57344,16661,0.2435320256,902,56442,176,60445.5,12118,48327.5,0.7063978133,4.98807559,0.5708778084,0.8162440823,0.9456790123,566,0.9102717462,418,0.8794403409,224,0.8918794126
conservative,0.7,100,2,1,148138,70389,22136,0.1494282358,187,70202,40,7142.5,593,6549.5,0.04421215353,12.04468803,0.1499225077,0.7843036917,0.9915376957,93,0.7868704846,51,0.8275639091,18,0.9632373848
conservative,0.7,100,2,2,145274,97566,31743,0.2185043435,957,96609,160,82745.5,26681.5,56064,0.385919022,3.10123119,0.3559581306,0.9948770706,0.969722855,624,0.9783572557,460,1.054455939,299,1.468989597
conservative,0.7,100,2,3,236,189,56,0.2372881356,0,189,0,0,0,0,0,,,,1,0,,0,,0,
conservative,0.7,100,2,4,34076,25052,7769,0.2279903745,88,24964,11,4766.5,221.5,4545,0.1333783308,21.51918736,0.9370616484,0.8969566915,0.9886422303,59,0.9731302012,35,0.8743299084,13,0.8082252973
conservative,0.7,100,2,5,32396,26415,7794,0.2405852574,312,26103,82,19363,5886.5,13476.5,0.4159927152,3.289390979,0.4677215693,0.6850964353,0.959798995,178,0.8747443786,137,0.9053855461,72,0.9158307138
conservative,0.7,100,2,6,68414,57344,16661,0.2435320256,689,56655,156,43112.5,10535.5,32577,0.4761744672,4.092117128,0.4683366993,0.7203177548,0.958506474,401,0.8442796472,291,0.8015126963,154,0.8027238327
conservative,0.8,0,2,1,148138,70389,20720,0.1398695811,119,70270,5,7447,118.5,7328.5,0.04947076375,62.84388186,0.7822296717,1.379068536,0.9942559251,90,1.196623318,64,1.631946756,17,1.429566595
conservative,0.8,0,2,2,145274,97566,29837,0.2053843083,425,97141,76,30546,16965,13581,0.09348541377,1.800530504,0.206664203,0.5426753542,0.9857358617,255,0.9002768209,171,0.8826524353,100,1.106293956
conservative,0.8,0,2,3,236,189,54,0.2288135593,0,189,0,0,0,0,0,,,,1,0,,0,,0,
conservative,0.8,0,2,4,34076,25052,7507,0.2203016786,51,25001,3,3416,1.5,3414.5,0.1002024886,2277.333333,99.1673938,1.162725507,0.9932027189,39,1.109931157,28,1.206918148,7,0.7509302913
conservative,0.8,0,2,5,32396,26415,7300,0.2253364613,119,26296,39,8290.5,3263.5,5027,0.1551734782,2.540370768,0.3612176873,0.6700251583,0.9836717892,67,0.8632639264,54,0.935652069,36,1.200584801
conservative,0.8,0,2,6,68414,57344,15591,0.2278919519,331,57013,61,27022.5,3861.5,23161,0.3385418189,6.997928266,0.8009024483,1.066010706,0.9787520863,232,1.01676634,190,1.089336978,107,1.160968516
conservative,0.8,25,2,1,148138,70389,20720,0.1398695811,102,70287,4,6982,54,6928,0.04676720355,129.2962963,1.60937543,1.520986735,0.9950765072,80,1.2409427,63,1.874188853,16,1.569720183
conservative,0.8,25,2,2,145274,97566,29837,0.2053843083,345,97221,62,25013.5,11664.5,13349,0.09188843152,2.144412534,0.246134851,0.6570931158,0.988420876,207,0.9002768209,128,0.8139044407,72,0.9812346393
conservative,0.8,25,2,3,236,189,54,0.2288135593,0,189,0,0,0,0,0,,,,1,0,,0,,0,
conservative,0.8,25,2,4,34076,25052,7507,0.2203016786,46,25006,3,3222.5,1.5,3221,0.09452400516,2148.333333,93.55003704,1.216054816,0.993869119,34,1.072809713,28,1.338104903,7,0.8325531491
conservative,0.8,25,2,5,32396,26415,7300,0.2253364613,99,26316,36,5553.5,2846,2707.5,0.08357513273,1.951335207,0.2774621719,0.4337729409,0.9864160263,52,0.8053485869,39,0.8122636087,25,1.002171656
conservative,0.8,25,2,6,68414,57344,15591,0.2278919519,282,57062,58,23378.5,3728,19650.5,0.2872292221,6.271056867,0.7177131012,1.061589833,0.9818975478,194,0.9979615087,164,1.103650028,90,1.146193812
conservative,0.8,50,2,1,148138,70389,20720,0.1398695811,89,70300,4,5675.5,54,5621.5,0.03794772442,105.1018519,1.308222609,1.414425012,0.9957040112,67,1.191095844,50,1.704719663,10,1.124378221
conservative,0.8,50,2,2,145274,97566,29837,0.2053843083,299,97267,56,21742.5,11304.5,10438,0.07185043435,1.923349109,0.2207612756,0.5928480332,0.9899647592,171,0.8581233911,103,0.7556985342,61,0.9592197596
conservative,0.8,50,2,3,236,189,54,0.2288135593,0,189,0,0,0,0,0,,,,1,0,,0,,0,
conservative,0.8,50,2,4,34076,25052,7507,0.2203016786,29,25023,3,1375,1.5,1373.5,0.04030696091,916.6666667,39.91661782,0.8225284427,0.9961348794,17,0.850849083,12,0.9096476683,0,0
conservative,0.8,50,2,5,32396,26415,7300,0.2253364613,87,26328,31,4365,1821.5,2543.5,0.07851277936,2.396376613,0.3407430242,0.4637048897,0.9880625686,47,0.8283127707,34,0.8057999725,21,0.957937873
conservative,0.8,50,2,6,68414,57344,15591,0.2278919519,247,57097,46,20247,2912,17335,0.2533838103,6.952953297,0.7957551301,1.069200483,0.9841443061,172,1.010165804,142,1.091008239,74,1.075968172
conservative,0.8,100,2,1,148138,70389,20720,0.1398695811,70,70319,4,4474,54,4420,0.02983704384,82.85185185,1.031272655,1.413975709,0.9966211324,53,1.197952899,36,1.560549086,8,1.143653276
conservative,0.8,100,2,2,145274,97566,29837,0.2053843083,224,97342,48,17912,10508.5,7403.5,0.05096231948,1.704524908,0.1956447175,0.5612887551,0.9924819601,115,0.7703261488,85,0.8324409781,52,1.091477519
conservative,0.8,100,2,3,236,189,54,0.2288135593,0,189,0,0,0,0,0,,,,1,0,,0,,0,
conservative,0.8,100,2,4,34076,25052,7507,0.2203016786,14,25038,3,285.5,1.5,284,0.008334311539,190.3333333,8.288141373,0.3522983127,0.9981340797,5,0.5183744413,1,0.1570225142,0,0
conservative,0.8,100,2,5,32396,26415,7300,0.2253364613,67,26348,23,3012,1409.5,1602.5,0.04946598345,2.136927989,0.3038517825,0.3793607731,0.9908068057,35,0.800956617,24,0.7385910196,12,0.7107939868
conservative,0.8,100,2,6,68414,57344,15591,0.2278919519,163,57181,36,13122.5,2192,10930.5,0.1597699301,5.986541971,0.6851507959,1.021608924,0.9895365259,108,0.9611636111,94,1.094402026,49,1.079625501
conservative,0.9,0,2,1,148138,70389,16552,0.1117336538,19,70370,0,1599.5,0,1599.5,0.01079736462,,,1.885160636,0.9988521025,16,1.332380583,15,2.395579737,8,4.213459438
conservative,0.9,0,2,2,145274,97566,26416,0.1818357036,39,97527,10,6973,7322.5,-349.5,-0.002405798698,0.9522703995,0.1093012325,-0.1521878047,0.998523622,27,1.038780947,24,1.349985731,17,2.04948047
conservative,0.9,0,2,3,236,189,52,0.2203389831,0,189,0,0,0,0,0,,,,1,0,,0,,0,
conservative,0.9,0,2,4,34076,25052,7216,0.2117619439,4,25048,0,322,0,322,0.0094494659,,,1.398028868,0.9994456763,4,1.451448436,3,1.648736399,0,0
conservative,0.9,0,2,5,32396,26415,6830,0.2108284973,17,26398,4,1612.5,491,1121.5,0.03461847142,3.284114053,0.4669712382,1.046356178,0.997510981,10,0.9019175351,10,1.212882312,9,2.101023402
conservative,0.9,0,2,6,68414,57344,14590,0.2132604438,36,57308,3,3086.5,133.5,2953,0.04316367995,23.11985019,2.646032356,1.24966383,0.9975323874,23,0.9268010231,18,0.9488698415,15,1.496419699
conservative,0.9,25,2,1,148138,70389,16552,0.1117336538,18,70371,0,1573,0,1573,0.01061847737,,,1.956923898,0.9989125181,15,1.318501618,15,2.5286675,8,4.447540517
conservative,0.9,25,2,2,145274,97566,26416,0.1818357036,28,97538,8,5946,7179.5,-1233.5,-0.00849085177,0.8281913782,0.09505948984,-0.7481322935,0.9989400363,18,0.9645823081,15,1.175210793,14,2.350874657
conservative,0.9,25,2,3,236,189,52,0.2203389831,0,189,0,0,0,0,0,,,,1,0,,0,,0,
conservative,0.9,25,2,4,34076,25052,7216,0.2117619439,4,25048,0,322,0,322,0.0094494659,,,1.398028868,0.9994456763,4,1.451448436,3,1.648736399,0,0
conservative,0.9,25,2,5,32396,26415,6830,0.2108284973,15,26400,3,1304,386.5,917.5,0.0283213977,3.373868047,0.4797334423,0.9701614196,0.9978038067,9,0.9199558858,9,1.237139958,8,2.116586538
conservative,0.9,25,2,6,68414,57344,14590,0.2132604438,22,57322,0,2016,0,2016,0.02946765282,,,1.396047196,0.9984920145,13,0.8571993653,9,0.7763480521,7,1.142720497
conservative,0.9,50,2,1,148138,70389,16552,0.1117336538,11,70378,0,1195.5,0,1195.5,0.008070177807,,,2.433742435,0.9993354277,8,1.150692322,8,2.206837091,8,7.277793574
conservative,0.9,50,2,2,145274,97566,26416,0.1818357036,22,97544,8,4971,7179.5,-2208.5,-0.01520230736,0.6923880493,0.07947203565,-1.704794368,0.9991671714,12,0.8184334735,9,0.8974336962,8,1.709727023
conservative,0.9,50,2,3,236,189,52,0.2203389831,0,189,0,0,0,0,0,,,,1,0,,0,,0,
conservative,0.9,50,2,4,34076,25052,7216,0.2117619439,3,25049,0,283.5,0,283.5,0.008319638455,,,1.641164323,0.9995842572,3,1.451448436,3,2.198315198,0,0
conservative,0.9,50,2,5,32396,26415,6830,0.2108284973,11,26404,2,1108.5,205,903.5,0.02788924559,5.407317073,0.7688714547,1.302760727,0.9983894583,8,1.115098043,8,1.499563585,7,2.525472574
conservative,0.9,50,2,6,68414,57344,14590,0.2132604438,20,57324,0,1717,0,1717,0.02509720233,,,1.307894017,0.9986291041,11,0.7978547938,7,0.664208889,5,0.8978518194
conservative,0.9,100,2,1,148138,70389,16552,0.1117336538,11,70378,0,1195.5,0,1195.5,0.008070177807,,,2.433742435,0.9993354277,8,1.150692322,8,2.206837091,8,7.277793574
conservative,0.9,100,2,2,145274,97566,26416,0.1818357036,18,97548,8,4654,7179.5,-2525.5,-0.01738439088,0.6482345567,0.07440411465,-2.382715264,0.9993185948,10,0.833589649,7,0.8531159828,6,1.567249771
conservative,0.9,100,2,3,236,189,52,0.2203389831,0,189,0,0,0,0,0,,,,1,0,,0,,0,
conservative,0.9,100,2,4,34076,25052,7216,0.2117619439,0,25052,0,0,0,0,0,,,,1,0,,0,,0,
conservative,0.9,100,2,5,32396,26415,6830,0.2108284973,6,26409,2,515,205,310,0.009569082603,2.512195122,0.357211366,0.819482398,0.9991215227,3,0.7666299048,3,1.030949965,2,1.322866587
conservative,0.9,100,2,6,68414,57344,14590,0.2132604438,12,57332,0,1175,0,1175,0.01717484725,,,1.491725364,0.9991774625,9,1.08798381,5,0.7907248679,4,1.197135759
midpoint,0.1,0,2,1,148138,84963,69547,0.469474409,46974,37989,19563,1280720.5,41985,1238735.5,8.362037425,30.50423961,0.9189281611,0.8637076385,0.2312828318,18851,0.9156306905,9088,0.8392567898,2389,0.7198136892
midpoint,0.1,0,2,2,145274,105854,86167,0.593134353,65106,40748,23253,3081863.5,444025,2637838.5,18.15767791,6.940743201,1.064938882,0.9041297316,0.1739913727,32067,0.9349884576,21751,0.9223393244,9987,0.9042982971
midpoint,0.1,0,2,3,236,193,172,0.7288135593,153,40,58,4747.5,584,4163.5,17.64194915,8.129280822,0.8246116174,0.8842489657,0.07272727273,73,0.94932956,39,0.8785014006,13,0.9110384895
midpoint,0.1,0,2,4,34076,26997,22795,0.6689458857,18405,8592,7277,710822.5,60170.5,650652,19.0941425,11.81347172,0.8717208273,0.8406268933,0.1250297124,8576,0.8954040298,5477,0.8752397952,2062,0.813502628
midpoint,0.1,0,2,5,32396,27728,23148,0.7145326584,18548,9180,7003,982533,184965,797568,24.61933572,5.311994161,1.071149566,0.9069420303,0.1391841092,9165,0.9329964184,6688,0.9248085905,3334,0.8841766037
midpoint,0.1,0,2,6,68414,59327,51310,0.7499926916,42087,17240,13787,2430868.5,393543,2037325.5,29.77936533,6.176881561,0.995904963,0.9408199851,0.1088549166,23197,0.9532997056,17722,0.9544729941,9087,0.9468021799
midpoint,0.1,25,2,1,148138,84963,69547,0.469474409,45214,39749,18942,1225978,41075.5,1184902.5,7.998639782,29.84694039,0.8991272819,0.8583322011,0.2600847693,18024,0.9095398671,8750,0.839497122,2275,0.7121475203
midpoint,0.1,25,2,2,145274,105854,86167,0.593134353,63085,42769,22684,2979689,425971,2553718,17.57863073,6.995051306,1.073271536,0.9033382344,0.1996320731,30983,0.9323227704,21017,0.9197655262,9670,0.9036454032
midpoint,0.1,25,2,3,236,193,172,0.7288135593,153,40,58,4747.5,584,4163.5,17.64194915,8.129280822,0.8246116174,0.8842489657,0.07272727273,73,0.94932956,39,0.8785014006,13,0.9110384895
midpoint,0.1,25,2,4,34076,26997,22795,0.6689458857,17837,9160,7090,685136,59537,625599,18.35893297,11.50773469,0.8491603688,0.8339971491,0.1520323271,8256,0.8894426815,5232,0.8627124385,1995,0.8121330953
midpoint,0.1,25,2,5,32396,27728,23148,0.7145326584,17976,9752,6813,949565.5,176838.5,772727,23.85254352,5.369676287,1.082781014,0.9066547121,0.1657307282,8856,0.930227433,6471,0.9232748774,3219,0.8808428386
midpoint,0.1,25,2,6,68414,59327,51310,0.7499926916,40963,18364,13488,2364311.5,382234,1982077.5,28.97181133,6.185508092,0.9972958275,0.9404223873,0.1326543576,22529,0.9512524008,17235,0.9537145645,8846,0.9469823194
midpoint,0.1,50,2,1,148138,84963,69547,0.469474409,43610,41353,18430,1178662,39450.5,1139211.5,7.690204404,29.87698508,0.9000323664,0.8555866386,0.2863338079,17262,0.9031263565,8405,0.836056677,2213,0.7182188887
midpoint,0.1,50,2,2,145274,105854,86167,0.593134353,61031,44823,22085,2875809,412538.5,2463270.5,16.95603136,6.971007554,1.069582432,0.9006689314,0.2256914489,29809,0.927183838,20223,0.914803056,9355,0.9036307117
midpoint,0.1,50,2,3,236,193,172,0.7288135593,149,44,58,4463.5,584,3879.5,16.43855932,7.642979452,0.7752825602,0.846051715,0.09696969697,69,0.9214004013,37,0.8558245446,11,0.7915734526
midpoint,0.1,50,2,4,34076,26997,22795,0.6689458857,17325,9672,6920,659049,57639,601410,17.64907853,11.43408109,0.8437254405,0.8254442267,0.1763727121,7982,0.8853369176,5056,0.8583293411,1917,0.8034428509
midpoint,0.1,50,2,5,32396,27728,23148,0.7145326584,17344,10384,6589,912337,170129.5,742207.5,22.91046734,5.362603193,1.081354744,0.9025784683,0.1950619576,8535,0.9291778643,6251,0.9243850479,3084,0.8746526475
midpoint,0.1,50,2,6,68414,59327,51310,0.7499926916,39886,19441,13180,2296632.5,373959,1922673.5,28.10350952,6.141401865,0.9901845352,0.9368695822,0.1554586262,21897,0.9495322938,16741,0.9513926548,8596,0.9450670311
midpoint,0.1,100,2,1,148138,84963,69547,0.469474409,40965,43998,17405,1096563.5,36680,1059883.5,7.154703722,29.89540622,0.9005872958,0.847404746,0.329618538,16132,0.8985013734,7760,0.8217370159,1995,0.6892732689
midpoint,0.1,100,2,2,145274,105854,86167,0.593134353,57772,48082,21056,2705684.5,392409,2313275.5,15.92353415,6.895062295,1.057929925,0.8935390104,0.2670388226,28153,0.9250734345,19037,0.9097323076,8770,0.8949110442
midpoint,0.1,100,2,3,236,193,172,0.7288135593,140,53,58,4073,584,3489,14.78389831,6.974315068,0.7074551064,0.8098048176,0.1515151515,61,0.8669366716,35,0.8616071429,11,0.8424603175
midpoint,0.1,100,2,4,34076,26997,22795,0.6689458857,16506,10491,6645,626070,55767.5,570302.5,16.73619263,11.22643117,0.828402869,0.8215873941,0.2153078203,7546,0.8785066517,4796,0.8545893383,1825,0.8028365743
midpoint,0.1,100,2,5,32396,27728,23148,0.7145326584,16357,11371,6224,862403,156530.5,705872.5,21.78887826,5.509488566,1.11097379,0.9101888354,0.2408687984,8041,0.9282201735,5890,0.9235583074,2905,0.8736007407
midpoint,0.1,100,2,6,68414,59327,51310,0.7499926916,37939,21388,12626,2180669.5,354754,1825915.5,26.68920835,6.146990591,0.9910856112,0.9353817213,0.1966841704,20763,0.9465636677,15926,0.9515239292,8184,0.9459461898
midpoint,0.2,0,2,1,148138,84963,45317,0.3059107049,21511,63452,8810,566001.5,24173,541828.5,3.65759292,23.41461548,0.7053560365,0.8249867335,0.501159501,8374,0.8882103865,3922,0.7909173046,981,0.6454608454
midpoint,0.2,0,2,2,145274,105854,65871,0.4534259399,40631,65223,14337,1964493.5,353998,1610495.5,11.08591696,5.549448019,0.8514683223,0.8845157421,0.3585659257,20237,0.9454913329,13816,0.9387659399,6338,0.9195861055
midpoint,0.2,0,2,3,236,193,144,0.6101694915,115,78,49,2997,438.5,2558.5,10.84110169,6.834663626,0.6932892528,0.7229279291,0.1726618705,45,0.7785746302,16,0.4795031056,11,1.025603865
midpoint,0.2,0,2,4,34076,26997,17786,0.5219509332,11863,15134,4869,425811,31493.5,394317.5,11.57170736,13.52059949,0.9976904719,0.7903907587,0.3109316914,5225,0.8463731128,3299,0.8179145271,1186,0.7259325661
midpoint,0.2,0,2,5,32396,27728,18724,0.5779725892,12872,14856,4816,681950.5,146935.5,535015,16.51484751,4.641155473,0.9358767198,0.8766552185,0.2860787576,6336,0.9294236772,4599,0.9163682985,2297,0.8777795823
midpoint,0.2,0,2,6,68414,59327,41391,0.605007747,30318,29009,10392,1679732,301897,1377835,20.1396644,5.56392412,0.8970772048,0.8832644418,0.2346065487,16203,0.9243586076,12278,0.9179646624,6190,0.8953169189
midpoint,0.2,25,2,1,148138,84963,45317,0.3059107049,20168,64795,8437,523902.5,22699.5,501203,3.38335201,23.07991365,0.6952732763,0.8139477916,0.5323036965,7717,0.873029982,3686,0.7928236318,909,0.6379146058
midpoint,0.2,25,2,2,145274,105854,65871,0.4534259399,38486,67368,13826,1849149.5,336314.5,1512835,10.41366659,5.49827468,0.8436166446,0.87718733,0.3924286436,19013,0.9378141999,12988,0.9316912468,5971,0.9146226932
midpoint,0.2,25,2,3,236,193,144,0.6101694915,114,79,49,2968.5,438.5,2530,10.72033898,6.769669327,0.6866964121,0.7211458227,0.1798561151,44,0.7679508048,16,0.4837092732,11,1.03460039
midpoint,0.2,25,2,4,34076,26997,17786,0.5219509332,11180,15817,4658,398902,30342,368560,10.81582345,13.14685914,0.9701120212,0.7838928951,0.3506040892,4846,0.8329361291,3049,0.8021133738,1125,0.7306625362
midpoint,0.2,25,2,5,32396,27728,18724,0.5779725892,12228,15500,4606,640723,138296,502427,15.50892085,4.632982877,0.9342287375,0.8666154654,0.321797005,5968,0.9215480382,4336,0.9094661125,2161,0.8693003358
midpoint,0.2,25,2,6,68414,59327,41391,0.605007747,28856,30471,10009,1594923,289513,1305410,19.08103605,5.50898578,0.8882194397,0.8792348405,0.2715154881,15359,0.920603067,11658,0.9157708268,5875,0.8928087392
midpoint,0.2,50,2,1,148138,84963,45317,0.3059107049,18788,66175,8073,477230.5,21227.5,456003,3.078231109,22.48171005,0.677252629,0.7949372871,0.5643059227,6993,0.8492322295,3380,0.7804053488,830,0.625257682
midpoint,0.2,50,2,2,145274,105854,65871,0.4534259399,36575,69279,13380,1748687.5,324854.5,1423833,9.801017388,5.382986845,0.825927689,0.8687169227,0.4225972468,17894,0.9287354648,12274,0.9264762591,5653,0.9111551363
midpoint,0.2,50,2,3,236,193,144,0.6101694915,110,83,49,2684.5,438.5,2246,9.516949153,6.122006842,0.6209993324,0.6634748869,0.2086330935,40,0.7235238988,14,0.4386363636,9,0.8772727273
midpoint,0.2,50,2,4,34076,26997,17786,0.5219509332,10690,16307,4470,382015,29461,352554,10.3461087,12.96680357,0.9568256484,0.7842206497,0.3790659851,4622,0.8308494371,2911,0.8009116979,1085,0.7369841607
midpoint,0.2,50,2,5,32396,27728,18724,0.5779725892,11515,16213,4389,594889.5,131160.5,463729,14.31439067,4.535584265,0.9145885651,0.8493940391,0.3613422074,5573,0.9138390141,4059,0.9040819259,2003,0.8556329832
midpoint,0.2,50,2,6,68414,59327,41391,0.605007747,27496,31831,9630,1515573.5,279997.5,1235576,18.06028006,5.412810829,0.8727130535,0.8733614693,0.3058493853,14562,0.9160034596,11056,0.9114385502,5597,0.8926320555
midpoint,0.2,100,2,1,148138,84963,45317,0.3059107049,16967,67996,7426,421464,20229,401235,2.708521784,20.83464333,0.6276353953,0.7745321863,0.6065349474,6203,0.8341424292,2975,0.7606169492,687,0.5730772558
midpoint,0.2,100,2,2,145274,105854,65871,0.4534259399,33484,72370,12530,1589078.5,302635,1286443.5,8.855290692,5.25080873,0.8056472075,0.8573476186,0.4713942915,16272,0.9225130829,11151,0.9194095139,5129,0.9030110044
midpoint,0.2,100,2,3,236,193,144,0.6101694915,102,91,48,2453,438,2015,8.538135593,5.600456621,0.5680947299,0.6419220605,0.2661870504,34,0.6632302405,14,0.4730392157,9,0.9460784314
midpoint,0.2,100,2,4,34076,26997,17786,0.5219509332,9888,17109,4210,349145,27870,321275,9.428189928,12.52762827,0.9244187267,0.7726072996,0.4256505576,4209,0.8179760013,2626,0.7810995735,1007,0.7394811942
midpoint,0.2,100,2,5,32396,27728,18724,0.5779725892,10421,17307,4006,542201,118338.5,423862.5,13.08379121,4.581780232,0.9239038596,0.8578759534,0.4220188575,5032,0.911750124,3676,0.9047295698,1814,0.8562456879
midpoint,0.2,100,2,6,68414,59327,41391,0.605007747,25282,34045,9010,1386919.5,262439.5,1124480,16.43640191,5.284720859,0.8520609761,0.8644390783,0.3617429502,13269,0.9077627833,10146,0.9096667352,5157,0.894483627
midpoint,0.3,0,2,1,148138,84963,32714,0.2208346272,9073,75890,3333,244760.5,10737.5,234023,1.579763464,22.79492433,0.6866880855,0.8447989229,0.718727718,3678,0.9249202867,1623,0.7759820897,432,0.6738982542
midpoint,0.3,0,2,2,145274,105854,52990,0.3647590071,23951,81903,8426,1193412,260680,932732,6.420501948,4.578072733,0.7024273217,0.8690340401,0.5394038462,11920,0.9447600844,8224,0.9479642553,3878,0.9545129634
midpoint,0.3,0,2,3,236,193,134,0.5677966102,94,99,33,2800.5,310.5,2490,10.55084746,9.019323671,0.9148950865,0.8607537349,0.2878787879,42,0.889010748,15,0.5499620061,10,1.140661939
midpoint,0.3,0,2,4,34076,26997,13548,0.3975818758,6295,20702,2512,213380,17138,196242,5.758950581,12.45069436,0.9187417425,0.7412872995,0.5294865087,2702,0.8248209899,1645,0.7685821687,591,0.681707179
midpoint,0.3,0,2,5,32396,27728,15283,0.4717557723,8258,19470,3071,438445,110640.5,327804.5,10.11867206,3.962789394,0.7990859951,0.8372379926,0.44876844,4057,0.927629868,2896,0.8994486142,1469,0.8750188882
midpoint,0.3,0,2,6,68414,59327,33666,0.4920922618,19793,39534,6768,1070737,215395,855342,12.50244102,4.971039253,0.8014857684,0.8398897018,0.398827603,10489,0.9165751258,7784,0.8914358286,3845,0.8518662465
midpoint,0.3,25,2,1,148138,84963,32714,0.2208346272,8360,76603,3191,218126,10439.5,207686.5,1.401979911,20.8942957,0.6294323994,0.8136688875,0.7408314474,3298,0.9000939964,1477,0.7664049595,375,0.6348724561
midpoint,0.3,25,2,2,145274,105854,52990,0.3647590071,22215,83639,7990,1102744,244569,858175,5.907285543,4.508927951,0.6918182321,0.8620512845,0.5727884615,10976,0.9379219775,7586,0.9427554065,3586,0.9516158011
midpoint,0.3,25,2,3,236,193,134,0.5677966102,90,103,32,2733,310,2423,10.26694915,8.816129032,0.8942835879,0.8748192422,0.3181818182,40,0.8843069874,15,0.5744047619,10,1.191358025
midpoint,0.3,25,2,4,34076,26997,13548,0.3975818758,5792,21205,2388,190524.5,15937,174587.5,5.123473999,11.95485349,0.8821534448,0.7167619222,0.5670827416,2409,0.799242079,1447,0.7347847168,530,0.6644364321
midpoint,0.3,25,2,5,32396,27728,15283,0.4717557723,7653,20075,2871,402216,102145,300071,9.262594147,3.937696412,0.7940260616,0.8269918077,0.489152927,3718,0.917322966,2664,0.8928020631,1349,0.8670631853
midpoint,0.3,25,2,6,68414,59327,33666,0.4920922618,18496,40831,6477,990643.5,203920,786723.5,11.49945187,4.858000687,0.783260444,0.8266818248,0.4382213583,9677,0.9049165491,7195,0.8817629856,3558,0.8435577467
midpoint,0.3,50,2,1,148138,84963,32714,0.2208346272,7649,77314,3020,195158,9869,185289,1.250786429,19.77485054,0.5957095564,0.7933972604,0.7628731748,2952,0.8805523559,1340,0.7599486118,328,0.6069189225
midpoint,0.3,50,2,2,145274,105854,52990,0.3647590071,20724,85130,7678,1021132,233840.5,787291.5,5.419355838,4.366788473,0.6700093491,0.8477455938,0.6014615385,10075,0.922869733,6991,0.9313184987,3338,0.9495337936
midpoint,0.3,50,2,3,236,193,134,0.5677966102,83,110,32,2366.5,310,2056.5,8.713983051,7.633870968,0.7743586209,0.8051152332,0.3712121212,35,0.8390262079,12,0.4982788296,8,1.033467202
midpoint,0.3,50,2,4,34076,26997,13548,0.3975818758,5374,21623,2272,174182.5,15142,159040.5,4.667229135,11.50326905,0.848830848,0.7037208245,0.5983257344,2191,0.7834563583,1320,0.7224310536,495,0.668826786
midpoint,0.3,50,2,5,32396,27728,15283,0.4717557723,7020,20708,2679,364988,93890,271098,8.36825534,3.887400149,0.7838839533,0.8145131433,0.5314064482,3386,0.910740052,2438,0.8907365375,1217,0.8527544151
midpoint,0.3,50,2,6,68414,59327,33666,0.4920922618,17269,42058,6155,920716,193444,727272,10.63045575,4.759599677,0.7673951482,0.8185095693,0.475489005,8964,0.8978013719,6670,0.8755027752,3324,0.8440739879
midpoint,0.3,100,2,1,148138,84963,32714,0.2208346272,6686,78277,2741,163904,9179.5,154724.5,1.044461921,17.85543875,0.5378880348,0.7579462972,0.79272716,2518,0.859276322,1127,0.7312091753,243,0.5144005174
midpoint,0.3,100,2,2,145274,105854,52990,0.3647590071,18159,87695,6998,886237.5,214157,672080.5,4.626295827,4.138260715,0.6349456552,0.8259103876,0.6507884615,8717,0.9112636547,6035,0.917524895,2887,0.9372437052
midpoint,0.3,100,2,3,236,193,134,0.5677966102,75,118,31,2135,309.5,1825.5,7.735169492,6.89822294,0.6997365327,0.7909116929,0.4318181818,29,0.769347079,12,0.5514285714,8,1.143703704
midpoint,0.3,100,2,4,34076,26997,13548,0.3975818758,4855,22142,2075,156016.5,14169.5,141847,4.162665806,11.01072727,0.8124859915,0.6947383188,0.6371178713,1964,0.7773602748,1167,0.706971259,449,0.6715266117
midpoint,0.3,100,2,5,32396,27728,15283,0.4717557723,6085,21643,2367,317381,81754,235627,7.273336214,3.882146439,0.7828245566,0.8167203303,0.5938188372,2909,0.9026673482,2115,0.8914612441,1040,0.8407042972
midpoint,0.3,100,2,6,68414,59327,33666,0.4920922618,15280,44047,5607,807828,177436.5,630391.5,9.214364019,4.5527724,0.7340481737,0.801827741,0.5359008626,7822,0.8854011133,5862,0.8696036271,2943,0.8446049044
midpoint,0.4,0,2,1,148138,84963,27244,0.1839095978,3538,81425,1116,105846,5013,100833,0.6806693759,21.11430281,0.6360600266,0.9334489682,0.8694320404,1521,0.9808777351,680,0.8337487056,227,0.908091319
midpoint,0.4,0,2,2,145274,105854,44559,0.306723846,13435,92419,4633,698578,184778,513800,3.53676501,3.780634058,0.580073933,0.8534144486,0.6956275487,6742,0.9526206885,4559,0.9368378577,2251,0.9877237606
midpoint,0.4,0,2,3,236,193,98,0.4152542373,48,145,15,1184,70.5,1113.5,4.718220339,16.79432624,1.703569704,0.7538004742,0.5051546392,24,0.9948453608,4,0.287202381,2,0.4467592593
midpoint,0.4,0,2,4,34076,26997,10838,0.3180537622,3059,23938,1124,103482.5,9249,94233.5,2.765392065,11.18850687,0.8256044196,0.7325144182,0.7161020882,1322,0.830466412,805,0.7739921216,273,0.6480213151
midpoint,0.4,0,2,5,32396,27728,12639,0.3901407581,4842,22886,1750,263891.5,74156.5,189735,5.856741573,3.558575445,0.7175773219,0.8264785026,0.6127019677,2403,0.9370733356,1734,0.9184954009,891,0.9051559894
midpoint,0.4,0,2,6,68414,59327,27252,0.3983395212,11754,47573,4059,618743,143551.5,475191.5,6.945822492,4.310251025,0.6949462031,0.7857367395,0.5638104427,6102,0.8979085836,4444,0.8570126779,2139,0.7980163497
midpoint,0.4,25,2,1,148138,84963,27244,0.1839095978,3174,81789,1055,92227.5,4770.5,87457,0.5903751907,19.33287915,0.582395343,0.9024712457,0.8828652618,1333,0.9582232807,606,0.8282277743,184,0.8204883066
midpoint,0.4,25,2,2,145274,105854,44559,0.306723846,12177,93677,4332,629155,171101,458054,3.153034955,3.677097153,0.5641879576,0.8394212054,0.7241277753,6026,0.9394155678,4075,0.9238890459,2032,0.9837416851
midpoint,0.4,25,2,3,236,193,98,0.4152542373,46,147,15,1127,70.5,1056.5,4.476694915,15.9858156,1.621556636,0.7463097099,0.5257731959,22,0.9515912147,4,0.299689441,2,0.4661835749
midpoint,0.4,25,2,4,34076,26997,10838,0.3180537622,2740,24257,1064,89381,8792,80589,2.364978284,10.16617379,0.7501660513,0.6993837486,0.7457076566,1126,0.7896923334,668,0.7170443801,244,0.6466144187
midpoint,0.4,25,2,5,32396,27728,12639,0.3901407581,4358,23370,1612,232776,67110.5,165665.5,5.113764045,3.468548141,0.6994235542,0.8017772788,0.6514157735,2116,0.9167966801,1535,0.9033869902,782,0.8826530733
midpoint,0.4,25,2,6,68414,59327,27252,0.3983395212,10762,48565,3835,558345.5,133665,424680.5,6.207508697,4.177200464,0.6734943244,0.7669435784,0.600623446,5482,0.8810319333,3993,0.8410178339,1926,0.7847837217
midpoint,0.4,50,2,1,148138,84963,27244,0.1839095978,2866,82097,1011,78985.5,4650.5,74335,0.501795623,16.98430276,0.5116454075,0.8494990151,0.8942318338,1135,0.9035728366,511,0.7734438715,152,0.75063515
midpoint,0.4,50,2,2,145274,105854,44559,0.306723846,11148,94706,4105,570674,161528,409146,2.816374575,3.532972612,0.5420745004,0.8190019048,0.7474399638,5405,0.9203810535,3677,0.910603218,1839,0.9724839585
midpoint,0.4,50,2,3,236,193,98,0.4152542373,42,151,15,843,70.5,772.5,3.273305085,11.95744681,1.212930119,0.5976633435,0.5670103093,18,0.852724595,2,0.1641156463,0,0
midpoint,0.4,50,2,4,34076,26997,10838,0.3180537622,2502,24495,1012,79383,8720,70663,2.073688226,9.103555046,0.6717549867,0.6715758936,0.7677958237,998,0.7665020663,599,0.7041410341,226,0.6558843297
midpoint,0.4,50,2,5,32396,27728,12639,0.3901407581,3881,23847,1480,201993.5,61002.5,140991,4.352111372,3.311233146,0.6677014018,0.7662255742,0.6895696689,1856,0.9029816475,1354,0.8948035525,662,0.839044234
midpoint,0.4,50,2,6,68414,59327,27252,0.3983395212,9875,49452,3615,505482.5,124485,380997.5,5.568999035,4.060589629,0.6546930397,0.7498581306,0.6335399117,4951,0.8671643761,3595,0.8252027623,1749,0.7766751254
midpoint,0.4,100,2,1,148138,84963,27244,0.1839095978,2412,82551,906,64068,4059,60009,0.4050884986,15.7841833,0.4754922829,0.8148633897,0.9109864561,927,0.8768916241,414,0.7445727301,119,0.6982824923
midpoint,0.4,100,2,2,145274,105854,44559,0.306723846,9415,96439,3641,477005.5,146696.5,330309,2.273696601,3.251648812,0.4989101527,0.7828952263,0.7867014046,4478,0.9028855376,3037,0.8905472737,1536,0.961764114
midpoint,0.4,100,2,3,236,193,98,0.4152542373,36,157,15,655,70.5,584.5,2.476694915,9.290780142,0.9424308752,0.5275813527,0.6288659794,13,0.7184994273,2,0.191468254,0,0
midpoint,0.4,100,2,4,34076,26997,10838,0.3180537622,2227,24770,921,69195,8371.5,60823.5,1.784936612,8.265543809,0.6099178006,0.6494437219,0.7933178654,868,0.748978933,515,0.6801538312,194,0.6325394753
midpoint,0.4,100,2,5,32396,27728,12639,0.3901407581,3189,24539,1245,165526.5,51228,114298.5,3.528167058,3.231172406,0.6515573653,0.7559531949,0.7449208127,1506,0.8916923631,1114,0.8959491249,525,0.80979538
midpoint,0.4,100,2,6,68414,59327,27252,0.3983395212,8369,50958,3180,422090.5,109881.5,312209,4.56352501,3.841324518,0.6193407004,0.725046622,0.6894273945,4102,0.8477497971,3015,0.8166061217,1472,0.7712957409
midpoint,0.5,0,2,1,148138,84963,24703,0.1667566728,1544,83419,455,48347.5,2456.5,45891,0.3097854703,19.68145736,0.5928961236,0.9734775611,0.9374037136,633,0.9354054698,324,0.9102942569,120,1.100006991
midpoint,0.5,0,2,2,145274,105854,38744,0.2666960365,6953,98901,2301,389059,122559,266500,1.834464529,3.174462912,0.4870672903,0.8553198402,0.8197630713,3597,0.9820580051,2488,0.9878947047,1302,1.103917027
midpoint,0.5,0,2,3,236,193,89,0.3771186441,16,177,1,549,0.5,548.5,2.324152542,1098,111.3780635,1.113945829,0.8181818182,11,1.367912371,2,0.4308035714,2,1.340277778
midpoint,0.5,0,2,4,34076,26997,9269,0.2720096255,1330,25667,440,45388,4579,40809,1.197587745,9.912207906,0.7314258063,0.7296164958,0.8562006703,577,0.833670178,357,0.789471964,127,0.6933590701
midpoint,0.5,0,2,5,32396,27728,10595,0.327046549,2614,25114,967,142200,48040.5,94159.5,2.906516237,2.960002498,0.596876671,0.7597443089,0.7520864947,1263,0.9123098457,926,0.9085693487,477,0.8976009558
midpoint,0.5,0,2,6,68414,59327,22619,0.3306194639,6219,53108,2098,331360,82456.5,248903.5,3.638195399,4.018603749,0.647923613,0.7778655356,0.7235508535,3237,0.9002595745,2342,0.8536212475,1146,0.80807329
midpoint,0.5,25,2,1,148138,84963,24703,0.1667566728,1405,83558,434,42135.5,2289,39846.5,0.2689823003,18.40782001,0.5545283019,0.9288799229,0.9430390011,569,0.9240158763,284,0.8768516113,92,0.9267722011
midpoint,0.5,25,2,2,145274,105854,38744,0.2666960365,6154,99700,2141,339881,111200.5,228680.5,1.574132329,3.05647007,0.4689632975,0.8292303775,0.8404748944,3093,0.9540944285,2147,0.9631791291,1147,1.098761929
midpoint,0.5,25,2,3,236,193,89,0.3771186441,14,179,1,492,0.5,491.5,2.082627119,984,99.81422088,1.140782654,0.8409090909,9,1.279086892,2,0.4923469388,2,1.531746032
midpoint,0.5,25,2,4,34076,26997,9269,0.2720096255,1153,25844,410,36977.5,3836,33141.5,0.9725760066,9.63959854,0.7113098516,0.6834916072,0.8753378744,469,0.7816523348,286,0.7295530249,101,0.6360601504
midpoint,0.5,25,2,5,32396,27728,10595,0.327046549,2289,25439,875,120691.5,41934.5,78757,2.431071737,2.878095601,0.5803603621,0.7256918859,0.7829097117,1076,0.887587287,789,0.8840643716,401,0.8617257893
midpoint,0.5,25,2,6,68414,59327,22619,0.3306194639,5509,53818,1938,288148,74268,213880,3.126260707,3.879840577,0.6255506842,0.7545560163,0.7551120199,2801,0.8793989501,2026,0.8336150588,995,0.7920215519
midpoint,0.5,50,2,1,148138,84963,24703,0.1667566728,1209,83754,421,31233,2204.5,29028.5,0.195955798,14.16783851,0.4268005352,0.7864009221,0.9509851618,424,0.800171441,194,0.6960805802,58,0.6789897028
midpoint,0.5,50,2,2,145274,105854,38744,0.2666960365,5548,100306,2002,306619,104758.5,201860.5,1.389515674,2.926912852,0.4490849481,0.8119297494,0.8561837364,2732,0.9347880982,1908,0.9494550939,1029,1.093393781
midpoint,0.5,50,2,3,236,193,89,0.3771186441,10,183,1,208,0.5,207.5,0.8792372881,416,42.197882,0.6742570923,0.8863636364,5,0.9948453608,0,0,0,0
midpoint,0.5,50,2,4,34076,26997,9269,0.2720096255,1021,25976,389,31463,3798.5,27664.5,0.8118470478,8.28300645,0.6112063759,0.6442989384,0.8896096875,399,0.7509607656,250,0.7201689672,93,0.6613986857
midpoint,0.5,50,2,5,32396,27728,10595,0.327046549,1979,25749,794,100420.5,37315,63105.5,1.947941104,2.691156371,0.542664561,0.6725588829,0.8123103187,904,0.8625161403,664,0.8605477297,316,0.7854378012
midpoint,0.5,50,2,6,68414,59327,22619,0.3306194639,4930,54397,1802,251356,66792,184564,2.697751922,3.763265062,0.606755094,0.7276024585,0.7808499289,2457,0.8619932074,1760,0.8092163169,872,0.7756329615
midpoint,0.5,100,2,1,148138,84963,24703,0.1667566728,978,83985,373,23014.5,1961.5,21053,0.142117485,11.73311241,0.3534553738,0.705051524,0.9603502797,329,0.7675391455,142,0.6298448435,32,0.4630976945
midpoint,0.5,100,2,2,145274,105854,38744,0.2666960365,4546,101308,1732,251580.5,93751.5,157829,1.086422897,2.683482398,0.4117346891,0.7747488417,0.8821577624,2184,0.9119943217,1527,0.9273466695,829,1.075035427
midpoint,0.5,100,2,3,236,193,89,0.3771186441,6,187,1,113.5,0.5,113,0.4788135593,227,23.02624811,0.6119763167,0.9318181818,3,0.9948453608,0,0,0,0
midpoint,0.5,100,2,4,34076,26997,9269,0.2720096255,900,26097,371,26148.5,3724.5,22424,0.6580584576,7.020673916,0.5180583507,0.5924625559,0.9026921829,332,0.7088684841,209,0.6830050478,76,0.6131647839
midpoint,0.5,100,2,5,32396,27728,10595,0.327046549,1577,26151,666,79834.5,30999,48835.5,1.507454624,2.575389529,0.5193204835,0.6531498635,0.8504362671,712,0.8524970696,533,0.8668584635,240,0.7486004071
midpoint,0.5,100,2,6,68414,59327,22619,0.3306194639,3969,55358,1556,198205.5,57553,140652.5,2.055902301,3.443877817,0.5552599603,0.6887481417,0.8235686344,1900,0.8279766864,1374,0.7847015609,695,0.7678747673
midpoint,0.6,0,2,1,148138,84963,23231,0.1568199922,603,84360,166,20654.5,727,19927.5,0.1345198396,28.41059147,0.8558578385,1.082383656,0.974019819,287,1.085945614,159,1.143836368,59,1.384829144
midpoint,0.6,0,2,2,145274,105854,34580,0.2380329584,3065,102789,937,186568.5,70368.5,116200,0.799867836,2.651307048,0.4067979295,0.8460172366,0.9112006026,1659,1.027507117,1155,1.040360887,610,1.17326748
midpoint,0.6,0,2,3,236,193,73,0.3093220339,6,187,1,252.5,0.5,252,1.06779661,505,51.22579425,1.364761344,0.9178082192,2,0.6632302405,2,1.148809524,2,3.574074074
midpoint,0.6,0,2,4,34076,26997,8232,0.24157765,466,26531,135,17159.5,1067.5,16092,0.4722385256,16.07447307,1.18614183,0.8211347653,0.9433503525,229,0.944321026,133,0.8394326572,43,0.6700213784
midpoint,0.6,0,2,5,32396,27728,8926,0.2755278429,1080,26648,385,60826.5,21040.5,39786,1.228114582,2.890924645,0.5829473048,0.7769899795,0.8787061995,542,0.9475892508,407,0.9665477891,225,1.024776773
midpoint,0.6,0,2,6,68414,59327,19010,0.2778671032,2653,56674,833,144116,37652,106464,1.556172713,3.82757888,0.6171244771,0.7799371593,0.8601844532,1402,0.9140214126,1012,0.8646535824,495,0.8181908907
midpoint,0.6,25,2,1,148138,84963,23231,0.1568199922,551,84412,160,18906.5,622,18284.5,0.1234288299,30.39630225,0.9156765908,1.08686902,0.9762602327,267,1.105613043,150,1.180928894,54,1.387086856
midpoint,0.6,25,2,2,145274,105854,34580,0.2380329584,2639,103215,865,160193,61709,98484,0.6779189669,2.595942245,0.398303143,0.8327791655,0.9235427048,1377,0.9905205307,959,1.003255912,530,1.183952166
midpoint,0.6,25,2,3,236,193,73,0.3093220339,6,187,1,252.5,0.5,252,1.06779661,505,51.22579425,1.364761344,0.9178082192,2,0.6632302405,2,1.148809524,2,3.574074074
midpoint,0.6,25,2,4,34076,26997,8232,0.24157765,406,26591,129,14874.5,866.5,14008,0.4110811128,17.1661858,1.266699752,0.8204279211,0.9506442986,196,0.92768414,109,0.7896244748,40,0.7153854103
midpoint,0.6,25,2,5,32396,27728,8926,0.2755278429,901,26827,334,47772.5,17221.5,30551,0.9430485245,2.774003426,0.5593704503,0.7151704051,0.8988095238,433,0.9074186477,326,0.9279946813,174,0.9499373589
midpoint,0.6,25,2,6,68414,59327,19010,0.2778671032,2276,57051,755,119158.5,32316.5,86842,1.269360072,3.687234075,0.59449654,0.7415691292,0.8800527009,1149,0.8731590854,825,0.8216381073,412,0.7938010141
midpoint,0.6,50,2,1,148138,84963,23231,0.1568199922,464,84499,157,13060.5,620.5,12440,0.08397575234,21.04834811,0.6340731671,0.878108376,0.980008617,192,0.9441190034,97,0.90685498,25,0.7625766858
midpoint,0.6,50,2,2,145274,105854,34580,0.2380329584,2331,103523,802,142802.5,57671,85131.5,0.586006443,2.476157861,0.3799242686,0.8149886758,0.9324661027,1195,0.973183111,844,0.9996148149,473,1.196235108
midpoint,0.6,50,2,3,236,193,73,0.3093220339,4,189,1,43.5,0.5,43,0.1822033898,87,8.825037821,0.3493139153,0.9452054795,0,0,0,0,0,0
midpoint,0.6,50,2,4,34076,26997,8232,0.24157765,356,26641,125,11734.5,837.5,10897,0.3197851861,14.01134328,1.033902654,0.7278590486,0.9567225869,161,0.8690524177,86,0.7105073746,32,0.6526887115
midpoint,0.6,50,2,5,32396,27728,8926,0.2755278429,772,26956,290,41639,14463.5,27175.5,0.8388535622,2.878902064,0.5805229831,0.7424532936,0.9132973944,379,0.926971761,286,0.9501702114,148,0.9430070197
midpoint,0.6,50,2,6,68414,59327,19010,0.2778671032,1961,57366,688,100910.5,27974,72936.5,1.066104891,3.607296061,0.5816080517,0.7228720092,0.8966534914,959,0.8458368851,684,0.7906374665,352,0.7871395984
midpoint,0.6,100,2,1,148138,84963,23231,0.1568199922,383,84580,147,8953,525.5,8427.5,0.05688952193,17.03710752,0.5132361298,0.7206853721,0.983498492,136,0.8101839315,70,0.7928359869,10,0.369541078
midpoint,0.6,100,2,2,145274,105854,34580,0.2380329584,1805,104049,685,110098,51239,58859,0.405158528,2.148714846,0.3296837125,0.7276779835,0.947705412,871,0.9160303868,616,0.9421846334,353,1.152909389
midpoint,0.6,100,2,3,236,193,73,0.3093220339,3,190,1,28,0.5,27.5,0.1165254237,56,5.680484115,0.2978645789,0.9589041096,0,0,0,0,0,0
midpoint,0.6,100,2,4,34076,26997,8232,0.24157765,297,26700,117,9352,795.5,8556.5,0.2511004813,11.75612822,0.8674894277,0.685062252,0.9638949672,132,0.8540584146,71,0.7031079946,27,0.6601056286
midpoint,0.6,100,2,5,32396,27728,8926,0.2755278429,616,27112,240,32116,11805.5,20310.5,0.6269446845,2.72042692,0.5485668896,0.695422596,0.9308176101,295,0.9042445467,223,0.9284891411,106,0.8464389965
midpoint,0.6,100,2,6,68414,59327,19010,0.2778671032,1488,57839,581,74107.5,22602.5,51505,0.7528429854,3.278730229,0.5286330449,0.67272961,0.9215810277,683,0.7938955705,506,0.7708084524,257,0.75738532
midpoint,0.7,0,2,1,148138,84963,22136,0.1494282358,259,84704,65,9240,237.5,9002.5,0.06077103782,38.90526316,1.172005675,1.13843722,0.988296959,128,1.127596442,69,1.155668871,21,1.147574861
midpoint,0.7,0,2,2,145274,105854,31743,0.2185043435,1153,104701,352,76380.5,39206.5,37174,0.2558888721,1.948159106,0.2989118485,0.7194714243,0.9636506936,623,1.025717278,444,1.063129511,271,1.385599317
midpoint,0.7,0,2,3,236,193,56,0.2372881356,2,191,0,209,0,209,0.8855932203,,,3.3956562,0.9642857143,2,1.989690722,2,3.446428571,2,10.72222222
midpoint,0.7,0,2,4,34076,26997,7769,0.2279903745,144,26853,38,6310,203,6107,0.1792170443,31.08374384,2.293681954,1.008453228,0.9814576358,88,1.17433032,53,1.082513981,14,0.7059462973
midpoint,0.7,0,2,5,32396,27728,7794,0.2405852574,312,27416,101,17814,6536,11278,0.3481293987,2.725520196,0.5495939353,0.7624061508,0.9599383667,164,0.9925076172,122,1.002900654,69,1.087839959
midpoint,0.7,0,2,6,68414,59327,16661,0.2435320256,843,58484,263,46791,13553.5,33237.5,0.4858289239,3.452318589,0.5566208747,0.7662930009,0.9493693694,460,0.9437910691,336,0.9034634453,166,0.8635096682
midpoint,0.7,25,2,1,148138,84963,22136,0.1494282358,232,84731,63,8560.5,160.5,8400,0.05670388422,53.3364486,1.606739432,1.185869833,0.9895169672,116,1.140810462,66,1.234070694,20,1.220122697
midpoint,0.7,25,2,2,145274,105854,31743,0.2185043435,986,104868,327,65592.5,33189.5,32403,0.2230474827,1.976302746,0.303230011,0.7333509654,0.9689155107,517,0.9953654451,362,1.013594316,234,1.3990609
midpoint,0.7,25,2,3,236,193,56,0.2372881356,2,191,0,209,0,209,0.8855932203,,,3.3956562,0.9642857143,2,1.989690722,2,3.446428571,2,10.72222222
midpoint,0.7,25,2,4,34076,26997,7769,0.2279903745,118,26879,37,5132.5,133.5,4999,0.1467014908,38.44569288,2.836923134,1.00737568,0.9848055627,69,1.123665838,41,1.021931971,13,0.7999585161
midpoint,0.7,25,2,5,32396,27728,7794,0.2405852574,251,27477,91,13057,5756.5,7300.5,0.2253518953,2.268218536,0.4573802656,0.6134621593,0.9677709296,126,0.9478539367,93,0.9503025729,52,1.019060886
midpoint,0.7,25,2,6,68414,59327,16661,0.2435320256,703,58624,228,38036.5,11079,26957.5,0.3940348467,3.433206968,0.5535394883,0.7452781212,0.9577777778,367,0.9029347045,267,0.860904185,135,0.8421028449
midpoint,0.7,50,2,1,148138,84963,22136,0.1494282358,195,84768,62,6257.5,160,6097.5,0.04116094452,39.109375,1.178154463,1.024148463,0.9911888301,83,0.9711514706,39,0.8675890943,16,1.161306526
midpoint,0.7,50,2,2,145274,105854,31743,0.2185043435,852,105002,302,58961,31128,27833,0.1915896857,1.894146749,0.2906245718,0.7289940556,0.9731399748,436,0.9714396514,321,1.04015473,210,1.453039354
midpoint,0.7,50,2,3,236,193,56,0.2372881356,0,193,0,0,0,0,0,,,,1,0,,0,,0,
midpoint,0.7,50,2,4,34076,26997,7769,0.2279903745,87,26910,36,2636.5,106,2530.5,0.07426047658,24.87264151,1.835362216,0.691635731,0.9887973217,43,0.9497718576,21,0.7099376012,6,0.5007697872
midpoint,0.7,50,2,5,32396,27728,7794,0.2405852574,206,27522,75,10498.5,4423.5,6075,0.187523151,2.373346897,0.4785791215,0.6219965231,0.9735490498,107,0.9807564022,79,0.9835864766,41,0.9790100429
midpoint,0.7,50,2,6,68414,59327,16661,0.2435320256,580,58747,198,29818,8219,21599,0.3157102347,3.627935272,0.5849357329,0.7237685938,0.9651651652,293,0.8737460655,204,0.7972619849,105,0.793867452
midpoint,0.7,100,2,1,148138,84963,22136,0.1494282358,147,84816,61,3502,159.5,3342.5,0.02256342059,21.95611285,0.6614192213,0.744731633,0.9933577335,44,0.6829341544,21,0.6197064959,8,0.7702543286
midpoint,0.7,100,2,2,145274,105854,31743,0.2185043435,629,105225,255,45358,27354,18004,0.1239313298,1.658185275,0.2544203007,0.6387367747,0.9801702396,302,0.9114340079,227,0.9963403587,151,1.41522007
midpoint,0.7,100,2,3,236,193,56,0.2372881356,0,193,0,0,0,0,0,,,,1,0,,0,,0,
midpoint,0.7,100,2,4,34076,26997,7769,0.2279903745,76,26921,35,2175.5,67.5,2108,0.06186172086,32.22962963,2.378237327,0.6595494261,0.9902137523,36,0.9102464682,17,0.6578933034,5,0.4777080207
midpoint,0.7,100,2,5,32396,27728,7794,0.2405852574,148,27580,57,7192.5,2811.5,4381,0.1352327448,2.558242931,0.5158629174,0.6243389547,0.9809964047,72,0.918576595,55,0.9531333202,23,0.764428079
midpoint,0.7,100,2,6,68414,59327,16661,0.2435320256,426,58901,171,19836.5,6641.5,13195,0.1928698804,2.986749981,0.4815567694,0.6019963785,0.9744144144,192,0.779537902,133,0.7076865221,64,0.6588052721
midpoint,0.8,0,2,1,148138,84963,20720,0.1398695811,80,84883,6,4879,75,4804,0.0324292214,65.05333333,1.959705954,1.966793352,0.9961386234,56,1.597134647,43,2.331645691,13,2.299931284
midpoint,0.8,0,2,2,145274,105854,29837,0.2053843083,334,105520,104,21767.5,17237,4530.5,0.03118589699,1.26283576,0.1937606483,0.3026935941,0.9888039689,172,0.9775768573,109,0.9009745883,66,1.164917436
midpoint,0.8,0,2,3,236,193,54,0.2288135593,0,193,0,0,0,0,0,,,,1,0,,0,,0,
midpoint,0.8,0,2,4,34076,26997,7507,0.2203016786,37,26960,6,2371.5,3,2368.5,0.06950639746,790.5,58.3313128,1.522165931,0.9950712668,27,1.402271586,19,1.510330572,7,1.373733335
midpoint,0.8,0,2,5,32396,27728,7300,0.2253364613,77,27651,29,5270.5,2050.5,3220,0.09939498704,2.570348695,0.5183040128,0.8820110816,0.9894477182,41,1.005397327,33,1.099197907,22,1.405408145
midpoint,0.8,0,2,6,68414,59327,15591,0.2278919519,251,59076,65,16482,4297.5,12184.5,0.1780995118,3.835253054,0.618361792,0.9434699538,0.9838978702,158,1.088752015,115,1.038539458,58,1.013306814
midpoint,0.8,25,2,1,148138,84963,20720,0.1398695811,67,84896,5,4601,10.5,4590.5,0.03098799768,438.1904762,13.2003149,2.244041628,0.9967660971,49,1.668648139,43,2.784054556,13,2.746186608
midpoint,0.8,25,2,2,145274,105854,29837,0.2053843083,271,105583,95,17330.5,12196,5134.5,0.03534355769,1.420998688,0.218028057,0.4227975183,0.9909157951,134,0.9386516311,73,0.7436799625,44,0.9571523338
midpoint,0.8,25,2,3,236,193,54,0.2288135593,0,193,0,0,0,0,0,,,,1,0,,0,,0,
midpoint,0.8,25,2,4,34076,26997,7507,0.2203016786,35,26962,6,2308.5,3,2305.5,0.06765758892,769.5,56.78171436,1.566344963,0.9953376848,25,1.372593881,19,1.596635177,7,1.452232383
midpoint,0.8,25,2,5,32396,27728,7300,0.2253364613,64,27664,26,3378,1737,1641,0.05065440178,1.944732297,0.3921501216,0.5408010202,0.9912292723,32,0.9440926115,24,0.9617981685,15,1.152873869
midpoint,0.8,25,2,6,68414,59327,15591,0.2278919519,205,59122,57,13597,3632.5,9964.5,0.1456500132,3.743152099,0.6035122604,0.9447039551,0.9868488581,126,1.063071047,95,1.050433653,47,1.005381033
midpoint,0.8,50,2,1,148138,84963,20720,0.1398695811,47,84916,5,3181,10.5,3170.5,0.02140234106,302.952381,9.126320731,2.20940646,0.9977314413,31,1.504898908,25,2.307417804,10,3.011366657
midpoint,0.8,50,2,2,145274,105854,29837,0.2053843083,201,105653,85,13327.5,11576,1751.5,0.01205652766,1.151304423,0.1766480634,0.1944543426,0.9932622687,83,0.7838824956,52,0.7142328107,32,0.9385374309
midpoint,0.8,50,2,3,236,193,54,0.2288135593,0,193,0,0,0,0,0,,,,1,0,,0,,0,
midpoint,0.8,50,2,4,34076,26997,7507,0.2203016786,16,26981,6,266,3,263,0.007718042024,88.66666667,6.542748979,0.3908643836,0.9978686559,6,0.7206117873,1,0.1838231289,0,0
midpoint,0.8,50,2,5,32396,27728,7300,0.2253364613,58,27670,23,2738.5,1107.5,1631,0.05034572169,2.47268623,0.4986106351,0.5931094758,0.992051528,30,0.9766475291,22,0.9728533199,14,1.187327571
midpoint,0.8,50,2,6,68414,59327,15591,0.2278919519,168,59159,46,9912,2603,7309,0.1068348584,3.807913945,0.6139538794,0.8455567548,0.9892224788,100,1.029523643,70,0.9444688547,29,0.7569643165
midpoint,0.8,100,2,1,148138,84963,20720,0.1398695811,38,84925,4,2565,10,2555,0.01724743145,256.5,7.726961116,2.202181084,0.9981658461,25,1.501066398,19,2.168972736,8,2.979668061
midpoint,0.8,100,2,2,145274,105854,29837,0.2053843083,162,105692,79,10839,10563,276,0.001899858199,1.026128941,0.1574420167,0.03801873213,0.9945695897,57,0.6679266512,40,0.6816751897,25,0.9097512713
midpoint,0.8,100,2,3,236,193,54,0.2288135593,0,193,0,0,0,0,0,,,,1,0,,0,,0,
midpoint,0.8,100,2,4,34076,26997,7507,0.2203016786,11,26986,6,127.5,3,124.5,0.00365359784,42.5,3.136092086,0.2691330287,0.9985347009,4,0.6987750665,0,0,0,0
midpoint,0.8,100,2,5,32396,27728,7300,0.2253364613,39,27689,19,1379,360.5,1018.5,0.03143906655,3.825242718,0.7713500719,0.5508144455,0.9946553378,15,0.7262250858,12,0.789167728,5,0.63063186
midpoint,0.8,100,2,6,68414,59327,15591,0.2278919519,109,59218,36,6310.5,1739,4571.5,0.06682111848,3.628809661,0.5850767115,0.8151289341,0.9930074416,61,0.9679411278,43,0.8942127138,18,0.7241569418
midpoint,0.9,0,2,1,148138,84963,16552,0.1117336538,15,84948,0,1525.5,0,1525.5,0.0102978304,,,3.33093895,0.9990937651,15,2.281620925,15,4.337945471,8,7.54849242
midpoint,0.9,0,2,2,145274,105854,26416,0.1818357036,30,105824,9,6005.5,6925,-919.5,-0.006329418891,0.8672202166,0.1330601783,-0.683965256,0.9988643247,20,1.265545234,18,1.656470711,12,2.358075295
midpoint,0.9,0,2,3,236,193,52,0.2203389831,0,193,0,0,0,0,0,,,,1,0,,0,,0,
midpoint,0.9,0,2,4,34076,26997,7216,0.2117619439,4,26993,0,322,0,322,0.0094494659,,,1.914195156,0.9994456763,4,1.921631433,3,2.205877547,0,0
midpoint,0.9,0,2,5,32396,27728,6830,0.2108284973,8,27720,1,1112.5,104.5,1008,0.03111495246,10.64593301,2.146724221,2.657537737,0.9988286969,7,1.65216207,7,2.244195727,7,4.304062445
midpoint,0.9,0,2,6,68414,59327,14590,0.2132604438,28,59299,4,1803,323,1480,0.02163299909,5.582043344,0.8999985859,1.027301133,0.9980808773,15,0.9265712786,10,0.8095447326,8,1.252906455
midpoint,0.9,25,2,1,148138,84963,16552,0.1117336538,15,84948,0,1525.5,0,1525.5,0.0102978304,,,3.33093895,0.9990937651,15,2.281620925,15,4.337945471,8,7.54849242
midpoint,0.9,25,2,2,145274,105854,26416,0.1818357036,22,105832,8,5321,6912.5,-1591.5,-0.01095516059,0.7697649186,0.1181073219,-1.614312183,0.9991671714,13,1.121733276,11,1.380392259,11,2.947594119
midpoint,0.9,25,2,3,236,193,52,0.2203389831,0,193,0,0,0,0,0,,,,1,0,,0,,0,
midpoint,0.9,25,2,4,34076,26997,7216,0.2117619439,4,26993,0,322,0,322,0.0094494659,,,1.914195156,0.9994456763,4,1.921631433,3,2.205877547,0,0
midpoint,0.9,25,2,5,32396,27728,6830,0.2108284973,6,27722,0,804,0,804,0.02481787875,,,2.826270292,0.9991215227,6,1.888185223,6,2.564795116,6,4.918928508
midpoint,0.9,25,2,6,68414,59327,14590,0.2132604438,18,59309,1,1182.5,189.5,993,0.01451457304,6.240105541,1.00609863,1.072187714,0.9987662783,9,0.8647998601,5,0.6296459031,4,0.9744827983
midpoint,0.9,50,2,1,148138,84963,16552,0.1117336538,8,84955,0,1148,0,1148,0.007749530843,,,4.699997436,0.9995166747,8,2.281620925,8,4.337945471,8,14.15342329
midpoint,0.9,50,2,2,145274,105854,26416,0.1818357036,15,105839,8,4143.5,6912.5,-2769,-0.01906053389,0.5994213382,0.09197099953,-4.119412276,0.9994321623,6,0.7593271403,4,0.7362092049,4,1.572050197
midpoint,0.9,50,2,3,236,193,52,0.2203389831,0,193,0,0,0,0,0,,,,1,0,,0,,0,
midpoint,0.9,50,2,4,34076,26997,7216,0.2117619439,1,26996,0,88.5,0,88.5,0.002597135814,,,2.10442573,0.9998614191,1,1.921631433,1,2.941170062,0,0
midpoint,0.9,50,2,5,32396,27728,6830,0.2108284973,6,27722,0,804,0,804,0.02481787875,,,2.826270292,0.9991215227,6,1.888185223,6,2.564795116,6,4.918928508
midpoint,0.9,50,2,6,68414,59327,14590,0.2132604438,16,59311,1,883.5,189.5,694,0.01014412255,4.662269129,0.7517024439,0.8430116394,0.9989033585,7,0.7566998776,3,0.4250109846,2,0.548146574
midpoint,0.9,100,2,1,148138,84963,16552,0.1117336538,8,84955,0,1148,0,1148,0.007749530843,,,4.699997436,0.9995166747,8,2.281620925,8,4.337945471,8,14.15342329
midpoint,0.9,100,2,2,145274,105854,26416,0.1818357036,13,105841,8,3991.5,6912.5,-2921,-0.02010683261,0.5774321881,0.0885971388,-5.014085865,0.999507874,4,0.5840978003,3,0.6371041196,3,1.360428055
midpoint,0.9,100,2,3,236,193,52,0.2203389831,0,193,0,0,0,0,0,,,,1,0,,0,,0,
midpoint,0.9,100,2,4,34076,26997,7216,0.2117619439,0,26997,0,0,0,0,0,,,,1,0,,0,,0,
midpoint,0.9,100,2,5,32396,27728,6830,0.2108284973,1,27727,0,210.5,0,210.5,0.006497715767,,,4.439775347,0.9998535871,1,1.888185223,1,2.564795116,1,4.918928508
midpoint,0.9,100,2,6,68414,59327,14590,0.2132604438,8,59319,1,341.5,189.5,152,0.002221767474,1.802110818,0.2905561795,0.3692731101,0.9994516792,5,1.080999825,1,0.2833406564,1,0.548146574
optimistic,0.1,0,2,1,148138,142463,69547,0.469474409,15390,127073,10411,201897,16195.5,185701.5,1.253570995,12.46624062,6.343685812,5.162887766,0.7784112997,3096,2.90367005,1299,2.539525824,317,2.351300534
optimistic,0.1,0,2,2,145274,140573,86167,0.593134353,27948,112625,17500,730865.5,336942,393923.5,2.711589823,2.169113675,1.37809513,2.141217549,0.6744402768,7827,1.616833812,5077,1.53879613,2195,1.412722041
optimistic,0.1,0,2,3,236,230,172,0.7288135593,77,153,46,1261.5,124,1137.5,4.819915254,10.1733871,5.715339843,3.131545873,0.5523255814,21,1.608391608,7,1.229946524,3,1.792207792
optimistic,0.1,0,2,4,34076,33106,22795,0.6689458857,8520,24586,5775,147265.5,32106,115159.5,3.379489964,4.586852925,2.608827271,2.659706746,0.6250825083,1922,1.540804292,1132,1.489532885,347,1.285349114
optimistic,0.1,0,2,5,32396,31583,23148,0.7145326584,9260,22323,5805,260226,133977,126249,3.897055192,1.942318458,1.296597873,1.532068742,0.5985433105,2653,1.174527986,1820,1.123725178,822,0.9977181925
optimistic,0.1,0,2,6,68414,66267,51310,0.7499926916,26055,40212,16090,768562.5,350534.5,418028,6.110269828,2.192544528,1.30539053,1.418554585,0.4885560616,7961,1.099636896,5784,1.0845429,2665,1.041812075
optimistic,0.1,25,2,1,148138,142463,69547,0.469474409,14425,128038,9888,183989.5,14425.5,169564,1.144635408,12.75446258,6.490353088,5.029603197,0.792305588,2810,2.811741759,1179,2.459122058,295,2.334499011
optimistic,0.1,25,2,2,145274,140573,86167,0.593134353,24850,115723,15674,641842.5,287438.5,354404,2.439555598,2.232973314,1.418666843,2.166565686,0.7105281551,6891,1.600945842,4453,1.517927254,1896,1.372413151
optimistic,0.1,25,2,3,236,230,172,0.7288135593,72,158,43,1200.5,122.5,1078,4.56779661,9.8,5.505573506,3.173835125,0.5813953488,20,1.638176638,7,1.315359477,3,1.916666667
optimistic,0.1,25,2,4,34076,33106,22795,0.6689458857,7828,25278,5352,132059,29733.5,102325.5,3.002861251,4.441421292,2.526111297,2.572211274,0.6555335534,1733,1.512103215,1005,1.439323806,310,1.249804544
optimistic,0.1,25,2,5,32396,31583,23148,0.7145326584,8033,23550,5067,219077.5,108530,110547.5,3.412381158,2.01858933,1.347512619,1.546437778,0.6517384896,2260,1.153367683,1534,1.091810592,681,0.9528321563
optimistic,0.1,25,2,6,68414,66267,51310,0.7499926916,23473,42794,14559,686418,307086,379332,5.544654603,2.235263086,1.330824175,1.428836839,0.5392391646,7113,1.090578588,5183,1.078753304,2380,1.032741453
optimistic,0.1,50,2,1,148138,142463,69547,0.469474409,13532,128931,9379,167969,13374,154595,1.043587736,12.55936892,6.391075936,4.888204278,0.8051632039,2575,2.746630113,1062,2.361264456,276,2.328276706
optimistic,0.1,50,2,2,145274,140573,86167,0.593134353,22264,118309,14115,570720.5,252169,318551.5,2.19276333,2.263246077,1.437899927,2.173582355,0.740651865,6084,1.577635956,3930,1.495250697,1684,1.360541598
optimistic,0.1,50,2,3,236,230,172,0.7288135593,67,163,40,1152.5,121,1031.5,4.370762712,9.524793388,5.350964299,3.263566958,0.6104651163,19,1.672407195,7,1.413520632,3,2.059701493
optimistic,0.1,50,2,4,34076,33106,22795,0.6689458857,7138,25968,4915,118681.5,27390,91291.5,2.67905564,4.333023001,2.464458477,2.51667641,0.6858965897,1559,1.491774786,904,1.419826085,276,1.220291991
optimistic,0.1,50,2,5,32396,31583,23148,0.7145326584,6951,24632,4428,183436,91730.5,91705.5,2.830766144,1.999727463,1.334921348,1.482550127,0.6986473598,1925,1.135325916,1302,1.070935725,560,0.9054986328
optimistic,0.1,50,2,6,68414,66267,51310,0.7499926916,21162,45105,13198,609551.5,272983.5,336568,4.919577864,2.232924334,1.329431737,1.40620251,0.584602701,6355,1.080765821,4616,1.065659888,2111,1.016049284
optimistic,0.1,100,2,1,148138,142463,69547,0.469474409,12010,130453,8418,142370,11116,131254,0.8860251927,12.80766463,6.51742597,4.676117682,0.8270773041,2230,2.680074018,884,2.21457993,226,2.148092268
optimistic,0.1,100,2,2,145274,140573,86167,0.593134353,18077,122496,11589,456552.5,204634.5,251918,1.734088688,2.231063188,1.417453289,2.117056655,0.7894252499,4844,1.547029375,3124,1.463892965,1324,1.317451263
optimistic,0.1,100,2,3,236,230,172,0.7288135593,52,178,31,957,116.5,840.5,3.561440678,8.214592275,4.614902203,3.426355902,0.6976744186,16,1.814595661,5,1.300904977,3,2.653846154
optimistic,0.1,100,2,4,34076,33106,22795,0.6689458857,5999,27107,4168,99220.5,23359.5,75861,2.226229604,4.247543826,2.415841177,2.488360394,0.7360176018,1303,1.483539946,761,1.422161962,236,1.241550427
optimistic,0.1,100,2,5,32396,31583,23148,0.7145326584,5338,26245,3407,137957.5,65744,72213.5,2.229086924,2.098404417,1.400793311,1.520201361,0.7685771265,1476,1.133560996,986,1.05608301,414,0.871703585
optimistic,0.1,100,2,6,68414,66267,51310,0.7499926916,17390,48877,10894,499564,214928,284636,4.160493466,2.324331869,1.383853678,1.447178169,0.6586447864,5187,1.073468791,3786,1.063629947,1729,1.012694992
optimistic,0.2,0,2,1,148138,142463,45317,0.3059107049,5380,137083,3050,92372,5454,86918,0.5867366915,16.93656032,8.618493792,6.912630467,0.8812309594,1391,3.731898189,572,3.198864581,143,3.034179445
optimistic,0.2,0,2,2,145274,140573,65871,0.4534259399,13669,126904,7337,466909,202804.5,264104.5,1.817974999,2.302261538,1.462687478,2.935206742,0.7921380779,4777,2.017619569,3148,1.950844424,1392,1.831788899
optimistic,0.2,0,2,3,236,230,144,0.6101694915,49,181,25,1018,12.5,1005.5,4.26059322,81.44,45.75243942,4.349948274,0.6597222222,16,1.925693354,5,1.380552221,3,2.816326531
optimistic,0.2,0,2,4,34076,33106,17786,0.5219509332,4064,29042,2405,85330.5,14351.5,70979,2.082961615,5.945754799,3.381718909,3.436764361,0.7712098182,1125,1.890743056,658,1.81516228,197,1.52983203
optimistic,0.2,0,2,5,32396,31583,18724,0.5779725892,5131,26452,2783,177793,77457,100336,3.09717249,2.29537679,1.532282542,2.197435117,0.7253800043,1788,1.428573554,1214,1.352746386,562,1.231066069
optimistic,0.2,0,2,6,68414,66267,41391,0.605007747,14448,51819,7730,512500.5,183527,328973.5,4.808569883,2.792507369,1.662594592,2.013190811,0.6496435327,5341,1.330416437,3851,1.302192874,1743,1.228776523
optimistic,0.2,25,2,1,148138,142463,45317,0.3059107049,4923,137540,2882,80955,4761,76194,0.5143447326,17.00378072,8.652700181,6.622269183,0.8913197051,1216,3.565239192,496,3.031335063,129,2.991213242
optimistic,0.2,25,2,2,145274,140573,65871,0.4534259399,11895,128678,6494,399069.5,172132,226937.5,1.562134312,2.31839228,1.472935765,2.898287465,0.8191149635,4090,1.985087457,2677,1.906376086,1163,1.758685566
optimistic,0.2,25,2,3,236,230,144,0.6101694915,46,184,24,947,12,935,3.961864407,78.91666667,44.33484787,4.30875576,0.6805555556,14,1.794871795,5,1.470588235,3,3
optimistic,0.2,25,2,4,34076,33106,17786,0.5219509332,3659,29447,2207,74605,13344.5,61260.5,1.797760887,5.590692795,3.179773162,3.294516649,0.7940100208,986,1.840552443,567,1.737256372,171,1.474907973
optimistic,0.2,25,2,5,32396,31583,18724,0.5779725892,4324,27259,2359,144417.5,60027,84390.5,2.604966663,2.405875689,1.606046263,2.193154194,0.7685720402,1473,1.396542535,980,1.295806341,451,1.172297711
optimistic,0.2,25,2,6,68414,66267,41391,0.605007747,12774,53493,6934,445699,159687.5,286011.5,4.180599,2.791070059,1.66173885,1.979649665,0.6902371599,4636,1.306138624,3361,1.285437986,1517,1.209600395
optimistic,0.2,50,2,1,148138,142463,45317,0.3059107049,4509,137954,2721,70868,4303.5,66564.5,0.4493411549,16.46752643,8.379816894,6.316526625,0.9004591814,1065,3.409214331,429,2.862590061,116,2.936738347
optimistic,0.2,50,2,2,145274,140573,65871,0.4534259399,10389,130184,5712,347635,150818,196817,1.354798519,2.304996751,1.464425232,2.877984828,0.8420164234,3515,1.953315367,2304,1.878595964,1007,1.743526912
optimistic,0.2,50,2,3,236,230,144,0.6101694915,42,188,22,899,11,888,3.762711864,81.72727273,45.91382729,4.481895984,0.7083333333,13,1.825396825,5,1.610644258,3,3.285714286
optimistic,0.2,50,2,4,34076,33106,17786,0.5219509332,3308,29798,2039,66112.5,12301.5,53811,1.579146613,5.374344592,3.056722543,3.200951847,0.8137701965,869,1.794270705,499,1.691135119,155,1.478759065
optimistic,0.2,50,2,5,32396,31583,18724,0.5779725892,3633,27950,2015,116503,49191,67312,2.077787381,2.368380395,1.581016218,2.082036739,0.8055555556,1217,1.373290091,804,1.265290832,356,1.101365988
optimistic,0.2,50,2,6,68414,66267,41391,0.605007747,11247,55020,6174,385034.5,140929.5,244105,3.568056246,2.732107188,1.626633714,1.918985693,0.7272661138,4022,1.286998758,2899,1.259276356,1301,1.178213114
optimistic,0.2,100,2,1,148138,142463,45317,0.3059107049,3869,138594,2382,57744,3693,54051,0.3648692435,15.63606824,7.956713433,5.977518044,0.9145878405,889,3.316560806,343,2.667334563,93,2.74392173
optimistic,0.2,100,2,2,145274,140573,65871,0.4534259399,8097,132476,4567,269818,126012.5,143805.5,0.9898915153,2.141200278,1.360361012,2.698056226,0.876870438,2667,1.901602151,1737,1.81718999,762,1.692792644
optimistic,0.2,100,2,3,236,230,144,0.6101694915,32,198,16,776.5,8,768.5,3.256355932,97.0625,54.52905392,5.090869816,0.7777777778,11,2.02724359,4,1.691176471,3,4.3125
optimistic,0.2,100,2,4,34076,33106,17786,0.5219509332,2727,30379,1724,51917.5,10355,41562.5,1.219700082,5.013761468,2.851636593,2.999094177,0.8464786354,684,1.713186545,392,1.611551515,121,1.400333424
optimistic,0.2,100,2,5,32396,31583,18724,0.5779725892,2675,28908,1489,81891.5,34625.5,47266,1.459007285,2.36506332,1.5788019,1.985575275,0.8568293727,891,1.36549786,572,1.222564984,240,1.008403898
optimistic,0.2,100,2,6,68414,66267,41391,0.605007747,8937,57330,4994,297670,108226,189444,2.769082352,2.750448136,1.637553493,1.874221235,0.7832824094,3120,1.256422175,2257,1.233812966,997,1.136283372
optimistic,0.3,0,2,1,148138,142463,32714,0.2208346272,2201,140262,1033,44038,1874.5,42163.5,0.2846231217,23.49319819,11.95496481,8.196576645,0.932705537,676,4.433141425,260,3.554147174,69,3.57862794
optimistic,0.3,0,2,2,145274,140573,52990,0.3647590071,7197,133376,3459,292677.5,138893.5,153784,1.058578961,2.107208041,1.338764847,3.246080524,0.8640433731,2826,2.266947375,1900,2.236282961,871,2.176905533
optimistic,0.3,0,2,3,236,230,134,0.5677966102,30,200,11,854.5,5.5,849,3.597457627,155.3636364,87.28223675,5.999078341,0.776119403,13,2.555555556,4,1.803921569,3,4.6
optimistic,0.3,0,2,4,34076,33106,13548,0.3975818758,1838,31268,959,43380.5,6059.5,37321,1.095228313,7.159089034,4.071817217,3.995593922,0.8642640868,581,2.159058036,331,2.018950869,100,1.717060966
optimistic,0.3,0,2,5,32396,31583,15283,0.4717557723,2839,28744,1387,108368,47386,60982,1.882392888,2.286920187,1.526637323,2.413779324,0.8140189977,1103,1.592748578,737,1.484232051,347,1.373760873
optimistic,0.3,0,2,6,68414,66267,33666,0.4920922618,8020,58247,3792,319369.5,109775.5,209594,3.063612711,2.909296701,1.732128271,2.310661002,0.7613095238,3330,1.494316604,2362,1.438848452,1072,1.361456181
optimistic,0.3,25,2,1,148138,142463,32714,0.2208346272,1965,140498,960,37327.5,1755,35572.5,0.240130824,21.26923077,10.82325631,7.745825798,0.9399211178,578,4.245708923,214,3.276674647,58,3.369402851
optimistic,0.3,25,2,2,145274,140573,52990,0.3647590071,6142,134431,3015,246394.5,116644.5,129750,0.8931398599,2.112354204,1.342034341,3.209203026,0.8839730996,2377,2.234293146,1587,2.188727886,709,2.076392034
optimistic,0.3,25,2,3,236,230,134,0.5677966102,26,204,10,744,5,739,3.131355932,148.8,83.59483037,6.02516838,0.8059701493,10,2.268244576,4,2.081447964,3,5.307692308
optimistic,0.3,25,2,4,34076,33106,13548,0.3975818758,1617,31489,870,35462.5,5540,29922.5,0.8781106937,6.401173285,3.640743601,3.641341701,0.8805848903,487,2.057086871,263,1.823429566,79,1.541871901
optimistic,0.3,25,2,5,32396,31583,15283,0.4717557723,2332,29251,1160,83796,35344.5,48451.5,1.495601309,2.370835632,1.582655216,2.334747788,0.8472322306,866,1.522391856,566,1.387674461,259,1.248298011
optimistic,0.3,25,2,6,68414,66267,33666,0.4920922618,6941,59326,3358,271231,94255,176976,2.586838951,2.877629834,1.713274547,2.254364244,0.793422619,2817,1.460621064,2005,1.411243197,907,1.330970696
optimistic,0.3,50,2,1,148138,142463,32714,0.2208346272,1757,140706,902,31743.5,1536,30207.5,0.2039145931,20.66634115,10.51646435,7.35629124,0.9462806127,494,4.058262362,183,3.133728955,51,3.313491911
optimistic,0.3,50,2,2,145274,140573,52990,0.3647590071,5248,135325,2622,212820.5,101366.5,111454,0.7671985352,2.099515126,1.333877335,3.226275661,0.9008614176,1994,2.193573098,1331,2.148369043,615,2.107920465
optimistic,0.3,50,2,3,236,230,134,0.5677966102,22,208,8,698,4,694,2.940677966,174.5,98.03291599,6.687054881,0.8358208955,9,2.412587413,4,2.459893048,3,6.272727273
optimistic,0.3,50,2,4,34076,33106,13548,0.3975818758,1441,31665,804,30692.5,4952,25740.5,0.7553850217,6.198000808,3.525186833,3.515010096,0.8935824533,421,1.99550034,228,1.773838717,70,1.533081637
optimistic,0.3,50,2,5,32396,31583,15283,0.4717557723,1913,29670,972,66980.5,28991.5,37989,1.172644771,2.310349585,1.542277656,2.231537469,0.874680642,705,1.510814879,460,1.374809651,199,1.169190201
optimistic,0.3,50,2,6,68414,66267,33666,0.4920922618,6033,60234,2971,230557.5,83078.5,147479,2.155684509,2.77517649,1.652276185,2.161367495,0.8204464286,2408,1.436467862,1699,1.37584523,759,1.2814206
optimistic,0.3,100,2,1,148138,142463,32714,0.2208346272,1478,140985,792,24904,1176,23728,0.160174972,21.17687075,10.77625714,6.869143544,0.9548108967,396,3.867280602,138,2.809226487,34,2.625983441
optimistic,0.3,100,2,2,145274,140573,52990,0.3647590071,3965,136608,2074,160925.5,86236,74689.5,0.5141284745,1.866105803,1.185586236,2.861646598,0.9250982318,1455,2.118559108,964,2.059484363,445,2.018783518
optimistic,0.3,100,2,3,236,230,134,0.5677966102,15,215,4,639,2,637,2.699152542,319.5,179.4929321,9.002150538,0.8880597015,8,3.145299145,4,3.607843137,3,9.2
optimistic,0.3,100,2,4,34076,33106,13548,0.3975818758,1149,31957,659,23871,3846.5,20024.5,0.5876423289,6.205901469,3.529680428,3.429377002,0.9151465918,321,1.908177166,174,1.697745091,57,1.565618879
optimistic,0.3,100,2,5,32396,31583,15283,0.4717557723,1345,30238,675,45429.5,18603.5,26826,0.8280651932,2.441986723,1.630152243,2.241273869,0.9118899443,501,1.527047505,315,1.339022824,130,1.086345897
optimistic,0.3,100,2,6,68414,66267,33666,0.4920922618,4656,61611,2354,173228.5,61938.5,111290,1.626713831,2.796782292,1.665139782,2.113367029,0.8614285714,1825,1.410660981,1291,1.354636582,570,1.246938789
optimistic,0.4,0,2,1,148138,142463,27244,0.1839095978,888,141575,363,20883.5,864.5,20019,0.1351375069,24.156738,12.29261978,9.645956655,0.9673996843,311,5.05513032,126,4.269132966,36,4.627826143
optimistic,0.4,0,2,2,145274,140573,44559,0.306723846,3769,136804,1659,183335,97329,86006,0.5920261024,1.883662629,1.196740551,3.466588173,0.9153566295,1593,2.440115715,1067,2.398075977,542,2.586700101
optimistic,0.4,0,2,3,236,230,98,0.4152542373,11,219,3,223.5,1.5,222,0.9406779661,149,83.70718901,4.278173439,0.887755102,5,2.680652681,0,0,0,0
optimistic,0.4,0,2,4,34076,33106,10838,0.3180537622,793,32313,355,21391,3233.5,18157.5,0.5328530344,6.615432194,3.762605909,4.505639541,0.9268045043,287,2.471965473,164,2.318536432,47,1.870492164
optimistic,0.4,0,2,5,32396,31583,12639,0.3901407581,1521,30062,666,63284.5,26317.5,36967,1.141097666,2.404654697,1.605231188,2.731154605,0.8795629108,651,1.754643455,438,1.646435065,210,1.551804979
optimistic,0.4,0,2,6,68414,66267,27252,0.3983395212,4347,61920,1855,189395.5,62753.5,126642,1.851112345,3.018086641,1.796899296,2.575845897,0.8403247135,1967,1.628498926,1388,1.559945245,612,1.433986401
optimistic,0.4,25,2,1,148138,142463,27244,0.1839095978,775,141688,328,17501.5,737,16764.5,0.113168127,23.74694708,12.08408981,9.255604635,0.9715481479,264,4.91685224,107,4.153977859,26,3.829650538
optimistic,0.4,25,2,2,145274,140573,44559,0.306723846,3147,137426,1423,153145.5,81823.5,71322,0.4909481394,1.871656676,1.189112852,3.442915856,0.9293253683,1309,2.401395471,876,2.357936036,432,2.469220846
optimistic,0.4,25,2,3,236,230,98,0.4152542373,9,221,3,155.5,1.5,154,0.6525423729,103.6666667,58.23922994,3.627240143,0.9081632653,3,1.965811966,0,0,0,0
optimistic,0.4,25,2,4,34076,33106,10838,0.3180537622,675,32431,315,16779,2844.5,13934.5,0.4089241695,5.898751978,3.354985494,4.06219901,0.9376961418,232,2.347566498,125,2.076105906,36,1.683177629
optimistic,0.4,25,2,5,32396,31583,12639,0.3901407581,1202,30381,538,46180,20023.5,26156.5,0.8073990616,2.306290109,1.539567746,2.44532425,0.9048222345,485,1.654148049,314,1.493567624,147,1.374548055
optimistic,0.4,25,2,6,68414,66267,27252,0.3983395212,3694,62573,1630,157674.5,54298,103376.5,1.511043061,2.903873071,1.728899166,2.474324698,0.8643109021,1622,1.580253335,1152,1.523579487,511,1.408987889
optimistic,0.4,50,2,1,148138,142463,27244,0.1839095978,694,141769,317,14517.5,731.5,13786,0.09306187474,19.84620643,10.09912306,8.499525789,0.9745218253,219,4.554802782,88,3.815094535,23,3.783170075
optimistic,0.4,50,2,2,145274,140573,44559,0.306723846,2644,137929,1223,132241.5,72187,60054.5,0.4133878051,1.831929572,1.163873175,3.450513599,0.9406216313,1081,2.360396852,721,2.309928145,369,2.510370636
optimistic,0.4,50,2,3,236,230,98,0.4152542373,8,222,3,118,1.5,116.5,0.4936440678,78.66666667,44.19439957,3.086981567,0.9183673469,2,1.474358974,0,0,0,0
optimistic,0.4,50,2,4,34076,33106,10838,0.3180537622,585,32521,288,13477.5,2386,11091.5,0.3254930156,5.648575021,3.212694368,3.730851787,0.9460033229,190,2.218356936,100,1.916405452,29,1.564492027
optimistic,0.4,50,2,5,32396,31583,12639,0.3901407581,970,30613,446,35189,16753.5,18435.5,0.5690671688,2.100396932,1.402123418,2.135720806,0.9231926518,387,1.635597119,252,1.48534903,104,1.205059985
optimistic,0.4,50,2,6,68414,66267,27252,0.3983395212,3158,63109,1419,132440.5,45969.5,86471,1.263937206,2.881051567,1.715311768,2.420973929,0.8839994123,1365,1.555583337,957,1.480503168,419,1.351403839
optimistic,0.4,100,2,1,148138,142463,27244,0.1839095978,567,141896,281,10944,713.5,10230.5,0.06906060565,15.33847232,7.805276039,7.720220296,0.9791842579,169,4.302180016,67,3.555280297,16,3.221249943
optimistic,0.4,100,2,2,145274,140573,44559,0.306723846,1936,138637,945,100233.5,62684.5,37549,0.2584702011,1.599015706,1.015896853,2.946406481,0.9565217391,767,2.287235034,515,2.253338996,263,2.443561796
optimistic,0.4,100,2,3,236,230,98,0.4152542373,4,226,1,102.5,0.5,102,0.4322033898,205,115.167609,5.405529954,0.9591836735,2,2.948717949,0,0,0,0
optimistic,0.4,100,2,4,34076,33106,10838,0.3180537622,463,32643,234,10209.5,1710,8499.5,0.2494277497,5.970467836,3.395774743,3.612317925,0.9572641684,142,2.094792664,75,1.816032164,23,1.567754542
optimistic,0.4,100,2,5,32396,31583,12639,0.3901407581,653,30930,296,22814,10314,12500,0.385850105,2.211944929,1.476587466,2.151087733,0.9482936099,257,1.61345571,164,1.435920439,60,1.032726044
optimistic,0.4,100,2,6,68414,66267,27252,0.3983395212,2372,63895,1118,96134,34783,61351,0.8967608969,2.763821407,1.64551563,2.286855472,0.9128709962,990,1.502080702,697,1.435580737,306,1.313983745
optimistic,0.5,0,2,1,148138,142463,24703,0.1667566728,386,142077,137,11141.5,456.5,10685,0.07212869082,24.40635268,12.41964101,11.8441286,0.9843743675,144,5.384682741,72,5.612124462,28,8.280531752
optimistic,0.5,0,2,2,145274,140573,38744,0.2666960365,1849,138724,727,103842.5,68324,35518.5,0.2444931646,1.519853931,0.9656032895,2.918215394,0.9522518335,845,2.638399654,578,2.647985385,306,2.976853391
optimistic,0.5,0,2,3,236,230,89,0.3771186441,4,226,0,81.5,0,81.5,0.3453389831,,,4.319124424,0.9550561798,2,2.948717949,0,0,0,0
optimistic,0.5,0,2,4,34076,33106,9269,0.2720096255,309,32797,115,9059,1168.5,7890.5,0.2315559338,7.752674369,4.409425951,5.024809757,0.9666522771,116,2.564089621,69,2.503420908,23,2.349094993
optimistic,0.5,0,2,5,32396,31583,10595,0.327046549,738,30845,294,33227,13153,20074,0.6196444005,2.526191743,1.686363443,3.056601697,0.9303050335,335,1.860910779,230,1.781850177,113,1.720953524
optimistic,0.5,0,2,6,68414,66267,22619,0.3306194639,2059,64208,768,97590,30510.5,67079.5,0.9804937586,3.198570984,1.904355518,2.880482407,0.9089139571,1000,1.747899307,709,1.682284399,310,1.533517012
optimistic,0.5,25,2,1,148138,142463,24703,0.1667566728,342,142121,122,9409,387,9022,0.06090267183,24.3126615,12.37196445,11.28736604,0.9861555277,126,5.317767824,60,5.278460142,20,6.675616659
optimistic,0.5,25,2,2,145274,140573,38744,0.2666960365,1511,139062,616,85989,57717,28272,0.1946115616,1.489838349,0.9465335986,2.842442621,0.9609802706,668,2.552306237,462,2.590014335,237,2.821349007
optimistic,0.5,25,2,3,236,230,89,0.3771186441,3,227,0,53,0,53,0.2245762712,,,3.74500768,0.9662921348,1,1.965811966,0,0,0,0
optimistic,0.5,25,2,4,34076,33106,9269,0.2720096255,255,32851,96,7111.5,897,6214.5,0.1823717572,7.928093645,4.509197755,4.795562891,0.9724800345,94,2.517800782,53,2.33012357,17,2.103972037
optimistic,0.5,25,2,5,32396,31583,10595,0.327046549,562,31021,230,22926,9679,13247,0.4089085072,2.368633123,1.581184927,2.64875941,0.9469260553,242,1.765290389,158,1.607387112,73,1.459935285
optimistic,0.5,25,2,6,68414,66267,22619,0.3306194639,1701,64566,668,78450,24913.5,53536.5,0.7825372,3.148895177,1.874779687,2.782770679,0.9247511612,798,1.688384414,571,1.639990467,249,1.491002201
optimistic,0.5,50,2,1,148138,142463,24703,0.1667566728,293,142170,117,7178,384.5,6793.5,0.04585926636,18.66840052,9.499773917,9.920689373,0.9881390924,93,4.581421621,44,4.51821776,17,6.623214208
optimistic,0.5,50,2,2,145274,140573,38744,0.2666960365,1276,139297,536,75070.5,52762,22308.5,0.1535615458,1.422813767,0.903951114,2.65594657,0.9670488586,553,2.502045716,380,2.522653366,207,2.918049146
optimistic,0.5,50,2,3,236,230,89,0.3771186441,2,228,0,15.5,0,15.5,0.0656779661,,,1.642857143,0.9775280899,0,0,0,0,0,0
optimistic,0.5,50,2,4,34076,33106,9269,0.2720096255,213,32893,87,5677,829.5,4847.5,0.1422555464,6.843881857,3.892539378,4.478285665,0.9770127347,73,2.340868123,44,2.315881518,15,2.222505673
optimistic,0.5,50,2,5,32396,31583,10595,0.327046549,448,31135,190,16764,8048,8716,0.2690455612,2.083001988,1.390511394,2.186253408,0.9576919445,191,1.747802915,124,1.582498772,47,1.17914416
optimistic,0.5,50,2,6,68414,66267,22619,0.3306194639,1432,64835,576,64478,20534.5,43943.5,0.6423173619,3.139983929,1.869474135,2.71320984,0.9366511834,665,1.671288343,465,1.586424703,199,1.415446013
optimistic,0.5,100,2,1,148138,142463,24703,0.1667566728,238,142225,103,5363.5,377.5,4986,0.03365780556,14.20794702,7.229986541,8.96378042,0.9903655426,70,4.245276834,33,4.171757784,11,5.275981066
optimistic,0.5,100,2,2,145274,140573,38744,0.2666960365,939,139634,415,60135,46781,13354,0.09192284924,1.285457771,0.8166852268,2.160455962,0.975751472,401,2.465469101,281,2.534926574,155,2.969197163
optimistic,0.5,100,2,3,236,230,89,0.3771186441,0,230,0,0,0,0,0,,,,1,0,,0,,0,
optimistic,0.5,100,2,4,34076,33106,9269,0.2720096255,176,32930,75,4498.5,712.5,3786,0.1111045897,6.313684211,3.590983147,4.232934232,0.9810058278,59,2.289670743,37,2.356852046,12,2.151789583
optimistic,0.5,100,2,5,32396,31583,10595,0.327046549,288,31295,127,10050.5,5715.5,4335,0.1338128164,1.758463826,1.173865412,1.691445099,0.9728019643,115,1.636976553,73,1.449205864,25,0.9756511961
optimistic,0.5,100,2,6,68414,66267,22619,0.3306194639,1036,65231,460,44858,16171.5,28686.5,0.4193074517,2.773892341,1.651511633,2.448215061,0.9541694315,453,1.573661078,318,1.499605047,140,1.376421765
optimistic,0.6,0,2,1,148138,142463,23231,0.1568199922,148,142315,45,4949.5,48.5,4901,0.03308401626,102.0515464,51.93088811,14.16898953,0.9936292024,62,6.046651058,40,8.13168184,13,10.02695664
optimistic,0.6,0,2,2,145274,140573,34580,0.2380329584,753,139820,264,52867.5,41599.5,11268,0.07756377604,1.27086864,0.807416367,2.273272513,0.9782187382,390,2.99013237,274,3.082337878,151,3.607072754
optimistic,0.6,0,2,3,236,230,73,0.3093220339,1,229,0,15.5,0,15.5,0.0656779661,,,3.285714286,0.9863013699,0,0,0,0,0,0
optimistic,0.6,0,2,4,34076,33106,8232,0.24157765,101,33005,33,3735,209.5,3525.5,0.1034599131,17.82816229,10.1399798,6.868674312,0.987729316,48,3.246037663,28,3.107992208,8,2.499768757
optimistic,0.6,0,2,5,32396,31583,8926,0.2755278429,267,31316,91,13167,4791.5,8375.5,0.2585350043,2.747991234,1.834426057,3.52501341,0.9700840336,134,2.057456412,90,1.927218511,43,1.810107028
optimistic,0.6,0,2,6,68414,66267,19010,0.2778671032,769,65498,247,39297,11858,27439,0.4010728798,3.313965256,1.973058611,3.154813545,0.959536964,394,1.843922394,271,1.72168018,121,1.602663261
optimistic,0.6,25,2,1,148138,142463,23231,0.1568199922,132,142331,43,4336.5,21.5,4315,0.02912824528,201.6976744,102.6377329,13.98694158,0.9943179372,54,5.904794142,36,8.205606221,12,10.37754953
optimistic,0.6,25,2,2,145274,140573,34580,0.2380329584,605,139968,223,44704.5,34328.5,10376,0.07142365461,1.302256143,0.8273576753,2.60539891,0.9824997831,306,2.920026787,217,3.038288542,118,3.508322943
optimistic,0.6,25,2,3,236,230,73,0.3093220339,1,229,0,15.5,0,15.5,0.0656779661,,,3.285714286,0.9863013699,0,0,0,0,0,0
optimistic,0.6,25,2,4,34076,33106,8232,0.24157765,81,33025,27,2814,165.5,2648.5,0.07772332433,17.00302115,9.670670936,6.434110828,0.9901591544,39,3.288616861,21,2.906548269,6,2.337746708
optimistic,0.6,25,2,5,32396,31583,8926,0.2755278429,196,31387,69,8202.5,3425.5,4777,0.1474564761,2.394540943,1.598479735,2.738800899,0.9780392157,90,1.88245041,58,1.691888088,26,1.490954318
optimistic,0.6,25,2,6,68414,66267,19010,0.2778671032,629,65638,224,29693.5,9546.5,20147,0.2944865086,3.110406955,1.851864686,2.831988581,0.9669034465,297,1.699333272,208,1.615556751,92,1.489774145
optimistic,0.6,50,2,1,148138,142463,23231,0.1568199922,111,142352,42,3032.5,21,3011.5,0.02032901754,144.4047619,73.48313473,11.60849132,0.9952219018,40,5.201420265,22,5.96323335,9,9.255652287
optimistic,0.6,50,2,2,145274,140573,34580,0.2380329584,509,140064,197,39809.5,31536,8273.5,0.05695100293,1.262350964,0.8020048626,2.469284484,0.985276677,255,2.892298962,183,3.045495513,107,3.781280772
optimistic,0.6,50,2,3,236,230,73,0.3093220339,1,229,0,15.5,0,15.5,0.0656779661,,,3.285714286,0.9863013699,0,0,0,0,0,0
optimistic,0.6,50,2,4,34076,33106,8232,0.24157765,63,33043,24,1954.5,164,1790.5,0.05254431271,11.91768293,6.778324211,5.59251754,0.992346009,29,3.144062274,15,2.669279022,4,2.003782892
optimistic,0.6,50,2,5,32396,31583,8926,0.2755278429,148,31435,55,6196.5,2924.5,3272,0.1010001235,2.118823731,1.414424257,2.484350523,0.9834173669,70,1.938980452,45,1.738403184,18,1.366966433
optimistic,0.6,50,2,6,68414,66267,19010,0.2778671032,522,65745,193,24295.5,7872,16423.5,0.2400605139,3.086318598,1.837523032,2.781806828,0.9725335438,242,1.668466994,165,1.544269059,75,1.463436934
optimistic,0.6,100,2,1,148138,142463,23231,0.1568199922,82,142381,33,1881.5,16.5,1865,0.01258961239,114.030303,58.02650834,9.731524402,0.9964702337,26,4.576615514,14,5.136842919,4,5.568441213
optimistic,0.6,100,2,2,145274,140573,34580,0.2380329584,381,140192,150,33116,28684,4432,0.03050786789,1.154511226,0.7334914326,1.767154068,0.9889792022,188,2.848745533,139,3.090398477,79,3.729709842
optimistic,0.6,100,2,3,236,230,73,0.3093220339,0,230,0,0,0,0,0,,,,1,0,,0,,0,
optimistic,0.6,100,2,4,34076,33106,8232,0.24157765,50,33056,21,1425.5,162.5,1263,0.03706420941,8.772307692,4.989354556,4.970578365,0.993925404,22,3.00528987,12,2.690633254,3,1.893574833
optimistic,0.6,100,2,5,32396,31583,8926,0.2755278429,94,31489,33,3592.5,1620.5,1972,0.06087171256,2.216908362,1.479900814,2.357438375,0.9894677871,44,1.918942357,28,1.703059762,8,0.9565533429
optimistic,0.6,100,2,6,68414,66267,19010,0.2778671032,377,65890,163,16812,6861,9951,0.1454526851,2.450371666,1.458894871,2.333765057,0.980163115,161,1.536941306,114,1.477314736,52,1.404899456
optimistic,0.7,0,2,1,148138,142463,22136,0.1494282358,75,142388,15,2913,7.5,2905.5,0.01961346852,388.4,197.6447948,16.57583857,0.996611854,37,7.120744343,23,9.226748328,7,10.65428419
optimistic,0.7,0,2,2,145274,140573,31743,0.2185043435,240,140333,84,23326,27243.5,-3917.5,-0.0269662844,0.8562042322,0.5439691316,-2.479690065,0.9924385633,126,3.030959177,104,3.670681932,66,4.946586692
optimistic,0.7,0,2,3,236,230,56,0.2372881356,0,230,0,0,0,0,0,,,,1,0,,0,,0,
optimistic,0.7,0,2,4,34076,33106,7769,0.2279903745,26,33080,6,987,31,956,0.02805493603,31.83870968,18.10864561,7.235326325,0.9966533659,14,3.677802288,8,3.449529813,2,2.427660043
optimistic,0.7,0,2,5,32396,31583,7794,0.2405852574,74,31509,21,4306.5,1328.5,2978,0.091924929,3.241625894,2.163952684,4.522246856,0.9905055171,38,2.105178777,26,2.008821457,16,2.430162547
optimistic,0.7,0,2,6,68414,66267,16661,0.2435320256,205,66062,68,10964.5,4513.5,6451,0.09429356564,2.429267752,1.446330087,2.782306291,0.9876943394,109,1.913574582,78,1.858875359,31,1.540249526
optimistic,0.7,25,2,1,148138,142463,22136,0.1494282358,66,142397,14,2679,7,2672,0.01803723555,382.7142857,194.7515099,17.32241387,0.9970184315,32,6.998274539,22,10.02907427,7,12.10714112
optimistic,0.7,25,2,2,145274,140573,31743,0.2185043435,191,140382,70,20219.5,22174,-1954.5,-0.01345388714,0.911856228,0.5793263124,-1.55454016,0.9939823566,97,2.931967491,81,3.592330687,53,4.991320223
optimistic,0.7,25,2,3,236,230,56,0.2372881356,0,230,0,0,0,0,0,,,,1,0,,0,,0,
optimistic,0.7,25,2,4,34076,33106,7769,0.2279903745,21,33085,5,867,30.5,836.5,0.02454806902,28.42622951,16.16775684,7.838270185,0.9972969494,12,3.902973857,7,3.736990631,2,3.005674338
optimistic,0.7,25,2,5,32396,31583,7794,0.2405852574,51,31532,16,2317.5,1000,1317.5,0.04066860106,2.3175,1.547050927,2.902964598,0.993456505,21,1.68805357,13,1.457380273,9,1.98344149
optimistic,0.7,25,2,6,68414,66267,16661,0.2435320256,166,66101,61,8303.5,3406,4897.5,0.07158622504,2.437903699,1.451471731,2.608543681,0.9900354163,81,1.756101798,60,1.765845452,23,1.411246894
optimistic,0.7,50,2,1,148138,142463,22136,0.1494282358,50,142413,14,1583,7,1576,0.01063872875,226.1428571,115.0771333,13.48658833,0.997741236,19,5.48489767,9,5.415700106,5,11.41530449
optimistic,0.7,50,2,2,145274,140573,31743,0.2185043435,169,140404,68,18429.5,21547,-3117.5,-0.02145944904,0.8553162853,0.5434049955,-2.802330775,0.9946754883,84,2.86954715,72,3.608863438,49,5.215336158
optimistic,0.7,50,2,3,236,230,56,0.2372881356,0,230,0,0,0,0,0,,,,1,0,,0,,0,
optimistic,0.7,50,2,4,34076,33106,7769,0.2279903745,14,33092,5,503.5,30.5,473,0.01388073718,16.50819672,9.389233645,6.648239924,0.9981979663,7,3.415102125,5,4.003918533,1,2.254255754
optimistic,0.7,50,2,5,32396,31583,7794,0.2405852574,33,31550,10,1605.5,721,884.5,0.02730275343,2.226768377,1.486482883,3.011932184,0.9957659738,15,1.863435759,10,1.732549975,6,2.043545778
optimistic,0.7,50,2,6,68414,66267,16661,0.2435320256,138,66129,54,6727,2413.5,4313.5,0.06304996053,2.78723845,1.659457598,2.763646383,0.9917161894,66,1.721224844,48,1.699306348,18,1.328546225
optimistic,0.7,100,2,1,148138,142463,22136,0.1494282358,36,142427,12,1129,6,1123,0.007580769283,188.1666667,95.75221991,13.34729157,0.9983736899,12,4.811313745,7,5.850293324,4,12.68367165
optimistic,0.7,100,2,2,145274,140573,31743,0.2185043435,126,140447,52,15471,19053.5,-3582.5,-0.02466029709,0.8119768022,0.5158702788,-4.319319128,0.9960302457,58,2.657530344,52,3.495887555,37,5.282069484
optimistic,0.7,100,2,3,236,230,56,0.2372881356,0,230,0,0,0,0,0,,,,1,0,,0,,0,
optimistic,0.7,100,2,4,34076,33106,7769,0.2279903745,12,33094,5,462.5,30.5,432,0.01267754431,15.16393443,8.624668443,7.083959665,0.9984553997,6,3.415102125,5,4.671238289,1,2.629965046
optimistic,0.7,100,2,5,32396,31583,7794,0.2405852574,20,31563,6,794,493,301,0.009291270527,1.610547667,1.075123738,1.691210989,0.9974339235,7,1.434845535,5,1.429353729,2,1.123950178
optimistic,0.7,100,2,6,68414,66267,16661,0.2435320256,110,66157,51,5232.5,2229,3003.5,0.04390183296,2.347465231,1.397626749,2.414163659,0.9933969626,47,1.53772236,35,1.554479102,13,1.203743398
optimistic,0.8,0,2,1,148138,142463,20720,0.1398695811,29,142434,4,1567.5,2,1565.5,0.0105678489,783.75,398.8262304,23.0978186,0.9986003861,18,8.958998009,12,12.4498853,5,19.68155946
optimistic,0.8,0,2,2,145274,140573,29837,0.2053843083,74,140499,23,9559,13286.5,-3727.5,-0.025658411,0.7194520754,0.4570868795,-7.652186939,0.9975196916,40,3.120678689,34,3.891991238,24,5.833812315
optimistic,0.8,0,2,3,236,230,54,0.2288135593,0,230,0,0,0,0,0,,,,1,0,,0,,0,
optimistic,0.8,0,2,4,34076,33106,7507,0.2203016786,5,33101,0,245.5,0,245.5,0.007204484094,,,9.661733877,0.999333955,4,5.4641634,1,2.242194379,1,6.311916111
optimistic,0.8,0,2,5,32396,31583,7300,0.2253364613,16,31567,4,1587,394,1193,0.03682553402,4.027918782,2.688843791,8.378798627,0.9978082192,10,2.562224169,9,3.216045891,7,4.917282028
optimistic,0.8,0,2,6,68414,66267,15591,0.2278919519,57,66210,16,4141.5,890,3251.5,0.047526822,4.653370787,2.770509825,5.043600274,0.9963438101,33,2.083587968,25,2.14276568,11,1.965626871
optimistic,0.8,25,2,1,148138,142463,20720,0.1398695811,25,142438,4,1454.5,2,1452.5,0.009805046646,727.25,370.075121,24.85947912,0.9987934363,15,8.660364742,12,14.44186695,5,22.83060897
optimistic,0.8,25,2,2,145274,140573,29837,0.2053843083,59,140514,19,8215.5,8688,-472.5,-0.003252474634,0.9456146409,0.6007739225,-1.21660456,0.9980224568,30,2.935553682,24,3.445750966,17,5.182864331
optimistic,0.8,25,2,3,236,230,54,0.2288135593,0,230,0,0,0,0,0,,,,1,0,,0,,0,
optimistic,0.8,25,2,4,34076,33106,7507,0.2203016786,4,33102,0,216,0,216,0.006338772156,,,10.6259395,0.999467164,3,5.122653188,1,2.802742973,1,7.889895138
optimistic,0.8,25,2,5,32396,31583,7300,0.2253364613,9,31574,2,561.5,126,435.5,0.01344301766,4.456349206,2.974843224,5.437596054,0.9987671233,5,2.277532595,4,2.541073296,3,3.746500593
optimistic,0.8,25,2,6,68414,66267,15591,0.2278919519,45,66222,16,2802.5,890,1912.5,0.02795480457,3.148876404,1.87476851,3.757687733,0.9971135343,22,1.759474284,18,1.9542023,6,1.358069474
optimistic,0.8,50,2,1,148138,142463,20720,0.1398695811,19,142444,4,1090.5,2,1088.5,0.00734787833,545.25,277.4609278,24.51267599,0.9990830116,11,8.356492295,8,12.66830434,4,24.03221997
optimistic,0.8,50,2,2,145274,140573,29837,0.2053843083,50,140523,18,6972.5,8396.5,-1424,-0.00980216694,0.8304055261,0.5275785332,-4.326529045,0.998324116,24,2.771162676,20,3.388321784,14,5.036524632
optimistic,0.8,50,2,3,236,230,54,0.2288135593,0,230,0,0,0,0,0,,,,1,0,,0,,0,
optimistic,0.8,50,2,4,34076,33106,7507,0.2203016786,3,33103,0,67.5,0,67.5,0.001980866299,,,4.427474791,0.999600373,2,4.5534695,0,0,0,0
optimistic,0.8,50,2,5,32396,31583,7300,0.2253364613,8,31575,2,538,126,412,0.01271761946,4.26984127,2.850339545,5.787200393,0.9989041096,5,2.562224169,4,2.858707458,3,4.214813167
optimistic,0.8,50,2,6,68414,66267,15591,0.2278919519,39,66228,15,2248,800.5,1447.5,0.02115795013,2.808244847,1.671964323,3.281600599,0.9974983964,17,1.568762037,13,1.628501917,4,1.044668826
optimistic,0.8,100,2,1,148138,142463,20720,0.1398695811,17,142446,3,1013,1.5,1011.5,0.006828092724,675.3333333,343.6563287,25.45850271,0.9991795367,10,8.490553668,7,12.38885645,4,26.85953997
optimistic,0.8,100,2,2,145274,140573,29837,0.2053843083,42,140531,15,6208,7764,-1556,-0.01071079477,0.7995878413,0.5079992452,-5.628075838,0.9985922574,19,2.611710855,17,3.428658948,11,4.711034945
optimistic,0.8,100,2,3,236,230,54,0.2288135593,0,230,0,0,0,0,0,,,,1,0,,0,,0,
optimistic,0.8,100,2,4,34076,33106,7507,0.2203016786,1,33105,0,26.5,0,26.5,0.0007776734358,,,5.21458142,0.999866791,1,6.83020425,0,0,0,0
optimistic,0.8,100,2,5,32396,31583,7300,0.2253364613,5,31578,2,203.5,126,77.5,0.002392270651,1.615079365,1.07814888,1.741778759,0.9993150685,2,1.639823468,2,2.286965967,1,2.247900356
optimistic,0.8,100,2,6,68414,66267,15591,0.2278919519,27,66240,14,1605.5,757,848.5,0.01240243225,2.120871863,1.262718275,2.778560385,0.9982681206,9,1.199641558,7,1.266612602,1,0.3772415206
optimistic,0.9,0,2,1,148138,142463,16552,0.1117336538,6,142457,0,679,0,679,0.004583563974,,,48.42107379,0.999637506,6,14.43394124,6,30.08722281,4,76.10202991
optimistic,0.9,0,2,2,145274,140573,26416,0.1818357036,12,140561,6,4315,6910.5,-2595.5,-0.01786623897,0.6244121265,0.3967054932,-32.85787142,0.9995457299,6,2.886627788,6,4.23540223,5,7.494828322
optimistic,0.9,0,2,3,236,230,52,0.2203389831,0,230,0,0,0,0,0,,,,1,0,,0,,0,
optimistic,0.9,0,2,4,34076,33106,7216,0.2117619439,0,33106,0,0,0,0,0,,,,1,0,,0,,0,
optimistic,0.9,0,2,5,32396,31583,6830,0.2108284973,3,31580,1,418,104.5,313.5,0.009677120632,4,2.670206562,11.74296002,0.9995607613,2,2.733039114,2,3.811609944,2,7.493001186
optimistic,0.9,0,2,6,68414,66267,14590,0.2132604438,7,66260,1,537,146.5,390.5,0.005707896045,3.66552901,2.182371576,4.932359864,0.9995202193,4,2.056528384,4,2.791717572,4,5.820297747
optimistic,0.9,25,2,1,148138,142463,16552,0.1117336538,6,142457,0,679,0,679,0.004583563974,,,48.42107379,0.999637506,6,14.43394124,6,30.08722281,4,76.10202991
optimistic,0.9,25,2,2,145274,140573,26416,0.1818357036,11,140562,6,4245.5,6910.5,-2665,-0.01834464529,0.6143549671,0.3903159145,-36.80477498,0.9995835857,5,2.62420708,5,3.850365663,5,8.176176351
optimistic,0.9,25,2,3,236,230,52,0.2203389831,0,230,0,0,0,0,0,,,,1,0,,0,,0,
optimistic,0.9,25,2,4,34076,33106,7216,0.2117619439,0,33106,0,0,0,0,0,,,,1,0,,0,,0,
optimistic,0.9,25,2,5,32396,31583,6830,0.2108284973,1,31582,0,109.5,0,109.5,0.003380046919,,,12.30482414,0.9998535871,1,4.099558671,1,5.717414917,1,11.23950178
optimistic,0.9,25,2,6,68414,66267,14590,0.2132604438,3,66264,1,153,146.5,6.5,9.500979332e-05,1.044368601,0.6217930187,0.1915683942,0.9997943797,1,1.199641558,1,1.628501917,1,3.395173686
optimistic,0.9,50,2,1,148138,142463,16552,0.1117336538,4,142459,0,574,0,574,0.003874765421,,,61.39991831,0.9997583374,4,14.43394124,4,30.08722281,4,114.1530449
optimistic,0.9,50,2,2,145274,140573,26416,0.1818357036,10,140563,6,4043,6910.5,-2867.5,-0.01973856299,0.5850517329,0.371698797,-43.56152401,0.9996214416,4,2.30930223,4,3.388321784,4,7.195035189
optimistic,0.9,50,2,3,236,230,52,0.2203389831,0,230,0,0,0,0,0,,,,1,0,,0,,0,
optimistic,0.9,50,2,4,34076,33106,7216,0.2117619439,0,33106,0,0,0,0,0,,,,1,0,,0,,0,
optimistic,0.9,50,2,5,32396,31583,6830,0.2108284973,1,31582,0,109.5,0,109.5,0.003380046919,,,12.30482414,0.9998535871,1,4.099558671,1,5.717414917,1,11.23950178
optimistic,0.9,50,2,6,68414,66267,14590,0.2132604438,1,66266,0,3.5,0,3.5,5.115911948e-05,,,0.3094566368,0.9999314599,0,0,0,0,0,0
optimistic,0.9,100,2,1,148138,142463,16552,0.1117336538,4,142459,0,574,0,574,0.003874765421,,,61.39991831,0.9997583374,4,14.43394124,4,30.08722281,4,114.1530449
optimistic,0.9,100,2,2,145274,140573,26416,0.1818357036,9,140564,6,3929.5,6910.5,-2981,-0.02051984526,0.568627451,0.3612640175,-50.31750579,0.9996592974,3,1.924418525,3,2.823601486,3,5.995862657
optimistic,0.9,100,2,3,236,230,52,0.2203389831,0,230,0,0,0,0,0,,,,1,0,,0,,0,
optimistic,0.9,100,2,4,34076,33106,7216,0.2117619439,0,33106,0,0,0,0,0,,,,1,0,,0,,0,
optimistic,0.9,100,2,5,32396,31583,6830,0.2108284973,0,31583,0,0,0,0,0,,,,1,0,,0,,0,
optimistic,0.9,100,2,6,68414,66267,14590,0.2132604438,0,66267,0,0,0,0,0,,,,1,0,,0,,0,
