executed_trade_count,gross_executable_edge_bp_per_trade,additional_cost_bp_per_side,net_edge_bp_per_trade,hit_rate,net_trade_sharpe,cumulative_net_pnl_bp,best_day_pnl_fraction,best_5pct_trade_pnl_fraction,positive_days,days,model,side,horizon_ms,tail,fold,cost_bp_per_side,utc_date
8640,0.0072627918155274696,1.0,-1.9927372081844725,0.00011574074074074075,-1570.918759040962,-17217.249478713842,,,0,1,obi_only,long,250,0.1,0,1.0,2026-08-19
8639,0.008445009955622584,1.0,-1.9915549900443774,0.0,-4589.616444025357,-17205.043558993377,,,0,0,obi_only,long,250,0.1,1,1.0,2026-08-20
8640,0.010713602020472557,1.0,-1.9892863979795274,0.0,-3055.2793026806453,-17187.434478543117,,,0,0,obi_only,long,250,0.1,2,1.0,2026-08-21
8640,0.007007266520115518,1.0,-1.9929927334798845,0.0,-5287.477201512134,-17219.4572172662,,,0,0,obi_only,long,250,0.1,3,1.0,2026-08-22
8640,0.007262791815527692,2.0,-3.9927372081844723,0.00011574074074074075,-3147.562937298848,-34497.24947871384,,,0,1,obi_only,long,250,0.1,0,2.0,2026-08-19
8639,0.008445009955622584,2.0,-3.9915549900443774,0.0,-9198.694744115968,-34483.04355899338,,,0,0,obi_only,long,250,0.1,1,2.0,2026-08-20
8640,0.010713602020472557,2.0,-3.9892863979795274,0.0,-6127.013272996655,-34467.43447854312,,,0,0,obi_only,long,250,0.1,2,2.0,2026-08-21
8640,0.007007266520115518,2.0,-3.9929927334798845,0.0,-10593.544918357127,-34499.4572172662,,,0,0,obi_only,long,250,0.1,3,2.0,2026-08-22
8640,0.007262791815527692,3.0,-5.992737208184472,0.00011574074074074075,-4724.207115556735,-51777.24947871384,,,0,1,obi_only,long,250,0.1,0,3.0,2026-08-19
8639,0.00844500995562214,3.0,-5.991554990044378,0.0,-13807.77304420658,-51761.04355899338,,,0,0,obi_only,long,250,0.1,1,3.0,2026-08-20
8640,0.010713602020472557,3.0,-5.989286397979527,0.0,-9198.747243312666,-51747.43447854312,,,0,0,obi_only,long,250,0.1,2,3.0,2026-08-21
8640,0.007007266520115962,3.0,-5.992992733479884,0.0,-15899.612635202115,-51779.4572172662,,,0,0,obi_only,long,250,0.1,3,3.0,2026-08-22
8640,0.007262791815527692,5.0,-9.992737208184472,0.00011574074074074075,-7877.495472072509,-86337.24947871384,,,0,1,obi_only,long,250,0.1,0,5.0,2026-08-19
8639,0.00844500995562214,5.0,-9.991554990044378,0.0,-23025.929644387805,-86317.04355899338,,,0,0,obi_only,long,250,0.1,1,5.0,2026-08-20
8640,0.010713602020473445,5.0,-9.989286397979527,0.0,-15342.215183944687,-86307.43447854312,,,0,0,obi_only,long,250,0.1,2,5.0,2026-08-21
8640,0.007007266520115962,5.0,-9.992992733479884,0.0,-26511.748068892102,-86339.4572172662,,,0,0,obi_only,long,250,0.1,3,5.0,2026-08-22
4320,0.011111146821484175,1.0,-1.9888888531785158,0.0002314814814814815,-798.5777808835129,-8591.999845731189,,,0,1,obi_only,long,250,0.05,0,1.0,2026-08-19
4320,0.009752714928590978,1.0,-1.990247285071409,0.0,-3105.6635131257863,-8597.868271508487,,,0,0,obi_only,long,250,0.05,1,1.0,2026-08-20
4320,0.012526676143197246,1.0,-1.9874733238568028,0.0,-2033.929169520466,-8585.884759061388,,,0,0,obi_only,long,250,0.05,2,1.0,2026-08-21
4320,0.008947535677941376,1.0,-1.9910524643220586,0.0,-3391.481994982446,-8601.346645871294,,,0,0,obi_only,long,250,0.05,3,1.0,2026-08-22
4320,0.011111146821483953,2.0,-3.988888853178516,0.0002314814814814815,-1601.6169045703662,-17231.99984573119,,,0,1,obi_only,long,250,0.05,0,2.0,2026-08-19
4320,0.0097527149285912,2.0,-3.990247285071409,0.0,-6226.545562729343,-17237.868271508487,,,0,0,obi_only,long,250,0.05,1,2.0,2026-08-20
4320,0.012526676143197246,2.0,-3.9874733238568028,0.0,-4080.6778177725223,-17225.884759061388,,,0,0,obi_only,long,250,0.05,2,2.0,2026-08-21
4320,0.008947535677941154,2.0,-3.991052464322059,0.0,-6798.204877231785,-17241.346645871294,,,0,0,obi_only,long,250,0.05,3,2.0,2026-08-22
4320,0.011111146821484397,3.0,-5.988888853178516,0.0002314814814814815,-2404.6560282572195,-25871.99984573119,,,0,1,obi_only,long,250,0.05,0,3.0,2026-08-19
4320,0.009752714928590756,3.0,-5.990247285071409,0.0,-9347.4276123329,-25877.868271508487,,,0,0,obi_only,long,250,0.05,1,3.0,2026-08-20
4320,0.01252667614319769,3.0,-5.987473323856802,0.0,-6127.426466024577,-25865.884759061388,,,0,0,obi_only,long,250,0.05,2,3.0,2026-08-21
4320,0.008947535677941154,3.0,-5.991052464322059,0.0,-10204.927759481123,-25881.346645871294,,,0,0,obi_only,long,250,0.05,3,3.0,2026-08-22
4320,0.011111146821484397,5.0,-9.988888853178516,0.0002314814814814815,-4010.734275630926,-43151.99984573119,,,0,1,obi_only,long,250,0.05,0,5.0,2026-08-19
4320,0.009752714928591644,5.0,-9.990247285071408,0.0,-15589.191711540012,-43157.86827150849,,,0,0,obi_only,long,250,0.05,1,5.0,2026-08-20
4320,0.01252667614319769,5.0,-9.987473323856802,0.0,-10220.92376252869,-43145.88475906139,,,0,0,obi_only,long,250,0.05,2,5.0,2026-08-21
4320,0.008947535677942042,5.0,-9.991052464322058,0.0,-17018.3735239798,-43161.346645871294,,,0,0,obi_only,long,250,0.05,3,5.0,2026-08-22
1728,0.01071389860091454,1.0,-1.9892861013990855,0.0,-1614.4396550168565,-3437.4863832176197,,,0,1,obi_only,long,250,0.02,0,1.0,2026-08-19
1728,0.010445913778379667,1.0,-1.9895540862216203,0.0,-1899.5398391861204,-3437.94946099096,,,0,0,obi_only,long,250,0.02,1,1.0,2026-08-20
1728,0.013049244994127296,1.0,-1.9869507550058727,0.0,-1269.3940747517397,-3433.450904650148,,,0,0,obi_only,long,250,0.02,2,1.0,2026-08-21
1728,0.011409052890047455,1.0,-1.9885909471099525,0.0,-1916.2461205997301,-3436.285156605998,,,0,0,obi_only,long,250,0.02,3,1.0,2026-08-22
1728,0.01071389860091454,2.0,-3.9892861013990855,0.0,-3237.5743603580377,-6893.48638321762,,,0,1,obi_only,long,250,0.02,0,2.0,2026-08-19
1728,0.01044591377837989,2.0,-3.98955408622162,0.0,-3809.0529832027805,-6893.94946099096,,,0,0,obi_only,long,250,0.02,1,2.0,2026-08-20
1728,0.013049244994127296,2.0,-3.9869507550058727,0.0,-2547.1248605335827,-6889.450904650148,,,0,0,obi_only,long,250,0.02,2,2.0,2026-08-21
1728,0.011409052890047455,2.0,-3.9885909471099525,0.0,-3843.4862333887754,-6892.285156605998,,,0,0,obi_only,long,250,0.02,3,2.0,2026-08-22
1728,0.01071389860091454,3.0,-5.9892861013990855,0.0,-4860.7090656992195,-10349.48638321762,,,0,1,obi_only,long,250,0.02,0,3.0,2026-08-19
1728,0.01044591377837989,3.0,-5.98955408622162,0.0,-5718.566127219441,-10349.94946099096,,,0,0,obi_only,long,250,0.02,1,3.0,2026-08-20
1728,0.01304924499412774,3.0,-5.986950755005872,0.0,-3824.855646315425,-10345.450904650148,,,0,0,obi_only,long,250,0.02,2,3.0,2026-08-21
1728,0.011409052890047455,3.0,-5.9885909471099525,0.0,-5770.726346177822,-10348.285156605998,,,0,0,obi_only,long,250,0.02,3,3.0,2026-08-22
1728,0.010713898600913652,5.0,-9.989286101399086,0.0,-8106.978476381585,-17261.48638321762,,,0,1,obi_only,long,250,0.02,0,5.0,2026-08-19
1728,0.01044591377837989,5.0,-9.98955408622162,0.0,-9537.592415252764,-17261.94946099096,,,0,0,obi_only,long,250,0.02,1,5.0,2026-08-20
1728,0.013049244994126852,5.0,-9.986950755005873,0.0,-6380.317217879111,-17257.450904650148,,,0,0,obi_only,long,250,0.02,2,5.0,2026-08-21
1728,0.011409052890046567,5.0,-9.988590947109953,0.0,-9625.206571755913,-17260.285156605998,,,0,0,obi_only,long,250,0.02,3,5.0,2026-08-22
864,0.014397923225327736,1.0,-1.9856020767746723,0.0,-930.0903693135244,-1715.5601943333168,,,0,1,obi_only,long,250,0.01,0,1.0,2026-08-19
864,0.01145461629035971,1.0,-1.9885453837096403,0.0,-1306.8413061000047,-1718.1032115251292,,,0,0,obi_only,long,250,0.01,1,1.0,2026-08-20
864,0.013398969853841258,1.0,-1.9866010301461587,0.0,-856.2326661011138,-1716.4232900462812,,,0,0,obi_only,long,250,0.01,2,1.0,2026-08-21
864,0.013291567708721308,1.0,-1.9867084322912787,0.0,-1236.6778433802826,-1716.5160854996648,,,0,0,obi_only,long,250,0.01,3,1.0,2026-08-22
864,0.014397923225327958,2.0,-3.985602076774672,0.0,-1866.924974990734,-3443.5601943333168,,,0,1,obi_only,long,250,0.01,0,2.0,2026-08-19
864,0.01145461629035971,2.0,-3.9885453837096403,0.0,-2621.2104090692173,-3446.103211525129,,,0,0,obi_only,long,250,0.01,1,2.0,2026-08-20
864,0.013398969853841258,2.0,-3.9866010301461587,0.0,-1718.240339617843,-3444.423290046281,,,0,0,obi_only,long,250,0.01,2,2.0,2026-08-21
864,0.01329156770872153,2.0,-3.9867084322912785,0.0,-2481.6293654856354,-3444.5160854996648,,,0,0,obi_only,long,250,0.01,3,2.0,2026-08-22
864,0.014397923225327958,3.0,-5.985602076774672,0.0,-2803.7595806679437,-5171.560194333317,,,0,1,obi_only,long,250,0.01,0,3.0,2026-08-19
864,0.01145461629035971,3.0,-5.98854538370964,0.0,-3935.57951203843,-5174.103211525129,,,0,0,obi_only,long,250,0.01,1,3.0,2026-08-20
864,0.013398969853841258,3.0,-5.986601030146159,0.0,-2580.248013134572,-5172.423290046281,,,0,0,obi_only,long,250,0.01,2,3.0,2026-08-21
864,0.01329156770872153,3.0,-5.9867084322912785,0.0,-3726.5808875909875,-5172.516085499665,,,0,0,obi_only,long,250,0.01,3,3.0,2026-08-22
864,0.014397923225327958,5.0,-9.985602076774672,0.0,-4677.428792022363,-8627.560194333317,,,0,1,obi_only,long,250,0.01,0,5.0,2026-08-19
864,0.01145461629035971,5.0,-9.98854538370964,0.0,-6564.317717976855,-8630.10321152513,,,0,0,obi_only,long,250,0.01,1,5.0,2026-08-20
864,0.01339896985384037,5.0,-9.98660103014616,0.0,-4304.26336016803,-8628.423290046281,,,0,0,obi_only,long,250,0.01,2,5.0,2026-08-21
864,0.01329156770872153,5.0,-9.986708432291278,0.0,-6216.483931801693,-8628.516085499665,,,0,0,obi_only,long,250,0.01,3,5.0,2026-08-22
5823,0.021710916478705933,1.0,-1.978289083521294,0.0003434655675768504,-1103.5618168189696,-11519.577333344496,,,0,1,obi_only,long,1000,0.1,0,1.0,2026-08-19
6426,0.026735955135580358,1.0,-1.9732640448644196,0.0001556178026766262,-1513.3032753838668,-12680.194752298761,,,0,0,obi_only,long,1000,0.1,1,1.0,2026-08-20
6824,0.029747267244706554,1.0,-1.9702527327552934,0.00029308323563892143,-1168.2012319493385,-13445.004648322123,,,0,0,obi_only,long,1000,0.1,2,1.0,2026-08-21
6133,0.02334926191502662,1.0,-1.9766507380849734,0.0,-1990.572948982218,-12122.798976675142,,,0,0,obi_only,long,1000,0.1,3,1.0,2026-08-22
5823,0.021710916478705933,2.0,-3.978289083521294,0.0001717327837884252,-2219.2347748425395,-23165.577333344496,,,0,1,obi_only,long,1000,0.1,0,2.0,2026-08-19
6426,0.026735955135580358,2.0,-3.9732640448644196,0.0,-3047.110450680413,-25532.19475229876,,,0,0,obi_only,long,1000,0.1,1,2.0,2026-08-20
6824,0.029747267244706332,2.0,-3.9702527327552937,0.0,-2354.0401982180683,-27093.004648322123,,,0,0,obi_only,long,1000,0.1,2,2.0,2026-08-21
6133,0.02334926191502662,2.0,-3.9766507380849734,0.0,-4004.659616524439,-24388.79897667514,,,0,0,obi_only,long,1000,0.1,3,2.0,2026-08-22
5823,0.021710916478705933,3.0,-5.978289083521294,0.0001717327837884252,-3334.9077328661097,-34811.577333344496,,,0,1,obi_only,long,1000,0.1,0,3.0,2026-08-19
6426,0.026735955135579914,3.0,-5.97326404486442,0.0,-4580.91762597696,-38384.19475229876,,,0,0,obi_only,long,1000,0.1,1,3.0,2026-08-20
6824,0.029747267244706777,3.0,-5.970252732755293,0.0,-3539.879164486798,-40741.00464832212,,,0,0,obi_only,long,1000,0.1,2,3.0,2026-08-21
6133,0.023349261915027064,3.0,-5.976650738084973,0.0,-6018.746284066659,-36654.79897667514,,,0,0,obi_only,long,1000,0.1,3,3.0,2026-08-22
5823,0.021710916478705045,5.0,-9.978289083521295,0.0,-5566.25364891325,-58103.577333344496,,,0,1,obi_only,long,1000,0.1,0,5.0,2026-08-19
6426,0.026735955135579914,5.0,-9.97326404486442,0.0,-7648.531976570052,-64088.19475229876,,,0,0,obi_only,long,1000,0.1,1,5.0,2026-08-20
6824,0.029747267244706777,5.0,-9.970252732755293,0.0,-5911.557097024257,-68037.00464832212,,,0,0,obi_only,long,1000,0.1,2,5.0,2026-08-21
6133,0.023349261915026176,5.0,-9.976650738084974,0.0,-10046.919619151104,-61186.79897667514,,,0,0,obi_only,long,1000,0.1,3,5.0,2026-08-22
3212,0.027961562707533583,1.0,-1.9720384372924664,0.0006226650062266501,-671.6805036032131,-6334.187460583402,,,0,1,obi_only,long,1000,0.05,0,1.0,2026-08-19
3483,0.029560252710785884,1.0,-1.9704397472892141,0.0002871088142405972,-1050.3106943554305,-6863.041639808333,,,0,0,obi_only,long,1000,0.05,1,1.0,2026-08-20
3710,0.030689030518501692,1.0,-1.9693109694814983,0.00026954177897574127,-820.5702673714247,-7306.143696776358,,,0,0,obi_only,long,1000,0.05,2,1.0,2026-08-21
3337,0.0288375770114766,1.0,-1.9711624229885234,0.0,-1397.647732936532,-6577.769005512702,,,0,0,obi_only,long,1000,0.05,3,1.0,2026-08-22
3212,0.027961562707533805,2.0,-3.972038437292466,0.00031133250311332503,-1352.8847751846583,-12758.187460583402,,,0,1,obi_only,long,1000,0.05,0,2.0,2026-08-19
3483,0.029560252710786106,2.0,-3.970439747289214,0.0,-2116.377998164512,-13829.041639808333,,,0,0,obi_only,long,1000,0.05,1,2.0,2026-08-20
3710,0.030689030518501692,2.0,-3.9693109694814983,0.0,-1653.9280052684248,-14726.143696776358,,,0,0,obi_only,long,1000,0.05,2,2.0,2026-08-21
3337,0.0288375770114766,2.0,-3.9711624229885234,0.0,-2815.742676951878,-13251.769005512702,,,0,0,obi_only,long,1000,0.05,3,2.0,2026-08-22
3212,0.02796156270753336,3.0,-5.972038437292467,0.00031133250311332503,-2034.0890467661038,-19182.187460583402,,,0,1,obi_only,long,1000,0.05,0,3.0,2026-08-19
3483,0.02956025271078566,3.0,-5.970439747289214,0.0,-3182.4453019735947,-20795.041639808333,,,0,0,obi_only,long,1000,0.05,1,3.0,2026-08-20
3710,0.030689030518502136,3.0,-5.969310969481498,0.0,-2487.285743165424,-22146.14369677636,,,0,0,obi_only,long,1000,0.05,2,3.0,2026-08-21
3337,0.028837577011477045,3.0,-5.971162422988523,0.0,-4233.837620967225,-19925.769005512702,,,0,0,obi_only,long,1000,0.05,3,3.0,2026-08-22
3212,0.02796156270753336,5.0,-9.972038437292467,0.0,-3396.497589928994,-32030.187460583402,,,0,1,obi_only,long,1000,0.05,0,5.0,2026-08-19
3483,0.02956025271078566,5.0,-9.970439747289214,0.0,-5314.579909591758,-34727.04163980833,,,0,0,obi_only,long,1000,0.05,1,5.0,2026-08-20
3710,0.030689030518502136,5.0,-9.969310969481498,0.0,-4154.001218959424,-36986.14369677636,,,0,0,obi_only,long,1000,0.05,2,5.0,2026-08-21
3337,0.028837577011476156,5.0,-9.971162422988524,0.0,-7070.027508997917,-33273.7690055127,,,0,0,obi_only,long,1000,0.05,3,5.0,2026-08-22
1412,0.032294961170553194,1.0,-1.9677050388294468,0.000708215297450425,-519.6011387855706,-2778.399514827179,,,0,1,obi_only,long,1000,0.02,0,1.0,2026-08-19
1537,0.029791348448681143,1.0,-1.9702086515513189,0.0006506180871828237,-638.7933666856353,-3028.210697434377,,,0,0,obi_only,long,1000,0.02,1,1.0,2026-08-20
1590,0.03137893310818329,1.0,-1.9686210668918167,0.0006289308176100629,-507.3580806921759,-3130.1074963579886,,,0,0,obi_only,long,1000,0.02,2,1.0,2026-08-21
1493,0.03146476945186394,1.0,-1.968535230548136,0.0,-859.7627416886314,-2939.023099208367,,,0,0,obi_only,long,1000,0.02,3,1.0,2026-08-22
1412,0.032294961170553194,2.0,-3.967705038829447,0.0,-1047.7302318478846,-5602.399514827179,,,0,1,obi_only,long,1000,0.02,0,2.0,2026-08-19
1537,0.029791348448681365,2.0,-3.9702086515513186,0.0,-1287.2458706198324,-6102.210697434377,,,0,0,obi_only,long,1000,0.02,1,2.0,2026-08-20
1590,0.03137893310818329,2.0,-3.9686210668918167,0.0,-1022.8032206684792,-6310.107496357989,,,0,0,obi_only,long,1000,0.02,2,2.0,2026-08-21
1493,0.03146476945186416,2.0,-3.968535230548136,0.0,-1733.2678010308832,-5925.023099208367,,,0,0,obi_only,long,1000,0.02,3,2.0,2026-08-22
1412,0.032294961170553194,3.0,-5.967705038829447,0.0,-1575.8593249101987,-8426.399514827179,,,0,1,obi_only,long,1000,0.02,0,3.0,2026-08-19
1537,0.02979134844868092,3.0,-5.970208651551319,0.0,-1935.6983745540292,-9176.210697434377,,,0,0,obi_only,long,1000,0.02,1,3.0,2026-08-20
1590,0.03137893310818285,3.0,-5.968621066891817,0.0,-1538.2483606447825,-9490.107496357989,,,0,0,obi_only,long,1000,0.02,2,3.0,2026-08-21
1493,0.03146476945186372,3.0,-5.968535230548136,0.0,-2606.772860373135,-8911.023099208367,,,0,0,obi_only,long,1000,0.02,3,3.0,2026-08-22
1412,0.032294961170553194,5.0,-9.967705038829447,0.0,-2632.1175110348267,-14074.399514827179,,,0,1,obi_only,long,1000,0.02,0,5.0,2026-08-19
1537,0.02979134844868092,5.0,-9.970208651551319,0.0,-3232.6033824224237,-15324.210697434377,,,0,0,obi_only,long,1000,0.02,1,5.0,2026-08-20
1590,0.03137893310818285,5.0,-9.968621066891817,0.0,-2569.138640597389,-15850.107496357989,,,0,0,obi_only,long,1000,0.02,2,5.0,2026-08-21
1493,0.03146476945186372,5.0,-9.968535230548136,0.0,-4353.782979057638,-14883.023099208367,,,0,0,obi_only,long,1000,0.02,3,5.0,2026-08-22
765,0.03610205052167892,1.0,-1.963897949478321,0.00130718954248366,-317.9768160739287,-1502.3819313509157,,,0,1,obi_only,long,1000,0.01,0,1.0,2026-08-19
802,0.02926238557423111,1.0,-1.970737614425769,0.0012468827930174563,-416.17245419936,-1580.5315667694667,,,0,0,obi_only,long,1000,0.01,1,1.0,2026-08-20
831,0.032123303814302506,1.0,-1.9678766961856975,0.0012033694344163659,-326.20597322514976,-1635.3055345303146,,,0,0,obi_only,long,1000,0.01,2,1.0,2026-08-21
795,0.030900611577163062,1.0,-1.969099388422837,0.0,-625.38248075256,-1565.4340137961553,,,0,0,obi_only,long,1000,0.01,3,1.0,2026-08-22
765,0.03610205052167892,2.0,-3.963897949478321,0.0,-641.7989537347927,-3032.3819313509157,,,0,1,obi_only,long,1000,0.01,0,2.0,2026-08-19
802,0.029262385574230887,2.0,-3.970737614425769,0.0,-838.5244214556644,-3184.5315667694667,,,0,0,obi_only,long,1000,0.01,1,2.0,2026-08-20
831,0.032123303814302506,2.0,-3.9678766961856975,0.0,-657.7368804790741,-3297.3055345303146,,,0,0,obi_only,long,1000,0.01,2,2.0,2026-08-21
795,0.030900611577163062,2.0,-3.969099388422837,0.0,-1260.5789410525797,-3155.4340137961553,,,0,0,obi_only,long,1000,0.01,3,2.0,2026-08-22
765,0.03610205052167892,3.0,-5.963897949478321,0.0,-965.6210913956568,-4562.381931350916,,,0,1,obi_only,long,1000,0.01,0,3.0,2026-08-19
802,0.02926238557423133,3.0,-5.970737614425769,0.0,-1260.876388711969,-4788.531566769467,,,0,0,obi_only,long,1000,0.01,1,3.0,2026-08-20
831,0.03212330381430295,3.0,-5.967876696185697,0.0,-989.2677877329982,-4959.305534530315,,,0,0,obi_only,long,1000,0.01,2,3.0,2026-08-21
795,0.030900611577163062,3.0,-5.969099388422837,0.0,-1895.7754013525998,-4745.434013796155,,,0,0,obi_only,long,1000,0.01,3,3.0,2026-08-22
765,0.03610205052167892,5.0,-9.963897949478321,0.0,-1613.2653667173847,-7622.381931350916,,,0,1,obi_only,long,1000,0.01,0,5.0,2026-08-19
802,0.02926238557423133,5.0,-9.970737614425769,0.0,-2105.5803232245776,-7996.531566769467,,,0,0,obi_only,long,1000,0.01,1,5.0,2026-08-20
831,0.03212330381430206,5.0,-9.967876696185698,0.0,-1652.3296022408472,-8283.305534530315,,,0,0,obi_only,long,1000,0.01,2,5.0,2026-08-21
795,0.030900611577163062,5.0,-9.969099388422837,0.0,-3166.1683219526394,-7925.434013796155,,,0,0,obi_only,long,1000,0.01,3,5.0,2026-08-22
3383,0.04969203709624015,1.0,-1.9503079629037599,0.0017735737511084836,-405.833991248792,-6597.891838503419,,,0,1,obi_only,long,5000,0.1,0,1.0,2026-08-19
4296,0.04428370789056446,1.0,-1.9557162921094355,0.00023277467411545624,-533.4687841198313,-8401.757190902135,,,0,0,obi_only,long,5000,0.1,1,1.0,2026-08-20
4737,0.04525497578801985,1.0,-1.9547450242119802,0.0004222081486172683,-401.5797999418609,-9259.62717969215,,,0,0,obi_only,long,5000,0.1,2,1.0,2026-08-21
3940,0.0422526824007079,1.0,-1.957747317599292,0.0005076142131979696,-637.3649227028343,-7713.524431341211,,,0,0,obi_only,long,5000,0.1,3,1.0,2026-08-22
3383,0.04969203709624015,2.0,-3.95030796290376,0.0002955956251847473,-822.0082559988133,-13363.89183850342,,,0,1,obi_only,long,5000,0.1,0,2.0,2026-08-19
4296,0.04428370789056446,2.0,-3.9557162921094355,0.0,-1079.017017544253,-16993.757190902135,,,0,0,obi_only,long,5000,0.1,1,2.0,2026-08-20
4737,0.045254975788019625,2.0,-3.9547450242119804,0.00021110407430863416,-812.4567122427383,-18733.62717969215,,,0,0,obi_only,long,5000,0.1,2,2.0,2026-08-21
3940,0.0422526824007079,2.0,-3.957747317599292,0.0,-1288.4856439248251,-15593.524431341211,,,0,0,obi_only,long,5000,0.1,3,2.0,2026-08-22
3383,0.04969203709624015,3.0,-5.95030796290376,0.0002955956251847473,-1238.1825207488346,-20129.89183850342,,,0,1,obi_only,long,5000,0.1,0,3.0,2026-08-19
4296,0.04428370789056402,3.0,-5.955716292109436,0.0,-1624.5652509686745,-25585.757190902135,,,0,0,obi_only,long,5000,0.1,1,3.0,2026-08-20
4737,0.04525497578802007,3.0,-5.95474502421198,0.0,-1223.3336245436153,-28207.62717969215,,,0,0,obi_only,long,5000,0.1,2,3.0,2026-08-21
3940,0.0422526824007079,3.0,-5.957747317599292,0.0,-1939.6063651468157,-23473.52443134121,,,0,0,obi_only,long,5000,0.1,3,3.0,2026-08-22
3383,0.04969203709624104,5.0,-9.950307962903759,0.0,-2070.531050248877,-33661.89183850342,,,0,1,obi_only,long,5000,0.1,0,5.0,2026-08-19
4296,0.04428370789056402,5.0,-9.955716292109436,0.0,-2715.661717817518,-42769.757190902135,,,0,0,obi_only,long,5000,0.1,1,5.0,2026-08-20
4737,0.04525497578801918,5.0,-9.95474502421198,0.0,-2045.08744914537,-47155.62717969215,,,0,0,obi_only,long,5000,0.1,2,5.0,2026-08-21
3940,0.0422526824007079,5.0,-9.957747317599292,0.0,-3241.847807590797,-39233.52443134121,,,0,0,obi_only,long,5000,0.1,3,5.0,2026-08-22
2204,0.056911842417717295,1.0,-1.9430881575822827,0.0018148820326678765,-269.40894956028995,-4282.566299311351,,,0,1,obi_only,long,5000,0.05,0,1.0,2026-08-19
2636,0.05131574431097752,1.0,-1.9486842556890225,0.00037936267071320183,-418.40543966267535,-5136.731697996263,,,0,0,obi_only,long,5000,0.05,1,1.0,2026-08-20
2943,0.042768705056797085,1.0,-1.957231294943203,0.0006795786612300374,-306.6124651540243,-5760.131701017846,,,0,0,obi_only,long,5000,0.05,2,1.0,2026-08-21
2440,0.05308710774635794,1.0,-1.946912892253642,0.0004098360655737705,-506.5781051595575,-4750.467457098886,,,0,0,obi_only,long,5000,0.05,3,1.0,2026-08-22
2204,0.056911842417717295,2.0,-3.9430881575822827,0.00045372050816696913,-546.7087195259576,-8690.566299311351,,,0,1,obi_only,long,5000,0.05,0,2.0,2026-08-19
2636,0.05131574431097752,2.0,-3.9486842556890225,0.0,-847.8289734559776,-10408.731697996263,,,0,0,obi_only,long,5000,0.05,1,2.0,2026-08-20
2943,0.042768705056797085,2.0,-3.957231294943203,0.0003397893306150187,-619.9249141693278,-11646.131701017846,,,0,0,obi_only,long,5000,0.05,2,2.0,2026-08-21
2440,0.053087107746358164,2.0,-3.946912892253642,0.0,-1026.9692404539255,-9630.467457098886,,,0,0,obi_only,long,5000,0.05,3,2.0,2026-08-22
2204,0.056911842417717295,3.0,-5.943088157582283,0.00045372050816696913,-824.0084894916251,-13098.566299311351,,,0,1,obi_only,long,5000,0.05,0,3.0,2026-08-19
2636,0.051315744310977074,3.0,-5.948684255689023,0.0,-1277.25250724928,-15680.731697996263,,,0,0,obi_only,long,5000,0.05,1,3.0,2026-08-20
2943,0.04276870505679664,3.0,-5.957231294943203,0.0,-933.2373631846311,-17532.131701017846,,,0,0,obi_only,long,5000,0.05,2,3.0,2026-08-21
2440,0.053087107746358164,3.0,-5.946912892253642,0.0,-1547.360375748294,-14510.467457098886,,,0,0,obi_only,long,5000,0.05,3,3.0,2026-08-22
2204,0.056911842417717295,5.0,-9.943088157582283,0.0,-1378.6080294229603,-21914.56629931135,,,0,1,obi_only,long,5000,0.05,0,5.0,2026-08-19
2636,0.05131574431097796,5.0,-9.948684255689022,0.0,-2136.099574835884,-26224.731697996263,,,0,0,obi_only,long,5000,0.05,1,5.0,2026-08-20
2943,0.04276870505679753,5.0,-9.957231294943202,0.0,-1559.8622612152378,-29304.131701017846,,,0,0,obi_only,long,5000,0.05,2,5.0,2026-08-21
2440,0.053087107746357276,5.0,-9.946912892253643,0.0,-2588.1426463370312,-24270.467457098886,,,0,0,obi_only,long,5000,0.05,3,5.0,2026-08-22
1129,0.07307490371613112,1.0,-1.9269250962838689,0.00354295837023915,-158.32100498887976,-2175.498433704488,,,0,1,obi_only,long,5000,0.02,0,1.0,2026-08-19
1305,0.0448876651876402,1.0,-1.9551123348123598,0.0007662835249042146,-279.20386265492715,-2551.4215969301295,,,0,0,obi_only,long,5000,0.02,1,1.0,2026-08-20
1382,0.04738518241462719,1.0,-1.9526148175853728,0.002170767004341534,-209.11473969906305,-2698.5136779029854,,,0,0,obi_only,long,5000,0.02,2,1.0,2026-08-21
1233,0.05271860826086394,1.0,-1.947281391739136,0.0,-340.17831861212886,-2400.9979560143547,,,0,0,obi_only,long,5000,0.02,3,1.0,2026-08-22
1129,0.0730749037161309,2.0,-3.926925096283869,0.0008857395925597874,-322.646027579749,-4433.498433704488,,,0,1,obi_only,long,5000,0.02,0,2.0,2026-08-19
1305,0.0448876651876402,2.0,-3.95511233481236,0.0,-564.8180012222883,-5161.421596930129,,,0,0,obi_only,long,5000,0.02,1,2.0,2026-08-20
1382,0.04738518241462719,2.0,-3.952614817585373,0.0,-423.3041823026554,-5462.513677902985,,,0,0,obi_only,long,5000,0.02,2,2.0,2026-08-21
1233,0.05271860826086394,2.0,-3.947281391739136,0.0,-689.5662602370547,-4866.997956014355,,,0,0,obi_only,long,5000,0.02,3,2.0,2026-08-22
1129,0.07307490371613135,3.0,-5.926925096283869,0.0008857395925597874,-486.9710501706182,-6691.498433704488,,,0,1,obi_only,long,5000,0.02,0,3.0,2026-08-19
1305,0.0448876651876402,3.0,-5.95511233481236,0.0,-850.4321397896495,-7771.421596930129,,,0,0,obi_only,long,5000,0.02,1,3.0,2026-08-20
1382,0.04738518241462675,3.0,-5.952614817585373,0.0,-637.4936249062478,-8226.513677902985,,,0,0,obi_only,long,5000,0.02,2,3.0,2026-08-21
1233,0.052718608260864386,3.0,-5.947281391739136,0.0,-1038.9542018619807,-7332.997956014355,,,0,0,obi_only,long,5000,0.02,3,3.0,2026-08-22
1129,0.07307490371613135,5.0,-9.926925096283869,0.0,-815.6210953523565,-11207.498433704488,,,0,1,obi_only,long,5000,0.02,0,5.0,2026-08-19
1305,0.04488766518764109,5.0,-9.955112334812359,0.0,-1421.6604169243717,-12991.42159693013,,,0,0,obi_only,long,5000,0.02,1,5.0,2026-08-20
1382,0.047385182414627636,5.0,-9.952614817585372,0.0,-1065.8725101134323,-13754.513677902985,,,0,0,obi_only,long,5000,0.02,2,5.0,2026-08-21
1233,0.052718608260864386,5.0,-9.947281391739136,0.0,-1737.7300851118325,-12264.997956014355,,,0,0,obi_only,long,5000,0.02,3,5.0,2026-08-22
660,0.07572623217164431,1.0,-1.9242737678283557,0.0030303030303030303,-104.1414165336919,-1270.0206867667148,,,0,1,obi_only,long,5000,0.01,0,1.0,2026-08-19
710,0.0434235192886161,1.0,-1.956576480711384,0.0014084507042253522,-196.75023432885388,-1389.1693013050826,,,0,0,obi_only,long,5000,0.01,1,1.0,2026-08-20
763,0.03648318697821695,1.0,-1.963516813021783,0.003931847968545216,-145.9225882004815,-1498.1633283356205,,,0,0,obi_only,long,5000,0.01,2,1.0,2026-08-21
699,0.05307057663483228,1.0,-1.9469294233651677,0.0,-245.6546205049504,-1360.9036669322522,,,0,0,obi_only,long,5000,0.01,3,1.0,2026-08-22
660,0.07572623217164409,2.0,-3.924273767828356,0.0015151515151515152,-212.3811257422428,-2590.020686766715,,,0,1,obi_only,long,5000,0.01,0,2.0,2026-08-19
710,0.043423519288615875,2.0,-3.956576480711384,0.0,-397.86706903323324,-2809.1693013050826,,,0,0,obi_only,long,5000,0.01,1,2.0,2026-08-20
763,0.03648318697821695,2.0,-3.963516813021783,0.0,-294.55649572064357,-3024.1633283356205,,,0,0,obi_only,long,5000,0.01,2,2.0,2026-08-21
699,0.05307057663483228,2.0,-3.9469294233651677,0.0,-498.00544283763566,-2758.9036669322522,,,0,0,obi_only,long,5000,0.01,3,2.0,2026-08-22
660,0.07572623217164409,3.0,-5.924273767828356,0.0015151515151515152,-320.62083495079366,-3910.020686766715,,,0,1,obi_only,long,5000,0.01,0,3.0,2026-08-19
710,0.04342351928861632,3.0,-5.956576480711384,0.0,-598.9839037376126,-4229.169301305083,,,0,0,obi_only,long,5000,0.01,1,3.0,2026-08-20
763,0.0364831869782174,3.0,-5.963516813021783,0.0,-443.1904032408056,-4550.1633283356205,,,0,0,obi_only,long,5000,0.01,2,3.0,2026-08-21
699,0.05307057663483228,3.0,-5.946929423365168,0.0,-750.3562651703209,-4156.903666932252,,,0,0,obi_only,long,5000,0.01,3,3.0,2026-08-22
660,0.07572623217164498,5.0,-9.924273767828355,0.0,-537.1002533678954,-6550.020686766715,,,0,1,obi_only,long,5000,0.01,0,5.0,2026-08-19
710,0.04342351928861632,5.0,-9.956576480711384,0.0,-1001.2175731463714,-7069.169301305083,,,0,0,obi_only,long,5000,0.01,1,5.0,2026-08-20
763,0.03648318697821651,5.0,-9.963516813021783,0.0,-740.4582182811297,-7602.1633283356205,,,0,0,obi_only,long,5000,0.01,2,5.0,2026-08-21
699,0.05307057663483228,5.0,-9.946929423365168,0.0,-1255.0579098356914,-6952.903666932252,,,0,0,obi_only,long,5000,0.01,3,5.0,2026-08-22
2536,0.06403599108915636,1.0,-1.9359640089108436,0.005126182965299685,-235.23679178551262,-4909.6047265979,,,0,1,obi_only,long,10000,0.1,0,1.0,2026-08-19
3266,0.051018022931327955,1.0,-1.948981977068672,0.0009185548071034905,-322.02935288949556,-6365.375137106283,,,0,0,obi_only,long,10000,0.1,1,1.0,2026-08-20
3599,0.0567635741193111,1.0,-1.943236425880689,0.001944984717977216,-241.28147870084248,-6993.7078967446,,,0,0,obi_only,long,10000,0.1,2,1.0,2026-08-21
3037,0.0431197885598158,1.0,-1.9568802114401842,0.00032927230819888045,-372.51799185335847,-5943.04520214384,,,0,0,obi_only,long,10000,0.1,3,1.0,2026-08-22
2536,0.06403599108915614,2.0,-3.935964008910844,0.0007886435331230284,-478.25452424620516,-9981.6047265979,,,0,1,obi_only,long,10000,0.1,0,2.0,2026-08-19
3266,0.051018022931327955,2.0,-3.948981977068672,0.0003061849357011635,-652.4883891232092,-12897.375137106283,,,0,0,obi_only,long,10000,0.1,1,2.0,2026-08-20
3599,0.05676357411931088,2.0,-3.943236425880689,0.0005557099194220616,-489.6109927912259,-14191.7078967446,,,0,0,obi_only,long,10000,0.1,2,2.0,2026-08-21
3037,0.043119788559815575,2.0,-3.9568802114401844,0.0,-753.2444049220464,-12017.04520214384,,,0,0,obi_only,long,10000,0.1,3,2.0,2026-08-22
2536,0.06403599108915614,3.0,-5.935964008910844,0.0003943217665615142,-721.2722567068977,-15053.6047265979,,,0,1,obi_only,long,10000,0.1,0,3.0,2026-08-19
3266,0.051018022931327955,3.0,-5.948981977068672,0.0003061849357011635,-982.9474253569228,-19429.375137106283,,,0,0,obi_only,long,10000,0.1,1,3.0,2026-08-20
3599,0.05676357411931132,3.0,-5.943236425880689,0.0,-737.9405068816092,-21389.7078967446,,,0,0,obi_only,long,10000,0.1,2,3.0,2026-08-21
3037,0.043119788559815575,3.0,-5.956880211440184,0.0,-1133.9708179907343,-18091.04520214384,,,0,0,obi_only,long,10000,0.1,3,3.0,2026-08-22
2536,0.06403599108915614,5.0,-9.935964008910844,0.0,-1207.307721628283,-25197.6047265979,,,0,1,obi_only,long,10000,0.1,0,5.0,2026-08-19
3266,0.051018022931328844,5.0,-9.948981977068671,0.0,-1643.8654978243499,-32493.375137106283,,,0,0,obi_only,long,10000,0.1,1,5.0,2026-08-20
3599,0.056763574119310434,5.0,-9.94323642588069,0.0,-1234.5995350623762,-35785.7078967446,,,0,0,obi_only,long,10000,0.1,2,5.0,2026-08-21
3037,0.043119788559815575,5.0,-9.956880211440184,0.0,-1895.4236441281103,-30239.04520214384,,,0,0,obi_only,long,10000,0.1,3,5.0,2026-08-22
1783,0.06812135435556455,1.0,-1.9318786456444355,0.0061693774537296695,-152.29636983906283,-3444.5396251840284,,,0,1,obi_only,long,10000,0.05,0,1.0,2026-08-19
2191,0.06123670620257382,1.0,-1.9387632937974262,0.0018256503879507074,-251.62084424340225,-4247.830376710161,,,0,0,obi_only,long,10000,0.05,1,1.0,2026-08-20
2435,0.05478053544566719,1.0,-1.9452194645543328,0.004106776180698152,-187.94508978274655,-4736.6093961898005,,,0,0,obi_only,long,10000,0.05,2,1.0,2026-08-21
2034,0.04863602642846532,1.0,-1.9513639735715347,0.0004916420845624386,-315.85919037954216,-3969.0743222445017,,,0,0,obi_only,long,10000,0.05,3,1.0,2026-08-22
1783,0.06812135435556455,2.0,-3.9318786456444355,0.0011217049915872126,-309.9629708778251,-7010.539625184028,,,0,1,obi_only,long,10000,0.05,0,2.0,2026-08-19
2191,0.06123670620257382,2.0,-3.938763293797426,0.00045641259698767686,-511.1892454488494,-8629.83037671016,,,0,0,obi_only,long,10000,0.05,1,2.0,2026-08-20
2435,0.05478053544566697,2.0,-3.945219464554333,0.0004106776180698152,-381.1830181578942,-9606.6093961898,,,0,0,obi_only,long,10000,0.05,2,2.0,2026-08-21
2034,0.04863602642846532,2.0,-3.9513639735715347,0.0,-639.5908925708383,-8037.074322244502,,,0,0,obi_only,long,10000,0.05,3,2.0,2026-08-22
1783,0.06812135435556499,3.0,-5.931878645644435,0.0005608524957936063,-467.62957191658734,-10576.539625184028,,,0,1,obi_only,long,10000,0.05,0,3.0,2026-08-19
2191,0.06123670620257382,3.0,-5.938763293797426,0.0,-770.7576466542965,-13011.83037671016,,,0,0,obi_only,long,10000,0.05,1,3.0,2026-08-20
2435,0.05478053544566741,3.0,-5.945219464554333,0.0,-574.4209465330417,-14476.6093961898,,,0,0,obi_only,long,10000,0.05,2,3.0,2026-08-21
2034,0.048636026428464874,3.0,-5.951363973571535,0.0,-963.3225947621343,-12105.074322244502,,,0,0,obi_only,long,10000,0.05,3,3.0,2026-08-22
1783,0.06812135435556499,5.0,-9.931878645644435,0.0005608524957936063,-782.9627739941119,-17708.53962518403,,,0,1,obi_only,long,10000,0.05,0,5.0,2026-08-19
2191,0.06123670620257471,5.0,-9.938763293797425,0.0,-1289.8944490651907,-21775.83037671016,,,0,0,obi_only,long,10000,0.05,1,5.0,2026-08-20
2435,0.05478053544566741,5.0,-9.945219464554333,0.0,-960.8968032833369,-24216.6093961898,,,0,0,obi_only,long,10000,0.05,2,5.0,2026-08-21
2034,0.048636026428464874,5.0,-9.951363973571535,0.0,-1610.7859991447262,-20241.0743222445,,,0,0,obi_only,long,10000,0.05,3,5.0,2026-08-22
989,0.08501115070076337,1.0,-1.9149888492992366,0.008088978766430738,-94.87991672370983,-1893.923971956945,,,0,1,obi_only,long,10000,0.02,0,1.0,2026-08-19
1165,0.06457096706993903,1.0,-1.935429032930061,0.005150214592274678,-159.865215309593,-2254.774823363521,,,0,0,obi_only,long,10000,0.02,1,1.0,2026-08-20
1232,0.05680062149858478,1.0,-1.9431993785014152,0.005681818181818182,-135.6960425837424,-2394.0216343137436,,,0,0,obi_only,long,10000,0.02,2,1.0,2026-08-21
1101,0.043732121503479604,1.0,-1.9562678784965204,0.0,-217.72000983781544,-2153.850934224669,,,0,0,obi_only,long,10000,0.02,3,1.0,2026-08-22
989,0.0850111507007636,2.0,-3.9149888492992364,0.0020222446916076846,-193.97179055726215,-3871.923971956945,,,0,1,obi_only,long,10000,0.02,0,2.0,2026-08-19
1165,0.06457096706993903,2.0,-3.935429032930061,0.0008583690987124463,-325.0639517030136,-4584.774823363521,,,0,0,obi_only,long,10000,0.02,1,2.0,2026-08-20
1232,0.05680062149858456,2.0,-3.9431993785014154,0.0,-275.3585435962638,-4858.021634313744,,,0,0,obi_only,long,10000,0.02,2,2.0,2026-08-21
1101,0.043732121503479604,2.0,-3.9562678784965204,0.0,-440.30712301491576,-4355.850934224669,,,0,0,obi_only,long,10000,0.02,3,2.0,2026-08-22
989,0.0850111507007636,3.0,-5.914988849299236,0.0010111223458038423,-293.06366439081455,-5849.923971956945,,,0,1,obi_only,long,10000,0.02,0,3.0,2026-08-19
1165,0.06457096706993859,3.0,-5.935429032930061,0.0,-490.26268809643415,-6914.774823363521,,,0,0,obi_only,long,10000,0.02,1,3.0,2026-08-20
1232,0.056800621498585,3.0,-5.943199378501415,0.0,-415.0210446087852,-7322.021634313744,,,0,0,obi_only,long,10000,0.02,2,3.0,2026-08-21
1101,0.043732121503479604,3.0,-5.95626787849652,0.0,-662.894236192016,-6557.850934224669,,,0,0,obi_only,long,10000,0.02,3,3.0,2026-08-22
989,0.0850111507007636,5.0,-9.914988849299236,0.0010111223458038423,-491.2474120579193,-9805.923971956945,,,0,1,obi_only,long,10000,0.02,0,5.0,2026-08-19
1165,0.06457096706993859,5.0,-9.935429032930061,0.0,-820.6601608832752,-11574.774823363521,,,0,0,obi_only,long,10000,0.02,1,5.0,2026-08-20
1232,0.056800621498585,5.0,-9.943199378501415,0.0,-694.3460466338279,-12250.021634313744,,,0,0,obi_only,long,10000,0.02,2,5.0,2026-08-21
1101,0.043732121503479604,5.0,-9.95626787849652,0.0,-1108.0684625462166,-10961.850934224669,,,0,0,obi_only,long,10000,0.02,3,5.0,2026-08-22
614,0.08747920985633195,1.0,-1.912520790143668,0.006514657980456026,-66.56950328867222,-1174.2877651482122,,,0,1,obi_only,long,10000,0.01,0,1.0,2026-08-19
667,0.0647681699734115,1.0,-1.9352318300265885,0.004497751124437781,-115.36949212842725,-1290.7996306277346,,,0,0,obi_only,long,10000,0.01,1,1.0,2026-08-20
713,0.05601432722232991,1.0,-1.94398567277767,0.0070126227208976155,-100.72761745670827,-1386.0617846904788,,,0,0,obi_only,long,10000,0.01,2,1.0,2026-08-21
643,0.042353884131404396,1.0,-1.9576461158685956,0.0,-158.4949199171935,-1258.766452503507,,,0,0,obi_only,long,10000,0.01,3,1.0,2026-08-22
614,0.08747920985633195,2.0,-3.912520790143668,0.0016286644951140066,-136.18391337168265,-2402.287765148212,,,0,1,obi_only,long,10000,0.01,0,2.0,2026-08-19
667,0.06476816997341128,2.0,-3.9352318300265887,0.0014992503748125937,-234.60016034954901,-2624.7996306277346,,,0,0,obi_only,long,10000,0.01,1,2.0,2026-08-20
713,0.05601432722232991,2.0,-3.94398567277767,0.0,-204.35761727330495,-2812.061784690479,,,0,0,obi_only,long,10000,0.01,2,2.0,2026-08-21
643,0.042353884131404396,2.0,-3.9576461158685956,0.0,-320.4188944623786,-2544.766452503507,,,0,0,obi_only,long,10000,0.01,3,2.0,2026-08-22
614,0.08747920985633151,3.0,-5.9125207901436685,0.0016286644951140066,-205.7983234546931,-3630.287765148212,,,0,1,obi_only,long,10000,0.01,0,3.0,2026-08-19
667,0.06476816997341128,3.0,-5.935231830026589,0.0,-353.8308285706708,-3958.7996306277346,,,0,0,obi_only,long,10000,0.01,1,3.0,2026-08-20
713,0.05601432722232946,3.0,-5.9439856727776705,0.0,-307.9876170899017,-4238.061784690479,,,0,0,obi_only,long,10000,0.01,2,3.0,2026-08-21
643,0.04235388413140395,3.0,-5.957646115868596,0.0,-482.34286900756376,-3830.766452503507,,,0,0,obi_only,long,10000,0.01,3,3.0,2026-08-22
614,0.08747920985633151,5.0,-9.912520790143668,0.0016286644951140066,-345.027143620714,-6086.287765148212,,,0,1,obi_only,long,10000,0.01,0,5.0,2026-08-19
667,0.06476816997341217,5.0,-9.935231830026588,0.0,-592.2921650129143,-6626.799630627735,,,0,0,obi_only,long,10000,0.01,1,5.0,2026-08-20
713,0.05601432722233035,5.0,-9.94398567277767,0.0,-515.247616723095,-7090.061784690479,,,0,0,obi_only,long,10000,0.01,2,5.0,2026-08-21
643,0.04235388413140484,5.0,-9.957646115868595,0.0,-806.190818097934,-6402.766452503507,,,0,0,obi_only,long,10000,0.01,3,5.0,2026-08-22
1410,0.09304897946112378,1.0,-1.9069510205388762,0.011347517730496455,-69.8211577133176,-2688.8009389598155,,,0,1,obi_only,long,30000,0.1,0,1.0,2026-08-19
1782,0.05692110884252366,1.0,-1.9430788911574763,0.005611672278338945,-135.4769923216267,-3462.5665840426227,,,0,0,obi_only,long,30000,0.1,1,1.0,2026-08-20
1941,0.07314801313654051,1.0,-1.9268519868634595,0.011334363730036065,-108.55410215604587,-3740.0197065019747,,,0,0,obi_only,long,30000,0.1,2,1.0,2026-08-21
1698,0.04265432245679723,1.0,-1.9573456775432028,0.0017667844522968198,-141.25300281988876,-3323.5729604683584,,,0,0,obi_only,long,30000,0.1,3,1.0,2026-08-22
1410,0.09304897946112378,2.0,-3.906951020538876,0.0028368794326241137,-143.04921334904878,-5508.8009389598155,,,0,1,obi_only,long,30000,0.1,0,2.0,2026-08-19
1782,0.05692110884252388,2.0,-3.943078891157476,0.0005611672278338945,-274.9226864086271,-7026.566584042623,,,0,0,obi_only,long,30000,0.1,1,2.0,2026-08-20
1941,0.07314801313654051,2.0,-3.9268519868634595,0.002575991756826378,-221.2291834763821,-7622.019706501975,,,0,0,obi_only,long,30000,0.1,2,2.0,2026-08-21
1698,0.04265432245679701,2.0,-3.957345677543203,0.0005889281507656066,-285.584179924165,-6719.572960468358,,,0,0,obi_only,long,30000,0.1,3,2.0,2026-08-22
1410,0.09304897946112334,3.0,-5.906951020538877,0.0007092198581560284,-216.27726898478002,-8328.800938959816,,,0,1,obi_only,long,30000,0.1,0,3.0,2026-08-19
1782,0.05692110884252344,3.0,-5.943078891157477,0.0005611672278338945,-414.3683804956276,-10590.566584042623,,,0,0,obi_only,long,30000,0.1,1,3.0,2026-08-20
1941,0.07314801313654051,3.0,-5.9268519868634595,0.0,-333.90426479671834,-11504.019706501975,,,0,0,obi_only,long,30000,0.1,2,3.0,2026-08-21
1698,0.04265432245679701,3.0,-5.957345677543203,0.0,-429.91535702844124,-10115.572960468358,,,0,0,obi_only,long,30000,0.1,3,3.0,2026-08-22
1410,0.09304897946112334,5.0,-9.906951020538877,0.0007092198581560284,-362.7333802562424,-13968.800938959816,,,0,1,obi_only,long,30000,0.1,0,5.0,2026-08-19
1782,0.05692110884252344,5.0,-9.943078891157477,0.0,-693.2597686696284,-17718.566584042623,,,0,0,obi_only,long,30000,0.1,1,5.0,2026-08-20
1941,0.07314801313654051,5.0,-9.92685198686346,0.0,-559.2544274373909,-19268.019706501975,,,0,0,obi_only,long,30000,0.1,2,5.0,2026-08-21
1698,0.0426543224567979,5.0,-9.957345677543202,0.0,-718.5777112369937,-16907.57296046836,,,0,0,obi_only,long,30000,0.1,3,5.0,2026-08-22
1135,0.1089992845282246,1.0,-1.8910007154717754,0.012334801762114538,-62.01603592241232,-2146.285812060465,,,0,1,obi_only,long,30000,0.05,0,1.0,2026-08-19
1383,0.06617567573579075,1.0,-1.9338243242642092,0.007953723788864787,-117.51252270219264,-2674.4790404574014,,,0,0,obi_only,long,30000,0.05,1,1.0,2026-08-20
1513,0.06018694786857193,1.0,-1.939813052131428,0.011896893588896233,-90.11231576015672,-2934.937147874851,,,0,0,obi_only,long,30000,0.05,2,1.0,2026-08-21
1292,0.044248343493206166,1.0,-1.9557516565067938,0.0030959752321981426,-137.54228465963917,-2526.8311402067775,,,0,0,obi_only,long,30000,0.05,3,1.0,2026-08-22
1135,0.10899928452822438,2.0,-3.8910007154717756,0.003524229074889868,-127.60674185394369,-4416.285812060465,,,0,1,obi_only,long,30000,0.05,0,2.0,2026-08-19
1383,0.06617567573579075,2.0,-3.9338243242642092,0.0007230657989877079,-239.04633653184788,-5440.479040457401,,,0,0,obi_only,long,30000,0.05,1,2.0,2026-08-20
1513,0.06018694786857193,2.0,-3.939813052131428,0.0019828155981493722,-183.02056345046182,-5960.937147874851,,,0,0,obi_only,long,30000,0.05,2,2.0,2026-08-21
1292,0.04424834349320639,2.0,-3.9557516565067936,0.0007739938080495357,-278.1964256923571,-5110.8311402067775,,,0,0,obi_only,long,30000,0.05,3,2.0,2026-08-22
1135,0.10899928452822483,3.0,-5.891000715471775,0.000881057268722467,-193.19744778547502,-6686.285812060465,,,0,1,obi_only,long,30000,0.05,0,3.0,2026-08-19
1383,0.0661756757357903,3.0,-5.93382432426421,0.0007230657989877079,-360.5801503615031,-8206.479040457401,,,0,0,obi_only,long,30000,0.05,1,3.0,2026-08-20
1513,0.06018694786857193,3.0,-5.939813052131428,0.0013218770654329147,-275.9288111407669,-8986.93714787485,,,0,0,obi_only,long,30000,0.05,2,3.0,2026-08-21
1292,0.044248343493205944,3.0,-5.955751656506794,0.0,-418.85056672507505,-7694.8311402067775,,,0,0,obi_only,long,30000,0.05,3,3.0,2026-08-22
1135,0.10899928452822394,5.0,-9.891000715471776,0.000881057268722467,-324.37885964853774,-11226.285812060465,,,0,1,obi_only,long,30000,0.05,0,5.0,2026-08-19
1383,0.0661756757357903,5.0,-9.93382432426421,0.0,-603.6477780208136,-13738.479040457401,,,0,0,obi_only,long,30000,0.05,1,5.0,2026-08-20
1513,0.06018694786857104,5.0,-9.939813052131429,0.0,-461.74530652137713,-15038.93714787485,,,0,0,obi_only,long,30000,0.05,2,5.0,2026-08-21
1292,0.04424834349320683,5.0,-9.955751656506793,0.0,-700.1588487905109,-12862.831140206777,,,0,0,obi_only,long,30000,0.05,3,5.0,2026-08-22
723,0.13251820856152707,1.0,-1.867481791438473,0.013831258644536652,-42.89283699578276,-1350.189335210016,,,0,1,obi_only,long,30000,0.02,0,1.0,2026-08-19
860,0.07138941650316766,1.0,-1.9286105834968323,0.010465116279069767,-83.641898924357,-1658.6051018072758,,,0,0,obi_only,long,30000,0.02,1,1.0,2026-08-20
905,0.06745881040861001,1.0,-1.93254118959139,0.008839779005524863,-64.08783816172213,-1748.949776580208,,,0,0,obi_only,long,30000,0.02,2,1.0,2026-08-21
790,0.05748676579796319,1.0,-1.9425132342020368,0.0012658227848101266,-98.73336886706574,-1534.585455019609,,,0,0,obi_only,long,30000,0.02,3,1.0,2026-08-22
723,0.13251820856152685,2.0,-3.867481791438473,0.005532503457814661,-88.82938876557917,-2796.189335210016,,,0,1,obi_only,long,30000,0.02,0,2.0,2026-08-19
860,0.07138941650316788,2.0,-3.928610583496832,0.0011627906976744186,-170.3798849543858,-3378.605101807276,,,0,0,obi_only,long,30000,0.02,1,2.0,2026-08-20
905,0.06745881040860979,2.0,-3.93254118959139,0.004419889502762431,-130.41277706278913,-3558.949776580208,,,0,0,obi_only,long,30000,0.02,2,2.0,2026-08-21
790,0.05748676579796319,2.0,-3.942513234202037,0.0012658227848101266,-200.38865453375448,-3114.585455019609,,,0,0,obi_only,long,30000,0.02,3,2.0,2026-08-22
723,0.1325182085615273,3.0,-5.867481791438473,0.0013831258644536654,-134.76594053537553,-4242.189335210016,,,0,1,obi_only,long,30000,0.02,0,3.0,2026-08-19
860,0.07138941650316788,3.0,-5.928610583496832,0.0011627906976744186,-257.11787098441465,-5098.605101807276,,,0,0,obi_only,long,30000,0.02,1,3.0,2026-08-20
905,0.06745881040860979,3.0,-5.93254118959139,0.004419889502762431,-196.73771596385615,-5368.949776580208,,,0,0,obi_only,long,30000,0.02,2,3.0,2026-08-21
790,0.057486765797963635,3.0,-5.942513234202036,0.0,-302.04394020044316,-4694.585455019609,,,0,0,obi_only,long,30000,0.02,3,3.0,2026-08-22
723,0.1325182085615264,5.0,-9.867481791438474,0.0013831258644536654,-226.6390440749684,-7134.189335210016,,,0,1,obi_only,long,30000,0.02,0,5.0,2026-08-19
860,0.07138941650316788,5.0,-9.928610583496832,0.0,-430.5938430444723,-8538.605101807276,,,0,0,obi_only,long,30000,0.02,1,5.0,2026-08-20
905,0.06745881040860979,5.0,-9.93254118959139,0.0,-329.3875937659901,-8988.949776580208,,,0,0,obi_only,long,30000,0.02,2,5.0,2026-08-21
790,0.05748676579796275,5.0,-9.942513234202037,0.0,-505.3545115338207,-7854.585455019609,,,0,0,obi_only,long,30000,0.02,3,5.0,2026-08-22
490,0.12097276875616192,1.0,-1.879027231243838,0.018367346938775512,-35.952079898914555,-920.7233433094807,,,0,1,obi_only,long,30000,0.01,0,1.0,2026-08-19
543,0.07044934423174709,1.0,-1.929550655768253,0.009208103130755065,-63.20099505270174,-1047.7460060821613,,,0,0,obi_only,long,30000,0.01,1,1.0,2026-08-20
577,0.08447286271469179,1.0,-1.9155271372853082,0.010398613518197574,-51.236983632770965,-1105.2591582136229,,,0,0,obi_only,long,30000,0.01,2,1.0,2026-08-21
510,0.06464149696163513,1.0,-1.9353585030383649,0.00392156862745098,-70.40548624482639,-987.0328365495661,,,0,0,obi_only,long,30000,0.01,3,1.0,2026-08-22
490,0.12097276875616192,2.0,-3.879027231243838,0.00816326530612245,-74.21877375104758,-1900.7233433094807,,,0,1,obi_only,long,30000,0.01,0,2.0,2026-08-19
543,0.07044934423174709,2.0,-3.929550655768253,0.001841620626151013,-128.70950592155808,-2133.7460060821613,,,0,0,obi_only,long,30000,0.01,1,2.0,2026-08-20
577,0.08447286271469157,2.0,-3.9155271372853084,0.005199306759098787,-104.73346784900005,-2259.259158213623,,,0,0,obi_only,long,30000,0.01,2,2.0,2026-08-21
510,0.0646414969616349,2.0,-3.935358503038365,0.00196078431372549,-143.16253475474863,-2007.0328365495661,,,0,0,obi_only,long,30000,0.01,3,2.0,2026-08-22
490,0.12097276875616192,3.0,-5.879027231243838,0.004081632653061225,-112.4854676031806,-2880.7233433094807,,,0,1,obi_only,long,30000,0.01,0,3.0,2026-08-19
543,0.07044934423174709,3.0,-5.929550655768253,0.001841620626151013,-194.21801679041442,-3219.7460060821613,,,0,0,obi_only,long,30000,0.01,1,3.0,2026-08-20
577,0.08447286271469157,3.0,-5.915527137285308,0.0034662045060658577,-158.2299520652291,-3413.259158213623,,,0,0,obi_only,long,30000,0.01,2,3.0,2026-08-21
510,0.06464149696163535,3.0,-5.935358503038365,0.0,-215.91958326467085,-3027.032836549566,,,0,0,obi_only,long,30000,0.01,3,3.0,2026-08-22
490,0.12097276875616103,5.0,-9.879027231243839,0.0020408163265306124,-189.01885530744667,-4840.723343309481,,,0,1,obi_only,long,30000,0.01,0,5.0,2026-08-19
543,0.07044934423174709,5.0,-9.929550655768253,0.0,-325.2350385281271,-5391.746006082161,,,0,0,obi_only,long,30000,0.01,1,5.0,2026-08-20
577,0.08447286271469245,5.0,-9.915527137285308,0.0,-265.2229204976872,-5721.259158213623,,,0,0,obi_only,long,30000,0.01,2,5.0,2026-08-21
510,0.06464149696163446,5.0,-9.935358503038366,0.0,-361.43368028451533,-5067.032836549566,,,0,0,obi_only,long,30000,0.01,3,5.0,2026-08-22
905,0.11111020667887495,1.0,-1.888889793321125,0.02541436464088398,-56.4972898845091,-1709.445262955618,,,0,1,obi_only,long,60000,0.1,0,1.0,2026-08-19
1086,0.08717712227612706,1.0,-1.912822877723873,0.016574585635359115,-74.57296882714061,-2077.325645208126,,,0,0,obi_only,long,60000,0.1,1,1.0,2026-08-20
1139,0.11048582696095854,1.0,-1.8895141730390415,0.03950834064969271,-56.66732449417178,-2152.156643091468,,,0,0,obi_only,long,60000,0.1,2,1.0,2026-08-21
1049,0.048230135621253556,1.0,-1.9517698643787464,0.004766444232602479,-90.2043027676947,-2047.406587733305,,,0,0,obi_only,long,60000,0.1,3,1.0,2026-08-22
905,0.11111020667887495,2.0,-3.888889793321125,0.004419889502762431,-116.31792111908547,-3519.445262955618,,,0,1,obi_only,long,60000,0.1,0,2.0,2026-08-19
1086,0.08717712227612706,2.0,-3.912822877723873,0.0027624309392265192,-152.54460927079452,-4249.325645208126,,,0,0,obi_only,long,60000,0.1,1,2.0,2026-08-20
1139,0.11048582696095854,2.0,-3.8895141730390415,0.004389815627743635,-116.64816539258075,-4430.156643091468,,,0,0,obi_only,long,60000,0.1,2,2.0,2026-08-21
1049,0.048230135621253556,2.0,-3.9517698643787464,0.0009532888465204957,-182.6376417734765,-4145.406587733305,,,0,0,obi_only,long,60000,0.1,3,2.0,2026-08-22
905,0.11111020667887495,3.0,-5.888889793321125,0.0022099447513812156,-176.13855235366182,-5329.445262955618,,,0,1,obi_only,long,60000,0.1,0,3.0,2026-08-19
1086,0.0871771222761275,3.0,-5.9128228777238725,0.001841620626151013,-230.51624971444846,-6421.325645208126,,,0,0,obi_only,long,60000,0.1,1,3.0,2026-08-20
1139,0.11048582696095899,3.0,-5.889514173039041,0.0026338893766461808,-176.6290062909897,-6708.156643091468,,,0,0,obi_only,long,60000,0.1,2,3.0,2026-08-21
1049,0.04823013562125311,3.0,-5.951769864378747,0.0009532888465204957,-275.0709807792583,-6243.406587733305,,,0,0,obi_only,long,60000,0.1,3,3.0,2026-08-22
905,0.11111020667887495,5.0,-9.888889793321125,0.0011049723756906078,-295.7798148228146,-8949.445262955618,,,0,1,obi_only,long,60000,0.1,0,5.0,2026-08-19
1086,0.0871771222761275,5.0,-9.912822877723872,0.0,-386.4595306017563,-10765.325645208126,,,0,0,obi_only,long,60000,0.1,1,5.0,2026-08-20
1139,0.11048582696095899,5.0,-9.889514173039041,0.0,-296.5906880878077,-11264.156643091468,,,0,0,obi_only,long,60000,0.1,2,5.0,2026-08-21
1049,0.04823013562125311,5.0,-9.951769864378747,0.0,-459.9376587908219,-10439.406587733305,,,0,0,obi_only,long,60000,0.1,3,5.0,2026-08-22
766,0.13716078366717688,1.0,-1.8628392163328231,0.020887728459530026,-42.0884725276145,-1426.9348397109425,,,0,1,obi_only,long,60000,0.05,0,1.0,2026-08-19
920,0.07657238599444405,1.0,-1.923427614005556,0.01956521739130435,-69.70435422851105,-1769.5534048851114,,,0,0,obi_only,long,60000,0.05,1,1.0,2026-08-20
975,0.10181942436103819,1.0,-1.8981805756389618,0.038974358974358976,-51.287123103552204,-1850.7260612479877,,,0,0,obi_only,long,60000,0.05,2,1.0,2026-08-21
871,0.05037263510764789,1.0,-1.949627364892352,0.009184845005740528,-70.76954166066439,-1698.1254348212387,,,0,0,obi_only,long,60000,0.05,3,1.0,2026-08-22
766,0.1371607836671771,2.0,-3.862839216332823,0.007832898172323759,-87.27591775487322,-2958.9348397109425,,,0,1,obi_only,long,60000,0.05,0,2.0,2026-08-19
920,0.07657238599444405,2.0,-3.923427614005556,0.002173913043478261,-142.18366535096195,-3609.5534048851114,,,0,0,obi_only,long,60000,0.05,1,2.0,2026-08-20
975,0.10181942436103819,2.0,-3.898180575638962,0.005128205128205128,-105.32531500348568,-3800.7260612479877,,,0,0,obi_only,long,60000,0.05,2,2.0,2026-08-21
871,0.05037263510764767,2.0,-3.9496273648923523,0.001148105625717566,-143.36756006668105,-3440.1254348212387,,,0,0,obi_only,long,60000,0.05,3,2.0,2026-08-22
766,0.1371607836671771,3.0,-5.862839216332823,0.0026109660574412533,-132.46336298213194,-4490.9348397109425,,,0,1,obi_only,long,60000,0.05,0,3.0,2026-08-19
920,0.07657238599444405,3.0,-5.923427614005556,0.0010869565217391304,-214.66297647341284,-5449.553404885111,,,0,0,obi_only,long,60000,0.05,1,3.0,2026-08-20
975,0.10181942436103864,3.0,-5.898180575638961,0.0020512820512820513,-159.36350690341916,-5750.726061247988,,,0,0,obi_only,long,60000,0.05,2,3.0,2026-08-21
871,0.05037263510764767,3.0,-5.949627364892352,0.0,-215.96557847269773,-5182.125434821239,,,0,0,obi_only,long,60000,0.05,3,3.0,2026-08-22
766,0.1371607836671771,5.0,-9.862839216332823,0.0026109660574412533,-222.83825343664938,-7554.9348397109425,,,0,1,obi_only,long,60000,0.05,0,5.0,2026-08-19
920,0.07657238599444405,5.0,-9.923427614005556,0.0,-359.62159871831466,-9129.553404885111,,,0,0,obi_only,long,60000,0.05,1,5.0,2026-08-20
975,0.10181942436103775,5.0,-9.898180575638962,0.0,-267.4398907032861,-9650.726061247988,,,0,0,obi_only,long,60000,0.05,2,5.0,2026-08-21
871,0.05037263510764767,5.0,-9.949627364892352,0.0,-361.1616152847311,-8666.125434821239,,,0,0,obi_only,long,60000,0.05,3,5.0,2026-08-22
556,0.13050431153119746,1.0,-1.8694956884688025,0.017985611510791366,-39.47765875524369,-1039.4396027886542,,,0,1,obi_only,long,60000,0.02,0,1.0,2026-08-19
648,0.1074233109847913,1.0,-1.8925766890152087,0.023148148148148147,-51.07477700018709,-1226.3896944818553,,,0,0,obi_only,long,60000,0.02,1,1.0,2026-08-20
673,0.1034452609259795,1.0,-1.8965547390740205,0.03417533432392273,-42.12799027604993,-1276.3813393968157,,,0,0,obi_only,long,60000,0.02,2,1.0,2026-08-21
588,0.04784138634409696,1.0,-1.952158613655903,0.008503401360544218,-52.86476226854166,-1147.869264829671,,,0,0,obi_only,long,60000,0.02,3,1.0,2026-08-22
556,0.13050431153119746,2.0,-3.8694956884688025,0.008992805755395683,-81.71114343107901,-2151.439602788654,,,0,1,obi_only,long,60000,0.02,0,2.0,2026-08-19
648,0.10742331098479108,2.0,-3.892576689015209,0.0030864197530864196,-105.04857610342296,-2522.3896944818553,,,0,0,obi_only,long,60000,0.02,1,2.0,2026-08-20
673,0.10344526092597972,2.0,-3.8965547390740203,0.007429420505200594,-86.55380030736873,-2622.3813393968157,,,0,0,obi_only,long,60000,0.02,2,2.0,2026-08-21
588,0.04784138634409674,2.0,-3.9521586136559033,0.0,-107.02507680316775,-2323.869264829671,,,0,0,obi_only,long,60000,0.02,3,2.0,2026-08-22
556,0.13050431153119746,3.0,-5.8694956884688025,0.0035971223021582736,-123.94462810691435,-3263.439602788654,,,0,1,obi_only,long,60000,0.02,0,3.0,2026-08-19
648,0.10742331098479152,3.0,-5.8925766890152085,0.0030864197530864196,-159.0223752066588,-3818.3896944818553,,,0,0,obi_only,long,60000,0.02,1,3.0,2026-08-20
673,0.10344526092597928,3.0,-5.896554739074021,0.004457652303120356,-130.97961033868754,-3968.3813393968157,,,0,0,obi_only,long,60000,0.02,2,3.0,2026-08-21
588,0.04784138634409718,3.0,-5.952158613655903,0.0,-161.18539133779382,-3499.869264829671,,,0,0,obi_only,long,60000,0.02,3,3.0,2026-08-22
556,0.13050431153119746,5.0,-9.869495688468803,0.0017985611510791368,-208.411597458585,-5487.439602788654,,,0,1,obi_only,long,60000,0.02,0,5.0,2026-08-19
648,0.10742331098479063,5.0,-9.89257668901521,0.0,-266.96997341313056,-6410.389694481855,,,0,0,obi_only,long,60000,0.02,1,5.0,2026-08-20
673,0.10344526092598016,5.0,-9.89655473907402,0.0,-219.83123040132514,-6660.381339396816,,,0,0,obi_only,long,60000,0.02,2,5.0,2026-08-21
588,0.04784138634409629,5.0,-9.952158613655904,0.0,-269.50602040704604,-5851.869264829671,,,0,0,obi_only,long,60000,0.02,3,5.0,2026-08-22
404,0.08501116307089251,1.0,-1.9149888369291075,0.022277227722772276,-39.893083396243526,-773.6554901193595,,,0,1,obi_only,long,60000,0.01,0,1.0,2026-08-19
446,0.14120309244979157,1.0,-1.8587969075502084,0.03587443946188341,-39.06681249898449,-829.023420767393,,,0,0,obi_only,long,60000,0.01,1,1.0,2026-08-20
459,0.06794726349969338,1.0,-1.9320527365003066,0.034858387799564274,-33.75812410311398,-886.8122060536407,,,0,0,obi_only,long,60000,0.01,2,1.0,2026-08-21
406,0.07786534763264741,1.0,-1.9221346523673526,0.009852216748768473,-46.983579433293784,-780.3866688611452,,,0,0,obi_only,long,60000,0.01,3,1.0,2026-08-22
404,0.08501116307089251,2.0,-3.9149888369291075,0.009900990099009901,-81.55712093728363,-1581.6554901193595,,,0,1,obi_only,long,60000,0.01,0,2.0,2026-08-19
446,0.14120309244979135,2.0,-3.8587969075502087,0.004484304932735426,-81.10132669502153,-1721.023420767393,,,0,0,obi_only,long,60000,0.01,1,2.0,2026-08-20
459,0.06794726349969338,2.0,-3.9320527365003066,0.008714596949891068,-68.70346846701884,-1804.8122060536407,,,0,0,obi_only,long,60000,0.01,2,2.0,2026-08-21
406,0.07786534763264719,2.0,-3.922134652367353,0.0,-95.87045567313218,-1592.3866688611452,,,0,0,obi_only,long,60000,0.01,3,2.0,2026-08-22
404,0.08501116307089251,3.0,-5.9149888369291075,0.0049504950495049506,-123.22115847832372,-2389.6554901193595,,,0,1,obi_only,long,60000,0.01,0,3.0,2026-08-19
446,0.1412030924497918,3.0,-5.858796907550208,0.004484304932735426,-123.13584089105856,-2613.023420767393,,,0,0,obi_only,long,60000,0.01,1,3.0,2026-08-20
459,0.06794726349969338,3.0,-5.932052736500307,0.006535947712418301,-103.64881283092369,-2722.8122060536407,,,0,0,obi_only,long,60000,0.01,2,3.0,2026-08-21
406,0.07786534763264719,3.0,-5.922134652367353,0.0,-144.75733191297059,-2404.386668861145,,,0,0,obi_only,long,60000,0.01,3,3.0,2026-08-22
404,0.08501116307089163,5.0,-9.914988836929108,0.0,-206.54923356040396,-4005.6554901193595,,,0,1,obi_only,long,60000,0.01,0,5.0,2026-08-19
446,0.1412030924497909,5.0,-9.858796907550209,0.0,-207.20486928313267,-4397.023420767393,,,0,0,obi_only,long,60000,0.01,1,5.0,2026-08-20
459,0.06794726349969338,5.0,-9.932052736500307,0.0,-173.5395015587334,-4558.812206053641,,,0,0,obi_only,long,60000,0.01,2,5.0,2026-08-21
406,0.07786534763264719,5.0,-9.922134652367353,0.0,-242.53108439264736,-4028.386668861145,,,0,0,obi_only,long,60000,0.01,3,5.0,2026-08-22
8640,0.004982513640034325,1.0,-1.9950174863599657,0.0,-4947.333141059845,-17236.951082150103,,,0,1,obi_only,short,250,0.1,0,1.0,2026-08-19
8639,0.008913677323264979,1.0,-1.991086322676735,0.0,-4359.845517095451,-17200.994741604314,,,0,0,obi_only,short,250,0.1,1,1.0,2026-08-20
8640,0.010862890055054919,1.0,-1.989137109944945,0.0,-3111.9991142488916,-17186.144629924325,,,0,0,obi_only,short,250,0.1,2,1.0,2026-08-21
8640,0.008209084992348625,1.0,-1.9917909150076514,0.0,-4687.8422223430125,-17209.073505666107,,,0,0,obi_only,short,250,0.1,3,1.0,2026-08-22
8640,0.004982513640034547,2.0,-3.9950174863599655,0.0,-9907.02214116637,-34516.9510821501,,,0,1,obi_only,short,250,0.1,0,2.0,2026-08-19
8639,0.008913677323264757,2.0,-3.9910863226767352,0.0,-8739.209151349392,-34478.994741604314,,,0,0,obi_only,short,250,0.1,1,2.0,2026-08-20
8640,0.010862890055054919,2.0,-3.989137109944945,0.0,-6240.993187799733,-34466.144629924325,,,0,0,obi_only,short,250,0.1,2,2.0,2026-08-21
8640,0.008209084992348625,2.0,-3.9917909150076514,0.0,-9395.005195144306,-34489.07350566611,,,0,0,obi_only,short,250,0.1,3,2.0,2026-08-22
8640,0.004982513640034547,3.0,-5.9950174863599655,0.0,-14866.711141272895,-51796.9510821501,,,0,1,obi_only,short,250,0.1,0,3.0,2026-08-19
8639,0.008913677323264757,3.0,-5.991086322676735,0.0,-13118.572785603334,-51756.994741604314,,,0,0,obi_only,short,250,0.1,1,3.0,2026-08-20
8640,0.010862890055054919,3.0,-5.989137109944945,0.0,-9369.987261350576,-51746.144629924325,,,0,0,obi_only,short,250,0.1,2,3.0,2026-08-21
8640,0.00820908499234907,3.0,-5.991790915007651,0.0,-14102.168167945598,-51769.07350566611,,,0,0,obi_only,short,250,0.1,3,3.0,2026-08-22
8640,0.004982513640033659,5.0,-9.995017486359966,0.0,-24786.08914148595,-86356.9510821501,,,0,1,obi_only,short,250,0.1,0,5.0,2026-08-19
8639,0.008913677323265645,5.0,-9.991086322676734,0.0,-21877.300054111216,-86312.99474160431,,,0,0,obi_only,short,250,0.1,1,5.0,2026-08-20
8640,0.010862890055054919,5.0,-9.989137109944945,0.0,-15627.975408452257,-86306.14462992433,,,0,0,obi_only,short,250,0.1,2,5.0,2026-08-21
8640,0.008209084992348181,5.0,-9.991790915007652,0.0,-23516.49411354819,-86329.0735056661,,,0,0,obi_only,short,250,0.1,3,5.0,2026-08-22
4320,0.007081328657982944,1.0,-1.992918671342017,0.0,-3140.4145589388518,-8609.408660197514,,,0,1,obi_only,short,250,0.05,0,1.0,2026-08-19
4320,0.010735385568895417,1.0,-1.9892646144311046,0.0,-2821.8932888036516,-8593.623134342371,,,0,0,obi_only,short,250,0.05,1,1.0,2026-08-20
4320,0.011902602444725074,1.0,-1.988097397555275,0.0,-2082.2520919808894,-8588.580757438787,,,0,0,obi_only,short,250,0.05,2,1.0,2026-08-21
4320,0.010078493522100773,1.0,-1.9899215064778992,0.0,-2851.8399873487992,-8596.460907984525,,,0,0,obi_only,short,250,0.05,3,1.0,2026-08-22
4320,0.007081328657982944,2.0,-3.992918671342017,0.0,-6291.987780764425,-17249.408660197514,,,0,1,obi_only,short,250,0.05,0,2.0,2026-08-19
4320,0.010735385568895417,2.0,-3.9892646144311046,0.0,-5659.015377370702,-17233.62313434237,,,0,0,obi_only,short,250,0.05,1,2.0,2026-08-20
4320,0.011902602444725296,2.0,-3.9880973975552747,0.0,-4176.970484089238,-17228.580757438787,,,0,0,obi_only,short,250,0.05,2,2.0,2026-08-21
4320,0.010078493522100551,2.0,-3.9899215064778994,0.0,-5718.123886552914,-17236.460907984525,,,0,0,obi_only,short,250,0.05,3,2.0,2026-08-22
4320,0.007081328657982944,3.0,-5.992918671342017,0.0,-9443.56100259,-25889.408660197514,,,0,1,obi_only,short,250,0.05,0,3.0,2026-08-19
4320,0.010735385568895417,3.0,-5.989264614431105,0.0,-8496.13746593775,-25873.62313434237,,,0,0,obi_only,short,250,0.05,1,3.0,2026-08-20
4320,0.011902602444725296,3.0,-5.988097397555275,0.0,-6271.688876197587,-25868.580757438787,,,0,0,obi_only,short,250,0.05,2,3.0,2026-08-21
4320,0.010078493522100551,3.0,-5.9899215064778994,0.0,-8584.407785757028,-25876.460907984525,,,0,0,obi_only,short,250,0.05,3,3.0,2026-08-22
4320,0.007081328657982056,5.0,-9.992918671342018,0.0,-15746.707446241151,-43169.408660197514,,,0,1,obi_only,short,250,0.05,0,5.0,2026-08-19
4320,0.010735385568896305,5.0,-9.989264614431104,0.0,-14170.38164307185,-43153.62313434237,,,0,0,obi_only,short,250,0.05,1,5.0,2026-08-20
4320,0.011902602444724408,5.0,-9.988097397555276,0.0,-10461.125660414285,-43148.58075743879,,,0,0,obi_only,short,250,0.05,2,5.0,2026-08-21
4320,0.01007849352210144,5.0,-9.989921506477899,0.0,-14316.975584165255,-43156.460907984525,,,0,0,obi_only,short,250,0.05,3,5.0,2026-08-22
1728,0.009152082402848816,1.0,-1.9908479175971512,0.0,-1571.7860336094795,-3440.1852016078774,,,0,1,obi_only,short,250,0.02,0,1.0,2026-08-19
1728,0.011979454221983765,1.0,-1.9880205457780162,0.0,-1550.5483008154529,-3435.299503104412,,,0,0,obi_only,short,250,0.02,1,1.0,2026-08-20
1728,0.011899645622651,1.0,-1.988100354377349,0.0,-1144.7921326193432,-3435.437412364059,,,0,0,obi_only,short,250,0.02,2,1.0,2026-08-21
1728,0.011106807587027534,1.0,-1.9888931924129725,0.0,-1909.8134054639113,-3436.8074364896165,,,0,0,obi_only,short,250,0.02,3,1.0,2026-08-22
1728,0.009152082402848816,2.0,-3.990847917597151,0.0,-3150.797689614367,-6896.185201607877,,,0,1,obi_only,short,250,0.02,0,2.0,2026-08-19
1728,0.011979454221983765,2.0,-3.9880205457780162,0.0,-3110.4399267932336,-6891.299503104412,,,0,0,obi_only,short,250,0.02,1,2.0,2026-08-20
1728,0.011899645622651,2.0,-3.988100354377349,0.0,-2296.436344239515,-6891.437412364059,,,0,0,obi_only,short,250,0.02,2,2.0,2026-08-21
1728,0.011106807587027312,2.0,-3.9888931924129727,0.0,-3830.292004062643,-6892.8074364896165,,,0,0,obi_only,short,250,0.02,3,2.0,2026-08-22
1728,0.009152082402848372,3.0,-5.990847917597152,0.0,-4729.809345619255,-10352.185201607877,,,0,1,obi_only,short,250,0.02,0,3.0,2026-08-19
1728,0.011979454221983765,3.0,-5.988020545778016,0.0,-4670.331552771015,-10347.299503104412,,,0,0,obi_only,short,250,0.02,1,3.0,2026-08-20
1728,0.011899645622651,3.0,-5.988100354377349,0.0,-3448.080555859687,-10347.43741236406,,,0,0,obi_only,short,250,0.02,2,3.0,2026-08-21
1728,0.011106807587027312,3.0,-5.988893192412973,0.0,-5750.770602661374,-10348.807436489617,,,0,0,obi_only,short,250,0.02,3,3.0,2026-08-22
1728,0.00915208240284926,5.0,-9.99084791759715,0.0,-7887.832657629028,-17264.185201607877,,,0,1,obi_only,short,250,0.02,0,5.0,2026-08-19
1728,0.011979454221984653,5.0,-9.988020545778015,0.0,-7790.114804726577,-17259.299503104412,,,0,0,obi_only,short,250,0.02,1,5.0,2026-08-20
1728,0.011899645622650112,5.0,-9.98810035437735,0.0,-5751.3689791000315,-17259.43741236406,,,0,0,obi_only,short,250,0.02,2,5.0,2026-08-21
1728,0.0111068075870282,5.0,-9.988893192412972,0.0,-9591.727799858838,-17260.807436489617,,,0,0,obi_only,short,250,0.02,3,5.0,2026-08-22
864,0.009827357734509379,1.0,-1.9901726422654906,0.0,-921.7974157469857,-1719.509162917384,,,0,1,obi_only,short,250,0.01,0,1.0,2026-08-19
864,0.014034318595804507,1.0,-1.9859656814041955,0.0,-980.0086485134763,-1715.874348733225,,,0,0,obi_only,short,250,0.01,1,1.0,2026-08-20
864,0.014916409295336885,1.0,-1.9850835907046631,0.0,-676.1990645258409,-1715.112222368829,,,0,0,obi_only,short,250,0.01,2,1.0,2026-08-21
864,0.012220974288976727,1.0,-1.9877790257110233,0.0,-1387.3904085945542,-1717.441078214324,,,0,0,obi_only,short,250,0.01,3,1.0,2026-08-22
864,0.009827357734509157,2.0,-3.990172642265491,0.0,-1848.146613972993,-3447.509162917384,,,0,1,obi_only,short,250,0.01,0,2.0,2026-08-19
864,0.014034318595804507,2.0,-3.9859656814041955,0.0,-1966.9427709808415,-3443.874348733225,,,0,0,obi_only,short,250,0.01,1,2.0,2026-08-20
864,0.014916409295336663,2.0,-3.9850835907046633,0.0,-1357.4792561431668,-3443.112222368829,,,0,0,obi_only,short,250,0.01,2,2.0,2026-08-21
864,0.012220974288976727,2.0,-3.9877790257110233,0.0,-2783.3105693863586,-3445.441078214324,,,0,0,obi_only,short,250,0.01,3,2.0,2026-08-22
864,0.009827357734509157,3.0,-5.990172642265491,0.0,-2774.4958121990003,-5175.509162917384,,,0,1,obi_only,short,250,0.01,0,3.0,2026-08-19
864,0.014034318595804507,3.0,-5.9859656814041955,0.0,-2953.876893448207,-5171.874348733225,,,0,0,obi_only,short,250,0.01,1,3.0,2026-08-20
864,0.014916409295336663,3.0,-5.985083590704663,0.0,-2038.7594477604923,-5171.112222368829,,,0,0,obi_only,short,250,0.01,2,3.0,2026-08-21
864,0.012220974288976727,3.0,-5.987779025711023,0.0,-4179.230730178164,-5173.441078214324,,,0,0,obi_only,short,250,0.01,3,3.0,2026-08-22
864,0.009827357734510045,5.0,-9.99017264226549,0.0,-4627.194208651014,-8631.509162917384,,,0,1,obi_only,short,250,0.01,0,5.0,2026-08-19
864,0.014034318595804507,5.0,-9.985965681404195,0.0,-4927.745138382937,-8627.874348733225,,,0,0,obi_only,short,250,0.01,1,5.0,2026-08-20
864,0.014916409295336663,5.0,-9.985083590704663,0.0,-3401.319830995144,-8627.112222368829,,,0,0,obi_only,short,250,0.01,2,5.0,2026-08-21
864,0.012220974288977615,5.0,-9.987779025711022,0.0,-6971.071051761771,-8629.441078214324,,,0,0,obi_only,short,250,0.01,3,5.0,2026-08-22
5890,0.019985684072551413,1.0,-1.9800143159274486,0.00016977928692699492,-1420.008448504662,-11662.284320812672,,,0,1,obi_only,short,1000,0.1,0,1.0,2026-08-19
6448,0.026587770332734184,1.0,-1.9734122296672658,0.0,-1644.4590306256403,-12724.56205689453,,,0,0,obi_only,short,1000,0.1,1,1.0,2026-08-20
6741,0.02749479980876801,1.0,-1.972505200191232,0.0,-1096.1636017519756,-13296.657554489095,,,0,0,obi_only,short,1000,0.1,2,1.0,2026-08-21
6156,0.025806702880547094,1.0,-1.974193297119453,0.0,-1755.2003158440707,-12153.133937067352,,,0,0,obi_only,short,1000,0.1,3,1.0,2026-08-22
5890,0.01998568407255119,2.0,-3.980014315927449,0.0,-2854.3500460193477,-23442.284320812672,,,0,1,obi_only,short,1000,0.1,0,2.0,2026-08-19
6448,0.026587770332734184,2.0,-3.973412229667266,0.0,-3311.0738472399166,-25620.56205689453,,,0,0,obi_only,short,1000,0.1,1,2.0,2026-08-20
6741,0.02749479980876801,2.0,-3.972505200191232,0.0,-2207.606655636654,-26778.657554489095,,,0,0,obi_only,short,1000,0.1,2,2.0,2026-08-21
6156,0.025806702880546872,2.0,-3.974193297119453,0.0,-3533.3446529817606,-24465.133937067352,,,0,0,obi_only,short,1000,0.1,3,2.0,2026-08-22
5890,0.019985684072551635,3.0,-5.980014315927448,0.0,-4288.691643534034,-35222.28432081267,,,0,1,obi_only,short,1000,0.1,0,3.0,2026-08-19
6448,0.02658777033273374,3.0,-5.973412229667266,0.0,-4977.688663854193,-38516.56205689453,,,0,0,obi_only,short,1000,0.1,1,3.0,2026-08-20
6741,0.027494799808768455,3.0,-5.9725052001912315,0.0,-3319.049709521332,-40260.657554489095,,,0,0,obi_only,short,1000,0.1,2,3.0,2026-08-21
6156,0.025806702880546872,3.0,-5.974193297119453,0.0,-5311.488990119451,-36777.13393706735,,,0,0,obi_only,short,1000,0.1,3,3.0,2026-08-22
5890,0.019985684072551635,5.0,-9.980014315927448,0.0,-7157.374838563404,-58782.28432081267,,,0,1,obi_only,short,1000,0.1,0,5.0,2026-08-19
6448,0.02658777033273374,5.0,-9.973412229667266,0.0,-8310.918297082746,-64308.56205689453,,,0,0,obi_only,short,1000,0.1,1,5.0,2026-08-20
6741,0.027494799808767567,5.0,-9.972505200191232,0.0,-5541.93581729069,-67224.6575544891,,,0,0,obi_only,short,1000,0.1,2,5.0,2026-08-21
6156,0.02580670288054776,5.0,-9.974193297119452,0.0,-8867.777664394833,-61401.13393706735,,,0,0,obi_only,short,1000,0.1,3,5.0,2026-08-22
3252,0.02345794772950227,1.0,-1.9765420522704977,0.0003075030750307503,-941.5477690881961,-6427.714753983659,,,0,1,obi_only,short,1000,0.05,0,1.0,2026-08-19
3522,0.029380884448343636,1.0,-1.9706191155516564,0.0,-1214.5592708850015,-6940.520524972933,,,0,0,obi_only,short,1000,0.05,1,1.0,2026-08-20
3661,0.027951204283539477,1.0,-1.9720487957164605,0.0,-764.0856998413896,-7219.670641117962,,,0,0,obi_only,short,1000,0.05,2,1.0,2026-08-21
3327,0.03148253889310593,1.0,-1.968517461106894,0.0,-1168.4231744219246,-6549.257593102637,,,0,0,obi_only,short,1000,0.05,3,1.0,2026-08-22
3252,0.02345794772950205,2.0,-3.976542052270498,0.0,-1894.2699922320135,-12931.714753983659,,,0,1,obi_only,short,1000,0.05,0,2.0,2026-08-19
3522,0.029380884448343636,2.0,-3.9706191155516564,0.0,-2447.226975465749,-13984.520524972933,,,0,0,obi_only,short,1000,0.05,1,2.0,2026-08-20
3661,0.027951204283539255,2.0,-3.9720487957164607,0.0,-1539.0013119713537,-14541.670641117962,,,0,0,obi_only,short,1000,0.05,2,2.0,2026-08-21
3327,0.031482538893105705,2.0,-3.9685174611068943,0.0,-2355.5329639027073,-13203.257593102637,,,0,0,obi_only,short,1000,0.05,3,2.0,2026-08-22
3252,0.023457947729502493,3.0,-5.9765420522704975,0.0,-2846.992215375831,-19435.71475398366,,,0,1,obi_only,short,1000,0.05,0,3.0,2026-08-19
3522,0.029380884448343636,3.0,-5.970619115551656,0.0,-3679.894680046497,-21028.520524972933,,,0,0,obi_only,short,1000,0.05,1,3.0,2026-08-20
3661,0.027951204283539255,3.0,-5.972048795716461,0.0,-2313.9169241013174,-21863.670641117962,,,0,0,obi_only,short,1000,0.05,2,3.0,2026-08-21
3327,0.031482538893105705,3.0,-5.968517461106894,0.0,-3542.6427533834894,-19857.257593102637,,,0,0,obi_only,short,1000,0.05,3,3.0,2026-08-22
3252,0.023457947729502493,5.0,-9.976542052270498,0.0,-4752.436661663465,-32443.71475398366,,,0,1,obi_only,short,1000,0.05,0,5.0,2026-08-19
3522,0.029380884448343636,5.0,-9.970619115551656,0.0,-6145.230089207991,-35116.52052497293,,,0,0,obi_only,short,1000,0.05,1,5.0,2026-08-20
3661,0.027951204283539255,5.0,-9.97204879571646,0.0,-3863.7481483612455,-36507.67064111796,,,0,0,obi_only,short,1000,0.05,2,5.0,2026-08-21
3327,0.03148253889310659,5.0,-9.968517461106893,0.0,-5916.862332345055,-33165.25759310264,,,0,0,obi_only,short,1000,0.05,3,5.0,2026-08-22
1453,0.023412709875998194,1.0,-1.9765872901240018,0.0,-528.4200110162643,-2871.9813325501746,,,0,1,obi_only,short,1000,0.02,0,1.0,2026-08-19
1534,0.031208747876683596,1.0,-1.9687912521233164,0.0,-793.5882745860994,-3020.1257807571674,,,0,0,obi_only,short,1000,0.02,1,1.0,2026-08-20
1561,0.02232826326239601,1.0,-1.977671736737604,0.0,-468.5720356086851,-3087.1455810474,,,0,0,obi_only,short,1000,0.02,2,1.0,2026-08-21
1465,0.03536236867159226,1.0,-1.9646376313284077,0.0,-662.8980706156171,-2878.1941298961174,,,0,0,obi_only,short,1000,0.02,3,1.0,2026-08-22
1453,0.023412709875998416,2.0,-3.9765872901240016,0.0,-1063.0991659987026,-5777.981332550175,,,0,1,obi_only,short,1000,0.02,0,2.0,2026-08-19
1534,0.031208747876683596,2.0,-3.9687912521233164,0.0,-1599.7562964423776,-6088.125780757167,,,0,0,obi_only,short,1000,0.02,1,2.0,2026-08-20
1561,0.022328263262395787,2.0,-3.977671736737604,0.0,-942.4343322723855,-6209.1455810474,,,0,0,obi_only,short,1000,0.02,2,2.0,2026-08-21
1465,0.03536236867159204,2.0,-3.964637631328408,0.0,-1337.7279324129731,-5808.194129896117,,,0,0,obi_only,short,1000,0.02,3,2.0,2026-08-22
1453,0.023412709875998416,3.0,-5.976587290124002,0.0,-1597.778320981141,-8683.981332550175,,,0,1,obi_only,short,1000,0.02,0,3.0,2026-08-19
1534,0.031208747876683596,3.0,-5.968791252123316,0.0,-2405.9243182986556,-9156.125780757167,,,0,0,obi_only,short,1000,0.02,1,3.0,2026-08-20
1561,0.022328263262395787,3.0,-5.977671736737604,0.0,-1416.2966289360859,-9331.1455810474,,,0,0,obi_only,short,1000,0.02,2,3.0,2026-08-21
1465,0.03536236867159204,3.0,-5.964637631328408,0.0,-2012.557794210329,-8738.194129896117,,,0,0,obi_only,short,1000,0.02,3,3.0,2026-08-22
1453,0.023412709875998416,5.0,-9.976587290124002,0.0,-2667.1366309460172,-14495.981332550175,,,0,1,obi_only,short,1000,0.02,0,5.0,2026-08-19
1534,0.031208747876682708,5.0,-9.968791252123317,0.0,-4018.260362011212,-15292.125780757167,,,0,0,obi_only,short,1000,0.02,1,5.0,2026-08-20
1561,0.022328263262396675,5.0,-9.977671736737603,0.0,-2364.021222263487,-15575.1455810474,,,0,0,obi_only,short,1000,0.02,2,5.0,2026-08-21
1465,0.03536236867159204,5.0,-9.964637631328408,0.0,-3362.217517805041,-14598.194129896117,,,0,0,obi_only,short,1000,0.02,3,5.0,2026-08-22
763,0.023981080350385486,1.0,-1.9760189196496145,0.0,-319.43561206969866,-1507.7024356926559,,,0,1,obi_only,short,1000,0.01,0,1.0,2026-08-19
814,0.03264120605566001,1.0,-1.96735879394434,0.0,-564.7843331104599,-1601.4300582706928,,,0,0,obi_only,short,1000,0.01,1,1.0,2026-08-20
810,0.023944268497080756,1.0,-1.9760557315029192,0.0,-305.65004437142073,-1600.6051425173646,,,0,0,obi_only,short,1000,0.01,2,1.0,2026-08-21
779,0.035684876022435974,1.0,-1.964315123977564,0.0,-475.0457162038896,-1530.2014815785224,,,0,0,obi_only,short,1000,0.01,3,1.0,2026-08-22
763,0.023981080350385486,2.0,-3.9760189196496145,0.0,-642.7479132761473,-3033.702435692656,,,0,1,obi_only,short,1000,0.01,0,2.0,2026-08-19
814,0.03264120605566001,2.0,-3.96735879394434,0.0,-1138.9392202097558,-3229.430058270693,,,0,0,obi_only,short,1000,0.01,1,2.0,2026-08-20
810,0.023944268497080756,2.0,-3.9760557315029192,0.0,-615.0037123865975,-3220.6051425173646,,,0,0,obi_only,short,1000,0.01,2,2.0,2026-08-21
779,0.035684876022436196,2.0,-3.964315123977564,0.0,-958.7213855557237,-3088.2014815785224,,,0,0,obi_only,short,1000,0.01,3,2.0,2026-08-22
763,0.02398108035038593,3.0,-5.976018919649614,0.0,-966.0602144825957,-4559.702435692656,,,0,1,obi_only,short,1000,0.01,0,3.0,2026-08-19
814,0.032641206055659566,3.0,-5.96735879394434,0.0,-1713.094107309052,-4857.430058270693,,,0,0,obi_only,short,1000,0.01,1,3.0,2026-08-20
810,0.023944268497080756,3.0,-5.976055731502919,0.0,-924.3573804017743,-4840.605142517365,,,0,0,obi_only,short,1000,0.01,2,3.0,2026-08-21
779,0.03568487602243575,3.0,-5.964315123977564,0.0,-1442.3970549075577,-4646.201481578522,,,0,0,obi_only,short,1000,0.01,3,3.0,2026-08-22
763,0.023981080350385042,5.0,-9.976018919649615,0.0,-1612.6848168954932,-7611.702435692656,,,0,1,obi_only,short,1000,0.01,0,5.0,2026-08-19
814,0.032641206055659566,5.0,-9.96735879394434,0.0,-2861.403881507644,-8113.430058270693,,,0,0,obi_only,short,1000,0.01,1,5.0,2026-08-20
810,0.023944268497080756,5.0,-9.97605573150292,0.0,-1543.0647164321279,-8080.605142517365,,,0,0,obi_only,short,1000,0.01,2,5.0,2026-08-21
779,0.03568487602243664,5.0,-9.964315123977563,0.0,-2409.7483936112253,-7762.201481578522,,,0,0,obi_only,short,1000,0.01,3,5.0,2026-08-22
3480,0.04211645971922784,1.0,-1.9578835402807722,0.0022988505747126436,-331.69927220460846,-6813.434720177087,,,0,1,obi_only,short,5000,0.1,0,1.0,2026-08-19
4262,0.040347664914705206,1.0,-1.9596523350852948,0.0,-551.3919813700979,-8352.038252133527,,,0,0,obi_only,short,5000,0.1,1,1.0,2026-08-20
4670,0.025228809562937604,1.0,-1.9747711904370624,0.0014989293361884369,-390.2038418211733,-9222.181459341082,,,0,0,obi_only,short,5000,0.1,2,1.0,2026-08-21
3963,0.04729731948190241,1.0,-1.9527026805180976,0.0005046681806712087,-591.433253439638,-7738.56072289322,,,0,0,obi_only,short,5000,0.1,3,1.0,2026-08-22
3480,0.04211645971922806,2.0,-3.957883540280772,0.0005747126436781609,-670.5337997751715,-13773.434720177087,,,0,1,obi_only,short,5000,0.1,0,2.0,2026-08-19
4262,0.040347664914705206,2.0,-3.959652335085295,0.0,-1114.1366800067551,-16876.038252133527,,,0,0,obi_only,short,5000,0.1,1,2.0,2026-08-20
4670,0.025228809562937382,2.0,-3.9747711904370626,0.0,-785.3927565782418,-18562.18145934108,,,0,0,obi_only,short,5000,0.1,2,2.0,2026-08-21
3963,0.04729731948190263,2.0,-3.9527026805180974,0.0,-1197.1918866819676,-15664.56072289322,,,0,0,obi_only,short,5000,0.1,3,2.0,2026-08-22
3480,0.04211645971922806,3.0,-5.957883540280772,0.0005747126436781609,-1009.3683273457345,-20733.434720177087,,,0,1,obi_only,short,5000,0.1,0,3.0,2026-08-19
4262,0.040347664914705206,3.0,-5.959652335085295,0.0,-1676.8813786434123,-25400.038252133527,,,0,0,obi_only,short,5000,0.1,1,3.0,2026-08-20
4670,0.025228809562937826,3.0,-5.974771190437062,0.0,-1180.58167133531,-27902.18145934108,,,0,0,obi_only,short,5000,0.1,2,3.0,2026-08-21
3963,0.04729731948190263,3.0,-5.952702680518097,0.0,-1802.9505199242972,-23590.56072289322,,,0,0,obi_only,short,5000,0.1,3,3.0,2026-08-22
3480,0.04211645971922806,5.0,-9.957883540280772,0.0,-1687.0373824868607,-34653.43472017709,,,0,1,obi_only,short,5000,0.1,0,5.0,2026-08-19
4262,0.040347664914705206,5.0,-9.959652335085295,0.0,-2802.370775916727,-42448.03825213353,,,0,0,obi_only,short,5000,0.1,1,5.0,2026-08-20
4670,0.025228809562937826,5.0,-9.974771190437062,0.0,-1970.9595008494464,-46582.18145934108,,,0,0,obi_only,short,5000,0.1,2,5.0,2026-08-21
3963,0.04729731948190263,5.0,-9.952702680518097,0.0,-3014.4677864089563,-39442.56072289322,,,0,0,obi_only,short,5000,0.1,3,5.0,2026-08-22
2230,0.042387233322722206,1.0,-1.9576127666772778,0.003139013452914798,-267.8242566728681,-4365.476469690329,,,0,1,obi_only,short,5000,0.05,0,1.0,2026-08-19
2680,0.041448565758460676,1.0,-1.9585514342415393,0.0,-415.00573367573713,-5248.917843767325,,,0,0,obi_only,short,5000,0.05,1,1.0,2026-08-20
2822,0.02968875583146402,1.0,-1.970311244168536,0.001417434443656981,-294.57231317897316,-5560.2183310436085,,,0,0,obi_only,short,5000,0.05,2,1.0,2026-08-21
2441,0.05394135376938114,1.0,-1.9460586462306189,0.0008193363375665711,-430.57353288447945,-4750.329155448941,,,0,0,obi_only,short,5000,0.05,3,1.0,2026-08-22
2230,0.042387233322722206,2.0,-3.957612766677278,0.0004484304932735426,-541.4475811952711,-8825.47646969033,,,0,1,obi_only,short,5000,0.05,0,2.0,2026-08-19
2680,0.041448565758460454,2.0,-3.9585514342415395,0.0,-838.7941789727591,-10608.917843767325,,,0,0,obi_only,short,5000,0.05,1,2.0,2026-08-20
2822,0.029688755831464242,2.0,-3.9703112441685358,0.0,-593.5832578211549,-11204.218331043608,,,0,0,obi_only,short,5000,0.05,2,2.0,2026-08-21
2441,0.05394135376938136,2.0,-3.9460586462306186,0.0,-873.0818136276836,-9632.32915544894,,,0,0,obi_only,short,5000,0.05,3,2.0,2026-08-22
2230,0.04238723332272265,3.0,-5.957612766677277,0.0004484304932735426,-815.0709057176742,-13285.47646969033,,,0,1,obi_only,short,5000,0.05,0,3.0,2026-08-19
2680,0.041448565758460454,3.0,-5.9585514342415395,0.0,-1262.582624269781,-15968.917843767325,,,0,0,obi_only,short,5000,0.05,1,3.0,2026-08-20
2822,0.029688755831464242,3.0,-5.970311244168536,0.0,-892.5942024633366,-16848.21833104361,,,0,0,obi_only,short,5000,0.05,2,3.0,2026-08-21
2441,0.05394135376938092,3.0,-5.946058646230619,0.0,-1315.590094370888,-14514.32915544894,,,0,0,obi_only,short,5000,0.05,3,3.0,2026-08-22
2230,0.04238723332272265,5.0,-9.957612766677277,0.0,-1362.3175547624805,-22205.47646969033,,,0,1,obi_only,short,5000,0.05,0,5.0,2026-08-19
2680,0.04144856575846134,5.0,-9.958551434241539,0.0,-2110.159514863825,-26688.917843767325,,,0,0,obi_only,short,5000,0.05,1,5.0,2026-08-20
2822,0.029688755831463354,5.0,-9.970311244168537,0.0,-1490.6160917477,-28136.21833104361,,,0,0,obi_only,short,5000,0.05,2,5.0,2026-08-21
2441,0.053941353769381806,5.0,-9.946058646230618,0.0,-2200.606655857296,-24278.32915544894,,,0,0,obi_only,short,5000,0.05,3,5.0,2026-08-22
1182,0.0335195281617886,1.0,-1.9664804718382114,0.004230118443316413,-183.77266066903204,-2324.3799177127657,,,0,1,obi_only,short,5000,0.02,0,1.0,2026-08-19
1329,0.04108286794039229,1.0,-1.9589171320596077,0.0,-280.7556114633182,-2603.4008685072185,,,0,0,obi_only,short,5000,0.02,1,1.0,2026-08-20
1338,0.016885185576815287,1.0,-1.9831148144231847,0.0,-205.47752807346998,-2653.407621698221,,,0,0,obi_only,short,5000,0.02,2,1.0,2026-08-21
1217,0.058041825516041534,1.0,-1.9419581744839585,0.0008216926869350862,-297.1925223151568,-2363.3630983469775,,,0,0,obi_only,short,5000,0.02,3,1.0,2026-08-22
1182,0.0335195281617886,2.0,-3.9664804718382114,0.0,-370.6778075045319,-4688.379917712766,,,0,1,obi_only,short,5000,0.02,0,2.0,2026-08-19
1329,0.04108286794039229,2.0,-3.9589171320596077,0.0,-567.3992952296973,-5261.400868507219,,,0,0,obi_only,short,5000,0.02,1,2.0,2026-08-20
1338,0.016885185576815065,2.0,-3.983114814423185,0.0,-412.70458984420856,-5329.407621698221,,,0,0,obi_only,short,5000,0.02,2,2.0,2026-08-21
1217,0.058041825516041534,2.0,-3.9419581744839585,0.0,-603.2676234373841,-4797.3630983469775,,,0,0,obi_only,short,5000,0.02,3,2.0,2026-08-22
1182,0.03351952816178905,3.0,-5.966480471838211,0.0,-557.5829543400317,-7052.379917712766,,,0,1,obi_only,short,5000,0.02,0,3.0,2026-08-19
1329,0.04108286794039273,3.0,-5.958917132059607,0.0,-854.0429789960763,-7919.400868507219,,,0,0,obi_only,short,5000,0.02,1,3.0,2026-08-20
1338,0.01688518557681551,3.0,-5.9831148144231845,0.0,-619.931651614947,-8005.407621698221,,,0,0,obi_only,short,5000,0.02,2,3.0,2026-08-21
1217,0.058041825516041534,3.0,-5.9419581744839585,0.0,-909.3427245596115,-7231.3630983469775,,,0,0,obi_only,short,5000,0.02,3,3.0,2026-08-22
1182,0.03351952816178816,5.0,-9.966480471838212,0.0,-931.3932480110317,-11780.379917712766,,,0,1,obi_only,short,5000,0.02,0,5.0,2026-08-19
1329,0.04108286794039273,5.0,-9.958917132059607,0.0,-1427.3303465288343,-13235.400868507219,,,0,0,obi_only,short,5000,0.02,1,5.0,2026-08-20
1338,0.01688518557681462,5.0,-9.983114814423185,0.0,-1034.3857751564242,-13357.407621698221,,,0,0,obi_only,short,5000,0.02,2,5.0,2026-08-21
1217,0.058041825516040646,5.0,-9.94195817448396,0.0,-1521.4929268040664,-12099.363098346977,,,0,0,obi_only,short,5000,0.02,3,5.0,2026-08-22
670,0.030560884211358275,1.0,-1.9694391157886417,0.005970149253731343,-116.61614939425378,-1319.52420757839,,,0,1,obi_only,short,5000,0.01,0,1.0,2026-08-19
740,0.040818064945365995,1.0,-1.959181935054634,0.0,-199.13012975243376,-1449.794631940429,,,0,0,obi_only,short,5000,0.01,1,1.0,2026-08-20
736,0.002931678969458673,1.0,-1.9970683210305413,0.0,-135.67487625465066,-1469.8422842784785,,,0,0,obi_only,short,5000,0.01,2,1.0,2026-08-21
698,0.06386951332942536,1.0,-1.9361304866705746,0.0014326647564469914,-209.14591786782796,-1351.419079696061,,,0,0,obi_only,short,5000,0.01,3,1.0,2026-08-22
670,0.030560884211358275,2.0,-3.9694391157886417,0.0,-235.04189656192494,-2659.52420757839,,,0,1,obi_only,short,5000,0.01,0,2.0,2026-08-19
740,0.04081806494536622,2.0,-3.959181935054634,0.0,-402.40898424726225,-2929.794631940429,,,0,0,obi_only,short,5000,0.01,1,2.0,2026-08-20
736,0.002931678969458673,2.0,-3.9970683210305413,0.0,-271.5489220505789,-2941.8422842784785,,,0,0,obi_only,short,5000,0.01,2,2.0,2026-08-21
698,0.06386951332942559,2.0,-3.9361304866705744,0.0,-425.19118889445303,-2747.419079696061,,,0,0,obi_only,short,5000,0.01,3,2.0,2026-08-22
670,0.03056088421135872,3.0,-5.969439115788641,0.0,-353.4676437295961,-3999.52420757839,,,0,1,obi_only,short,5000,0.01,0,3.0,2026-08-19
740,0.04081806494536622,3.0,-5.959181935054634,0.0,-605.6878387420908,-4409.794631940429,,,0,0,obi_only,short,5000,0.01,1,3.0,2026-08-20
736,0.002931678969458673,3.0,-5.997068321030541,0.0,-407.4229678465071,-4413.8422842784785,,,0,0,obi_only,short,5000,0.01,2,3.0,2026-08-21
698,0.06386951332942559,3.0,-5.936130486670574,0.0,-641.2364599210782,-4143.419079696061,,,0,0,obi_only,short,5000,0.01,3,3.0,2026-08-22
670,0.03056088421135783,5.0,-9.969439115788642,0.0,-590.3191380649386,-6679.52420757839,,,0,1,obi_only,short,5000,0.01,0,5.0,2026-08-19
740,0.04081806494536622,5.0,-9.959181935054634,0.0,-1012.2455477317477,-7369.794631940429,,,0,0,obi_only,short,5000,0.01,1,5.0,2026-08-20
736,0.002931678969458673,5.0,-9.997068321030541,0.0,-679.1710594383636,-7357.8422842784785,,,0,0,obi_only,short,5000,0.01,2,5.0,2026-08-21
698,0.06386951332942559,5.0,-9.936130486670574,0.0,-1073.3270019743284,-6935.419079696061,,,0,0,obi_only,short,5000,0.01,3,5.0,2026-08-22
2609,0.0319245001680446,1.0,-1.9680754998319554,0.0015331544653123803,-217.84321022111857,-5134.708979061572,,,0,1,obi_only,short,10000,0.1,0,1.0,2026-08-19
3261,0.03687749227897452,1.0,-1.9631225077210255,0.00030665440049064706,-342.31662454380836,-6401.742497678264,,,0,0,obi_only,short,10000,0.1,1,1.0,2026-08-20
3563,0.026315238844236477,1.0,-1.9736847611557635,0.004209935447656469,-233.1271849298842,-7032.238803997985,,,0,0,obi_only,short,10000,0.1,2,1.0,2026-08-21
3050,0.051633858862180304,1.0,-1.9483661411378197,0.0009836065573770492,-346.89546222415544,-5942.51673047035,,,0,0,obi_only,short,10000,0.1,3,1.0,2026-08-22
2609,0.03192450016804438,2.0,-3.9680754998319556,0.0,-439.22009361783705,-10352.708979061572,,,0,1,obi_only,short,10000,0.1,0,2.0,2026-08-19
3261,0.03687749227897452,2.0,-3.9631225077210255,0.0,-691.063708026847,-12923.742497678264,,,0,0,obi_only,short,10000,0.1,1,2.0,2026-08-20
3563,0.0263152388442367,2.0,-3.9736847611557633,0.000561324726354196,-469.36266641920577,-14158.238803997985,,,0,0,obi_only,short,10000,0.1,2,2.0,2026-08-21
3050,0.051633858862180304,2.0,-3.9483661411378197,0.0003278688524590164,-702.9840380824622,-12042.51673047035,,,0,0,obi_only,short,10000,0.1,3,2.0,2026-08-22
2609,0.03192450016804482,3.0,-5.968075499831955,0.0,-660.5969770145554,-15570.708979061572,,,0,1,obi_only,short,10000,0.1,0,3.0,2026-08-19
3261,0.03687749227897452,3.0,-5.9631225077210255,0.0,-1039.8107915098856,-19445.742497678264,,,0,0,obi_only,short,10000,0.1,1,3.0,2026-08-20
3563,0.026315238844236255,3.0,-5.973684761155764,0.0,-705.5981479085274,-21284.238803997985,,,0,0,obi_only,short,10000,0.1,2,3.0,2026-08-21
3050,0.051633858862180304,3.0,-5.94836614113782,0.0003278688524590164,-1059.0726139407689,-18142.51673047035,,,0,0,obi_only,short,10000,0.1,3,3.0,2026-08-22
2609,0.031924500168043934,5.0,-9.968075499831956,0.0,-1103.3507438079923,-26006.708979061572,,,0,1,obi_only,short,10000,0.1,0,5.0,2026-08-19
3261,0.03687749227897541,5.0,-9.963122507721025,0.0,-1737.3049584759628,-32489.742497678264,,,0,0,obi_only,short,10000,0.1,1,5.0,2026-08-20
3563,0.026315238844237143,5.0,-9.973684761155763,0.0,-1178.0691108871704,-35536.238803997985,,,0,0,obi_only,short,10000,0.1,2,5.0,2026-08-21
3050,0.051633858862180304,5.0,-9.94836614113782,0.0,-1771.2497656573826,-30342.51673047035,,,0,0,obi_only,short,10000,0.1,3,5.0,2026-08-22
1782,0.026850277403728695,1.0,-1.9731497225962713,0.003928170594837262,-146.06125843833348,-3516.1528056665557,,,0,1,obi_only,short,10000,0.05,0,1.0,2026-08-19
2207,0.04159127230375992,1.0,-1.95840872769624,0.0009062075215224287,-279.8990887932209,-4322.208062025602,,,0,0,obi_only,short,10000,0.05,1,1.0,2026-08-20
2332,0.029027988741415545,1.0,-1.9709720112585845,0.005574614065180103,-186.84849451626587,-4596.306730255019,,,0,0,obi_only,short,10000,0.05,2,1.0,2026-08-21
2008,0.06280459663543136,1.0,-1.9371954033645686,0.00199203187250996,-260.32041370909997,-3889.888369956054,,,0,0,obi_only,short,10000,0.05,3,1.0,2026-08-22
1782,0.026850277403728473,2.0,-3.9731497225962715,0.0005611672278338945,-294.110093015515,-7080.152805666556,,,0,1,obi_only,short,10000,0.05,0,2.0,2026-08-19
2207,0.04159127230375992,2.0,-3.95840872769624,0.0,-565.7424725923507,-8736.208062025602,,,0,0,obi_only,short,10000,0.05,1,2.0,2026-08-20
2332,0.029027988741415545,2.0,-3.9709720112585845,0.0004288164665523156,-376.4488474882514,-9260.306730255019,,,0,0,obi_only,short,10000,0.05,2,2.0,2026-08-21
2008,0.06280459663543159,2.0,-3.9371954033645684,0.00049800796812749,-529.0805122071338,-7905.888369956054,,,0,0,obi_only,short,10000,0.05,3,2.0,2026-08-22
1782,0.026850277403728917,3.0,-5.973149722596271,0.0005611672278338945,-442.1589275926965,-10644.152805666556,,,0,1,obi_only,short,10000,0.05,0,3.0,2026-08-19
2207,0.041591272303759474,3.0,-5.9584087276962405,0.0,-851.5858563914805,-13150.208062025602,,,0,0,obi_only,short,10000,0.05,1,3.0,2026-08-20
2332,0.02902798874141599,3.0,-5.970972011258584,0.0,-566.0492004602366,-13924.306730255019,,,0,0,obi_only,short,10000,0.05,2,3.0,2026-08-21
2008,0.06280459663543159,3.0,-5.937195403364568,0.00049800796812749,-797.8406107051675,-11921.888369956054,,,0,0,obi_only,short,10000,0.05,3,3.0,2026-08-22
1782,0.02685027740372803,5.0,-9.973149722596272,0.0,-738.2565967470597,-17772.152805666556,,,0,1,obi_only,short,10000,0.05,0,5.0,2026-08-19
2207,0.04159127230376036,5.0,-9.95840872769624,0.0,-1423.2726239897397,-21978.208062025602,,,0,0,obi_only,short,10000,0.05,1,5.0,2026-08-20
2332,0.0290279887414151,5.0,-9.970972011258585,0.0,-945.2499064042078,-23252.30673025502,,,0,0,obi_only,short,10000,0.05,2,5.0,2026-08-21
2008,0.0628045966354307,5.0,-9.93719540336457,0.0,-1335.3608077012354,-19953.888369956054,,,0,0,obi_only,short,10000,0.05,3,5.0,2026-08-22
1013,0.014811772223826791,1.0,-1.9851882277761732,0.0019743336623889436,-94.10026268215965,-2010.9956747372635,,,0,1,obi_only,short,10000,0.02,0,1.0,2026-08-19
1178,0.04163915841397081,1.0,-1.9583608415860292,0.0008488964346349745,-198.5601185421151,-2306.9490713883424,,,0,0,obi_only,short,10000,0.02,1,1.0,2026-08-20
1189,0.011779210771766024,1.0,-1.988220789228234,0.001682085786375105,-130.9634317568402,-2363.99451839237,,,0,0,obi_only,short,10000,0.02,2,1.0,2026-08-21
1071,0.06149845557836486,1.0,-1.9385015444216351,0.0028011204481792717,-201.25838664897591,-2076.1351540755713,,,0,0,obi_only,short,10000,0.02,3,1.0,2026-08-22
1013,0.01481177222382657,2.0,-3.9851882277761734,0.0,-188.9026208319172,-4036.9956747372635,,,0,1,obi_only,short,10000,0.02,0,2.0,2026-08-19
1178,0.04163915841397081,2.0,-3.958360841586029,0.0,-401.34207202654653,-4662.949071388342,,,0,0,obi_only,short,10000,0.02,1,2.0,2026-08-20
1189,0.011779210771766024,2.0,-3.988220789228234,0.0,-262.70275614814807,-4741.99451839237,,,0,0,obi_only,short,10000,0.02,2,2.0,2026-08-21
1071,0.06149845557836464,2.0,-3.9385015444216354,0.0,-408.90164308911733,-4218.135154075571,,,0,0,obi_only,short,10000,0.02,3,2.0,2026-08-22
1013,0.014811772223827013,3.0,-5.985188227776173,0.0,-283.7049789816748,-6062.9956747372635,,,0,1,obi_only,short,10000,0.02,0,3.0,2026-08-19
1178,0.04163915841397081,3.0,-5.958360841586029,0.0,-604.124025510978,-7018.949071388342,,,0,0,obi_only,short,10000,0.02,1,3.0,2026-08-20
1189,0.011779210771766024,3.0,-5.988220789228234,0.0,-394.44208053945584,-7119.99451839237,,,0,0,obi_only,short,10000,0.02,2,3.0,2026-08-21
1071,0.06149845557836464,3.0,-5.938501544421635,0.0,-616.5448995292588,-6360.135154075571,,,0,0,obi_only,short,10000,0.02,3,3.0,2026-08-22
1013,0.014811772223826125,5.0,-9.985188227776174,0.0,-473.30969528118993,-10114.995674737263,,,0,1,obi_only,short,10000,0.02,0,5.0,2026-08-19
1178,0.04163915841396992,5.0,-9.95836084158603,0.0,-1009.6879324798409,-11730.949071388342,,,0,0,obi_only,short,10000,0.02,1,5.0,2026-08-20
1189,0.011779210771766913,5.0,-9.988220789228233,0.0,-657.9207293220716,-11875.99451839237,,,0,0,obi_only,short,10000,0.02,2,5.0,2026-08-21
1071,0.06149845557836464,5.0,-9.938501544421635,0.0,-1031.8314124095416,-10644.135154075571,,,0,0,obi_only,short,10000,0.02,3,5.0,2026-08-22
608,-0.0033057292825295903,1.0,-2.0033057292825296,0.004934210526315789,-59.93482924744801,-1218.009883403778,,,0,1,obi_only,short,10000,0.01,0,1.0,2026-08-19
688,0.04421979676611287,1.0,-1.9557802032338871,0.0014534883720930232,-136.4350339023453,-1345.5767798249144,,,0,0,obi_only,short,10000,0.01,1,1.0,2026-08-20
681,-0.002717682255313214,1.0,-2.002717682255313,0.004405286343612335,-85.5384965703679,-1363.8507416158682,,,0,0,obi_only,short,10000,0.01,2,1.0,2026-08-21
631,0.07616985644134155,1.0,-1.9238301435586584,0.004754358161648178,-138.2351135671146,-1213.9368205855135,,,0,0,obi_only,short,10000,0.01,3,1.0,2026-08-22
608,-0.0033057292825295903,2.0,-4.00330572928253,0.0,-119.77075780430712,-2434.009883403778,,,0,1,obi_only,short,10000,0.01,0,2.0,2026-08-19
688,0.04421979676611265,2.0,-3.9557802032338873,0.0,-275.9548364617021,-2721.5767798249144,,,0,0,obi_only,short,10000,0.01,1,2.0,2026-08-20
681,-0.002717682255313214,2.0,-4.002717682255313,0.0,-170.96091764175998,-2725.850741615868,,,0,0,obi_only,short,10000,0.01,2,2.0,2026-08-21
631,0.07616985644134155,2.0,-3.9238301435586584,0.0,-281.94334480566914,-2475.9368205855135,,,0,0,obi_only,short,10000,0.01,3,2.0,2026-08-22
608,-0.0033057292825295903,3.0,-6.00330572928253,0.0,-179.60668636116625,-3650.009883403778,,,0,1,obi_only,short,10000,0.01,0,3.0,2026-08-19
688,0.04421979676611265,3.0,-5.955780203233887,0.0,-415.47463902105886,-4097.576779824914,,,0,0,obi_only,short,10000,0.01,1,3.0,2026-08-20
681,-0.002717682255313214,3.0,-6.002717682255313,0.0,-256.38333871315206,-4087.850741615868,,,0,0,obi_only,short,10000,0.01,2,3.0,2026-08-21
631,0.07616985644134111,3.0,-5.923830143558659,0.0,-425.65157604422376,-3737.9368205855135,,,0,0,obi_only,short,10000,0.01,3,3.0,2026-08-22
608,-0.0033057292825304785,5.0,-10.00330572928253,0.0,-299.27854347488454,-6082.009883403778,,,0,1,obi_only,short,10000,0.01,0,5.0,2026-08-19
688,0.04421979676611265,5.0,-9.955780203233887,0.0,-694.5142441397725,-6849.576779824914,,,0,0,obi_only,short,10000,0.01,1,5.0,2026-08-20
681,-0.002717682255312326,5.0,-10.002717682255312,0.0,-427.22818085593616,-6811.850741615868,,,0,0,obi_only,short,10000,0.01,2,5.0,2026-08-21
631,0.07616985644134111,5.0,-9.923830143558659,0.0,-713.0680385213328,-6261.9368205855135,,,0,0,obi_only,short,10000,0.01,3,5.0,2026-08-22
1457,0.012158478501232972,1.0,-1.987841521498767,0.0068634179821551134,-84.1275665035336,-2896.2850968237035,,,0,1,obi_only,short,30000,0.1,0,1.0,2026-08-19
1776,0.03313926917326171,1.0,-1.9668607308267383,0.005067567567567568,-143.85346800336137,-3493.144657948287,,,0,0,obi_only,short,30000,0.1,1,1.0,2026-08-20
1924,0.01823902536086064,1.0,-1.9817609746391394,0.010395010395010396,-109.96796047517019,-3812.9081152057042,,,0,0,obi_only,short,30000,0.1,2,1.0,2026-08-21
1697,0.052397879948603565,1.0,-1.9476021200513964,0.004714201532115498,-144.3190892302171,-3305.0807977272198,,,0,0,obi_only,short,30000,0.1,3,1.0,2026-08-22
1457,0.012158478501233194,2.0,-3.987841521498767,0.002059025394646534,-168.76969274315874,-5810.2850968237035,,,0,1,obi_only,short,30000,0.1,0,2.0,2026-08-19
1776,0.03313926917326171,2.0,-3.9668607308267383,0.0,-290.1306962267292,-7045.144657948287,,,0,0,obi_only,short,30000,0.1,1,2.0,2026-08-20
1924,0.018239025360860417,2.0,-3.9817609746391396,0.0005197505197505198,-220.94800487249654,-7660.908115205704,,,0,0,obi_only,short,30000,0.1,2,2.0,2026-08-21
1697,0.05239787994860334,2.0,-3.9476021200513967,0.0017678255745433118,-292.52090904175907,-6699.08079772722,,,0,0,obi_only,short,30000,0.1,3,2.0,2026-08-22
1457,0.01215847850123275,3.0,-5.987841521498767,0.0013726835964310226,-253.41181898278393,-8724.285096823703,,,0,1,obi_only,short,30000,0.1,0,3.0,2026-08-19
1776,0.03313926917326171,3.0,-5.966860730826738,0.0,-436.40792445009697,-10597.144657948287,,,0,0,obi_only,short,30000,0.1,1,3.0,2026-08-20
1924,0.018239025360860417,3.0,-5.98176097463914,0.0005197505197505198,-331.9280492698229,-11508.908115205704,,,0,0,obi_only,short,30000,0.1,2,3.0,2026-08-21
1697,0.05239787994860379,3.0,-5.947602120051396,0.0011785503830288745,-440.722728853301,-10093.08079772722,,,0,0,obi_only,short,30000,0.1,3,3.0,2026-08-22
1457,0.01215847850123275,5.0,-9.987841521498767,0.0006863417982155113,-422.69607146203424,-14552.285096823703,,,0,1,obi_only,short,30000,0.1,0,5.0,2026-08-19
1776,0.03313926917326171,5.0,-9.966860730826738,0.0,-728.9623808968325,-17701.144657948287,,,0,0,obi_only,short,30000,0.1,1,5.0,2026-08-20
1924,0.018239025360861305,5.0,-9.981760974639139,0.0,-553.8881380644756,-19204.908115205704,,,0,0,obi_only,short,30000,0.1,2,5.0,2026-08-21
1697,0.05239787994860379,5.0,-9.947602120051396,0.0,-737.1263684763849,-16881.08079772722,,,0,0,obi_only,short,30000,0.1,3,5.0,2026-08-22
1120,-0.004121915172644375,1.0,-2.0041219151726444,0.005357142857142857,-88.98489877228496,-2244.6165449933615,,,0,1,obi_only,short,30000,0.05,0,1.0,2026-08-19
1383,0.02574899195830138,1.0,-1.9742510080416986,0.004338394793926247,-129.19579407252007,-2730.3891441216692,,,0,0,obi_only,short,30000,0.05,1,1.0,2026-08-20
1465,0.011362285868808275,1.0,-1.9886377141311917,0.010921501706484642,-96.11330480703405,-2913.354251202196,,,0,0,obi_only,short,30000,0.05,2,1.0,2026-08-21
1285,0.058366603003941586,1.0,-1.9416333969960584,0.005447470817120622,-121.91406257417151,-2494.998915139935,,,0,0,obi_only,short,30000,0.05,3,1.0,2026-08-22
1120,-0.004121915172643931,2.0,-4.004121915172644,0.0008928571428571428,-177.78678063247048,-4484.6165449933615,,,0,1,obi_only,short,30000,0.05,0,2.0,2026-08-19
1383,0.02574899195830138,2.0,-3.9742510080416986,0.0,-260.07661271844506,-5496.389144121669,,,0,0,obi_only,short,30000,0.05,1,2.0,2026-08-20
1465,0.011362285868808275,2.0,-3.9886377141311917,0.0013651877133105802,-192.77576285462732,-5843.354251202196,,,0,0,obi_only,short,30000,0.05,2,2.0,2026-08-21
1285,0.05836660300394181,2.0,-3.941633396996058,0.0015564202334630351,-247.4929311317347,-5064.998915139935,,,0,0,obi_only,short,30000,0.05,3,2.0,2026-08-22
1120,-0.004121915172643931,3.0,-6.004121915172644,0.0,-266.58866249265606,-6724.6165449933615,,,0,1,obi_only,short,30000,0.05,0,3.0,2026-08-19
1383,0.02574899195830138,3.0,-5.974251008041699,0.0,-390.95743136437005,-8262.38914412167,,,0,0,obi_only,short,30000,0.05,1,3.0,2026-08-20
1465,0.011362285868807831,3.0,-5.988637714131192,0.0,-289.4382209022206,-8773.354251202196,,,0,0,obi_only,short,30000,0.05,2,3.0,2026-08-21
1285,0.058366603003941364,3.0,-5.941633396996059,0.0007782101167315176,-373.07179968929796,-7634.998915139935,,,0,0,obi_only,short,30000,0.05,3,3.0,2026-08-22
1120,-0.004121915172644819,5.0,-10.004121915172645,0.0,-444.19242621302715,-11204.616544993361,,,0,1,obi_only,short,30000,0.05,0,5.0,2026-08-19
1383,0.025748991958300493,5.0,-9.9742510080417,0.0,-652.7190686562202,-13794.38914412167,,,0,0,obi_only,short,30000,0.05,1,5.0,2026-08-20
1465,0.011362285868807831,5.0,-9.988637714131192,0.0,-482.7631369974072,-14633.354251202196,,,0,0,obi_only,short,30000,0.05,2,5.0,2026-08-21
1285,0.058366603003941364,5.0,-9.941633396996059,0.0,-624.2295368044245,-12774.998915139935,,,0,0,obi_only,short,30000,0.05,3,5.0,2026-08-22
731,-0.006638198236873727,1.0,-2.0066381982368737,0.006839945280437756,-63.697462616150844,-1466.8525229111547,,,0,1,obi_only,short,30000,0.02,0,1.0,2026-08-19
881,0.02962754793091449,1.0,-1.9703724520690855,0.0056753688989784334,-97.71058129410993,-1735.8981302728644,,,0,0,obi_only,short,30000,0.02,1,1.0,2026-08-20
877,-0.011019456550476647,1.0,-2.0110194565504766,0.011402508551881414,-71.22973642052958,-1763.6640633947682,,,0,0,obi_only,short,30000,0.02,2,1.0,2026-08-21
779,0.07683369972481868,1.0,-1.9231663002751813,0.007702182284980745,-85.4437686982333,-1498.1465479143662,,,0,0,obi_only,short,30000,0.02,3,1.0,2026-08-22
731,-0.006638198236873727,2.0,-4.006638198236874,0.0013679890560875513,-127.18420643685397,-2928.8525229111547,,,0,1,obi_only,short,30000,0.02,0,2.0,2026-08-19
881,0.02962754793091449,2.0,-3.9703724520690855,0.0,-196.89038985416585,-3497.8981302728644,,,0,0,obi_only,short,30000,0.02,1,2.0,2026-08-20
877,-0.011019456550476647,2.0,-4.011019456550477,0.0011402508551881414,-142.06916682833946,-3517.664063394768,,,0,0,obi_only,short,30000,0.02,2,2.0,2026-08-21
779,0.07683369972481868,2.0,-3.9231663002751813,0.0025673940949935813,-174.3011583956374,-3056.1465479143662,,,0,0,obi_only,short,30000,0.02,3,2.0,2026-08-22
731,-0.006638198236873727,3.0,-6.006638198236874,0.0,-190.6709502575571,-4390.852522911155,,,0,1,obi_only,short,30000,0.02,0,3.0,2026-08-19
881,0.02962754793091449,3.0,-5.9703724520690855,0.0,-296.0701984142218,-5259.898130272864,,,0,0,obi_only,short,30000,0.02,1,3.0,2026-08-20
877,-0.011019456550476647,3.0,-6.011019456550477,0.0,-212.90859723614935,-5271.664063394768,,,0,0,obi_only,short,30000,0.02,2,3.0,2026-08-21
779,0.07683369972481913,3.0,-5.923166300275181,0.0012836970474967907,-263.1585480930414,-4614.146547914366,,,0,0,obi_only,short,30000,0.02,3,3.0,2026-08-22
731,-0.006638198236872839,5.0,-10.006638198236873,0.0,-317.64443789896336,-7314.852522911155,,,0,1,obi_only,short,30000,0.02,0,5.0,2026-08-19
881,0.02962754793091449,5.0,-9.970372452069086,0.0,-494.4298155343336,-8783.898130272864,,,0,0,obi_only,short,30000,0.02,1,5.0,2026-08-20
877,-0.011019456550476647,5.0,-10.011019456550477,0.0,-354.5874580517691,-8779.664063394768,,,0,0,obi_only,short,30000,0.02,2,5.0,2026-08-21
779,0.07683369972481913,5.0,-9.92316630027518,0.0,-440.87332748784956,-7730.146547914366,,,0,0,obi_only,short,30000,0.02,3,5.0,2026-08-22
481,-0.04412879367052103,1.0,-2.044128793670521,0.008316008316008316,-45.95684491188878,-983.2259497555206,,,0,1,obi_only,short,30000,0.01,0,1.0,2026-08-19
555,0.044827925823712755,1.0,-1.9551720741762872,0.0036036036036036037,-75.38182120244358,-1085.1205011678394,,,0,0,obi_only,short,30000,0.01,1,1.0,2026-08-20
561,-0.050042487926816204,1.0,-2.050042487926816,0.0071301247771836,-52.63430331125991,-1150.0738357269438,,,0,0,obi_only,short,30000,0.01,2,1.0,2026-08-21
500,0.08887291426421151,1.0,-1.9111270857357885,0.01,-60.59691679659867,-955.5635428678943,,,0,0,obi_only,short,30000,0.01,3,1.0,2026-08-22
481,-0.04412879367052103,2.0,-4.044128793670521,0.002079002079002079,-90.92157027967424,-1945.2259497555206,,,0,1,obi_only,short,30000,0.01,0,2.0,2026-08-19
555,0.04482792582371298,2.0,-3.955172074176287,0.0,-152.49198679664264,-2195.1205011678394,,,0,0,obi_only,short,30000,0.01,1,2.0,2026-08-20
561,-0.05004248792681576,2.0,-4.050042487926816,0.0,-103.98377886724057,-2272.073835726944,,,0,0,obi_only,short,30000,0.01,2,2.0,2026-08-21
500,0.08887291426421129,2.0,-3.9111270857357887,0.004,-124.01176476655324,-1955.5635428678943,,,0,0,obi_only,short,30000,0.01,3,2.0,2026-08-22
481,-0.04412879367052103,3.0,-6.044128793670521,0.0,-135.88629564745972,-2907.2259497555206,,,0,1,obi_only,short,30000,0.01,0,3.0,2026-08-19
555,0.04482792582371253,3.0,-5.9551720741762875,0.0,-229.6021523908417,-3305.1205011678394,,,0,0,obi_only,short,30000,0.01,1,3.0,2026-08-20
561,-0.05004248792681576,3.0,-6.050042487926816,0.0,-155.33325442322123,-3394.073835726944,,,0,0,obi_only,short,30000,0.01,2,3.0,2026-08-21
500,0.08887291426421129,3.0,-5.911127085735789,0.002,-187.4266127365078,-2955.5635428678943,,,0,0,obi_only,short,30000,0.01,3,3.0,2026-08-22
481,-0.04412879367052014,5.0,-10.04412879367052,0.0,-225.81574638303056,-4831.225949755521,,,0,1,obi_only,short,30000,0.01,0,5.0,2026-08-19
555,0.04482792582371253,5.0,-9.955172074176287,0.0,-383.8224835792399,-5525.120501167839,,,0,0,obi_only,short,30000,0.01,1,5.0,2026-08-20
561,-0.05004248792681665,5.0,-10.050042487926817,0.0,-258.0322055351826,-5638.073835726944,,,0,0,obi_only,short,30000,0.01,2,5.0,2026-08-21
500,0.08887291426421129,5.0,-9.911127085735789,0.0,-314.2563086764169,-4955.563542867894,,,0,0,obi_only,short,30000,0.01,3,5.0,2026-08-22
938,0.00043145253031107167,1.0,-1.999568547469689,0.010660980810234541,-69.30169646961707,-1875.5952975265682,,,0,1,obi_only,short,60000,0.1,0,1.0,2026-08-19
1090,0.020485544064479555,1.0,-1.9795144559355204,0.009174311926605505,-84.17813121456707,-2157.6707569697173,,,0,0,obi_only,short,60000,0.1,1,1.0,2026-08-20
1131,-0.001937581327513982,1.0,-2.001937581327514,0.029177718832891247,-60.49139445565556,-2264.1914044814184,,,0,0,obi_only,short,60000,0.1,2,1.0,2026-08-21
1049,0.07103452158617296,1.0,-1.928965478413827,0.010486177311725452,-78.23499595130784,-2023.4847868561046,,,0,0,obi_only,short,60000,0.1,3,1.0,2026-08-22
938,0.0004314525303112937,2.0,-3.9995685474696887,0.0021321961620469083,-138.61834636122833,-3751.595297526568,,,0,1,obi_only,short,60000,0.1,0,2.0,2026-08-19
1090,0.020485544064479555,2.0,-3.9795144559355204,0.0009174311926605505,-169.22740272876212,-4337.670756969717,,,0,0,obi_only,short,60000,0.1,1,2.0,2026-08-20
1131,-0.001937581327513982,2.0,-4.001937581327514,0.0017683465959328027,-120.92424213269734,-4526.191404481418,,,0,0,obi_only,short,60000,0.1,2,2.0,2026-08-21
1049,0.07103452158617296,2.0,-3.928965478413827,0.002859866539561487,-159.35101054752533,-4121.484786856105,,,0,0,obi_only,short,60000,0.1,3,2.0,2026-08-22
938,0.0004314525303108496,3.0,-5.999568547469689,0.0010660980810234541,-207.93499625283962,-5627.595297526568,,,0,1,obi_only,short,60000,0.1,0,3.0,2026-08-19
1090,0.020485544064479555,3.0,-5.9795144559355204,0.0,-254.27667424295717,-6517.670756969717,,,0,0,obi_only,short,60000,0.1,1,3.0,2026-08-20
1131,-0.001937581327513982,3.0,-6.001937581327514,0.0017683465959328027,-181.35708980973914,-6788.191404481418,,,0,0,obi_only,short,60000,0.1,2,3.0,2026-08-21
1049,0.07103452158617252,3.0,-5.9289654784138275,0.0009532888465204957,-240.46702514374286,-6219.484786856105,,,0,0,obi_only,short,60000,0.1,3,3.0,2026-08-22
938,0.0004314525303108496,5.0,-9.99956854746969,0.0,-346.56829603606224,-9379.595297526568,,,0,1,obi_only,short,60000,0.1,0,5.0,2026-08-19
1090,0.020485544064479555,5.0,-9.97951445593552,0.0,-424.37521727134725,-10877.670756969717,,,0,0,obi_only,short,60000,0.1,1,5.0,2026-08-20
1131,-0.001937581327513982,5.0,-10.001937581327514,0.0,-302.2227851638227,-11312.191404481418,,,0,0,obi_only,short,60000,0.1,2,5.0,2026-08-21
1049,0.07103452158617252,5.0,-9.928965478413827,0.0009532888465204957,-402.6990543361778,-10415.484786856105,,,0,0,obi_only,short,60000,0.1,3,5.0,2026-08-22
774,-0.008796373403869406,1.0,-2.0087963734038694,0.007751937984496124,-65.02212957619948,-1554.808393014595,,,0,1,obi_only,short,60000,0.05,0,1.0,2026-08-19
924,0.04336004154464357,1.0,-1.9566399584553564,0.007575757575757576,-74.13001196953486,-1807.9353216127492,,,0,0,obi_only,short,60000,0.05,1,1.0,2026-08-20
947,0.0014273717144106524,1.0,-1.9985726282855893,0.03167898627243928,-54.69248641896444,-1892.648278986453,,,0,0,obi_only,short,60000,0.05,2,1.0,2026-08-21
862,0.07809737449935406,1.0,-1.921902625500646,0.015081206496519721,-75.78436923561634,-1656.6800631815568,,,0,0,obi_only,short,60000,0.05,3,1.0,2026-08-22
774,-0.008796373403868962,2.0,-4.008796373403869,0.002583979328165375,-129.75953197007243,-3102.808393014595,,,0,1,obi_only,short,60000,0.05,0,2.0,2026-08-19
924,0.04336004154464357,2.0,-3.9566399584553564,0.0010822510822510823,-149.90277910453278,-3655.9353216127492,,,0,0,obi_only,short,60000,0.05,1,2.0,2026-08-20
947,0.0014273717144108744,2.0,-3.998572628285589,0.0031678986272439284,-109.42403396935853,-3786.648278986453,,,0,0,obi_only,short,60000,0.05,2,2.0,2026-08-21
862,0.07809737449935428,2.0,-3.9219026255006457,0.0034802784222737818,-154.64827027833942,-3380.6800631815568,,,0,0,obi_only,short,60000,0.05,3,2.0,2026-08-22
774,-0.008796373403868962,3.0,-6.008796373403869,0.0012919896640826874,-194.4969343639454,-4650.808393014595,,,0,1,obi_only,short,60000,0.05,0,3.0,2026-08-19
924,0.04336004154464401,3.0,-5.956639958455356,0.0,-225.67554623953072,-5503.935321612749,,,0,0,obi_only,short,60000,0.05,1,3.0,2026-08-20
947,0.0014273717144108744,3.0,-5.998572628285589,0.0010559662090813093,-164.15558151975264,-5680.648278986453,,,0,0,obi_only,short,60000,0.05,2,3.0,2026-08-21
862,0.07809737449935383,3.0,-5.921902625500646,0.001160092807424594,-233.51217132106254,-5104.680063181557,,,0,0,obi_only,short,60000,0.05,3,3.0,2026-08-22
774,-0.00879637340386985,5.0,-10.00879637340387,0.0,-323.9717391516914,-7746.808393014595,,,0,1,obi_only,short,60000,0.05,0,5.0,2026-08-19
924,0.043360041544643124,5.0,-9.956639958455357,0.0,-377.2210805095266,-9199.93532161275,,,0,0,obi_only,short,60000,0.05,1,5.0,2026-08-20
947,0.0014273717144099862,5.0,-9.99857262828559,0.0,-273.6186766205409,-9468.648278986453,,,0,0,obi_only,short,60000,0.05,2,5.0,2026-08-21
862,0.07809737449935383,5.0,-9.921902625500646,0.0,-391.2399734065088,-8552.680063181557,,,0,0,obi_only,short,60000,0.05,3,5.0,2026-08-22
543,-0.02850774267596634,1.0,-2.0285077426759663,0.014732965009208104,-47.060446519559044,-1101.4797042730497,,,0,1,obi_only,short,60000,0.02,0,1.0,2026-08-19
652,0.014493245491115303,1.0,-1.9855067545088847,0.009202453987730062,-64.09632516769426,-1294.550403939793,,,0,0,obi_only,short,60000,0.02,1,1.0,2026-08-20
643,-0.09190102723864513,1.0,-2.091901027238645,0.02177293934681182,-45.94123575036364,-1345.092360514449,,,0,0,obi_only,short,60000,0.02,2,1.0,2026-08-21
580,0.05387196077961187,1.0,-1.9461280392203881,0.017241379310344827,-53.504273548362995,-1128.7542627478251,,,0,0,obi_only,short,60000,0.02,3,1.0,2026-08-22
543,-0.02850774267596634,2.0,-4.028507742675966,0.003683241252302026,-93.45952652255461,-2187.4797042730497,,,0,1,obi_only,short,60000,0.02,0,2.0,2026-08-19
652,0.014493245491115303,2.0,-3.9855067545088847,0.003067484662576687,-128.66052271790454,-2598.550403939793,,,0,0,obi_only,short,60000,0.02,1,2.0,2026-08-20
643,-0.09190102723864513,2.0,-4.091901027238645,0.003110419906687403,-89.86418922871923,-2631.092360514449,,,0,0,obi_only,short,60000,0.02,2,2.0,2026-08-21
580,0.05387196077961187,2.0,-3.946128039220388,0.005172413793103448,-108.48963162356611,-2288.754262747825,,,0,0,obi_only,short,60000,0.02,3,2.0,2026-08-22
543,-0.02850774267596634,3.0,-6.028507742675966,0.001841620626151013,-139.8586065255502,-3273.4797042730497,,,0,1,obi_only,short,60000,0.02,0,3.0,2026-08-19
652,0.014493245491115303,3.0,-5.985506754508885,0.0,-193.22472026811485,-3902.550403939793,,,0,0,obi_only,short,60000,0.02,1,3.0,2026-08-20
643,-0.09190102723864513,3.0,-6.091901027238645,0.0,-133.78714270707482,-3917.092360514449,,,0,0,obi_only,short,60000,0.02,2,3.0,2026-08-21
580,0.05387196077961143,3.0,-5.946128039220389,0.0017241379310344827,-163.47498969876924,-3448.754262747825,,,0,0,obi_only,short,60000,0.02,3,3.0,2026-08-22
543,-0.02850774267596634,5.0,-10.028507742675966,0.0,-232.6567665315413,-5445.47970427305,,,0,1,obi_only,short,60000,0.02,0,5.0,2026-08-19
652,0.014493245491115303,5.0,-9.985506754508885,0.0,-322.35311536853544,-6510.550403939793,,,0,0,obi_only,short,60000,0.02,1,5.0,2026-08-20
643,-0.09190102723864513,5.0,-10.091901027238645,0.0,-221.63304966378598,-6489.092360514449,,,0,0,obi_only,short,60000,0.02,2,5.0,2026-08-21
580,0.05387196077961143,5.0,-9.946128039220389,0.0,-273.4457058491755,-5768.754262747825,,,0,0,obi_only,short,60000,0.02,3,5.0,2026-08-22
383,-0.03086908095833607,1.0,-2.030869080958336,0.013054830287206266,-38.82025923196426,-777.8228580070427,,,0,1,obi_only,short,60000,0.01,0,1.0,2026-08-19
452,-0.004590163325460139,1.0,-2.00459016332546,0.008849557522123894,-50.787042490899566,-906.074753823108,,,0,0,obi_only,short,60000,0.01,1,1.0,2026-08-20
444,-0.10951305825477231,1.0,-2.1095130582547723,0.02927927927927928,-39.82675990273708,-936.6237978651188,,,0,0,obi_only,short,60000,0.01,2,1.0,2026-08-21
392,0.09776843828446125,1.0,-1.9022315617155388,0.017857142857142856,-38.19707639191184,-745.6747721924912,,,0,0,obi_only,short,60000,0.01,3,1.0,2026-08-22
383,-0.03086908095833607,2.0,-4.030869080958336,0.0026109660574412533,-77.05045299083085,-1543.8228580070427,,,0,1,obi_only,short,60000,0.01,0,2.0,2026-08-19
452,-0.004590163325460139,2.0,-4.00459016332546,0.0022123893805309734,-101.457791474969,-1810.074753823108,,,0,0,obi_only,short,60000,0.01,1,2.0,2026-08-20
444,-0.10951305825477231,2.0,-4.109513058254772,0.0,-77.58595721786182,-1824.6237978651188,,,0,0,obi_only,short,60000,0.01,2,2.0,2026-08-21
392,0.09776843828446102,2.0,-3.902231561715539,0.007653061224489796,-78.35735672861658,-1529.6747721924912,,,0,0,obi_only,short,60000,0.01,3,2.0,2026-08-22
383,-0.03086908095833607,3.0,-6.030869080958336,0.0026109660574412533,-115.28064674969744,-2309.8228580070427,,,0,1,obi_only,short,60000,0.01,0,3.0,2026-08-19
452,-0.004590163325460139,3.0,-6.00459016332546,0.0,-152.12854045903842,-2714.074753823108,,,0,0,obi_only,short,60000,0.01,1,3.0,2026-08-20
444,-0.10951305825477231,3.0,-6.109513058254772,0.0,-115.34515453298654,-2712.623797865119,,,0,0,obi_only,short,60000,0.01,2,3.0,2026-08-21
392,0.09776843828446147,3.0,-5.9022315617155385,0.002551020408163265,-118.5176370653213,-2313.674772192491,,,0,0,obi_only,short,60000,0.01,3,3.0,2026-08-22
383,-0.03086908095833607,5.0,-10.030869080958336,0.0,-191.74103426743065,-3841.8228580070427,,,0,1,obi_only,short,60000,0.01,0,5.0,2026-08-19
452,-0.004590163325460139,5.0,-10.00459016332546,0.0,-253.47003842717731,-4522.074753823108,,,0,0,obi_only,short,60000,0.01,1,5.0,2026-08-20
444,-0.10951305825477142,5.0,-10.109513058254771,0.0,-190.863549163236,-4488.623797865119,,,0,0,obi_only,short,60000,0.01,2,5.0,2026-08-21
392,0.09776843828446147,5.0,-9.902231561715539,0.002551020408163265,-198.83819773873074,-3881.674772192491,,,0,0,obi_only,short,60000,0.01,3,5.0,2026-08-22
8640,0.007424270327276217,1.0,-1.9925757296727238,0.0,-2995.3263494846387,-17215.854304372333,,,0,1,linear,long,250,0.1,0,1.0,2026-08-19
8639,0.00561567900237403,1.0,-1.994384320997626,0.0,-3400.898491355454,-17229.48614909849,,,0,0,linear,long,250,0.1,1,1.0,2026-08-20
8640,0.008629579816570754,1.0,-1.9913704201834292,0.0,-3021.5337025805757,-17205.440430384828,,,0,0,linear,long,250,0.1,2,1.0,2026-08-21
8640,0.006599333066926061,1.0,-1.993400666933074,0.0,-4876.612342441144,-17222.98176230176,,,0,0,linear,long,250,0.1,3,1.0,2026-08-22
8640,0.007424270327276439,2.0,-3.9925757296727236,0.0,-6001.813184468436,-34495.85430437233,,,0,1,linear,long,250,0.1,0,2.0,2026-08-19
8639,0.00561567900237403,2.0,-3.994384320997626,0.0,-6811.373047888535,-34507.48614909849,,,0,0,linear,long,250,0.1,1,2.0,2026-08-20
8640,0.008629579816570754,2.0,-3.9913704201834292,0.0,-6056.161185198556,-34485.44043038483,,,0,0,linear,long,250,0.1,2,2.0,2026-08-21
8640,0.006599333066926061,2.0,-3.993400666933074,0.0,-9769.369150779135,-34502.98176230176,,,0,0,linear,long,250,0.1,3,2.0,2026-08-22
8640,0.007424270327276439,3.0,-5.992575729672724,0.0,-9008.300019452232,-51775.85430437233,,,0,1,linear,long,250,0.1,0,3.0,2026-08-19
8639,0.00561567900237403,3.0,-5.994384320997626,0.0,-10221.847604421617,-51785.48614909849,,,0,0,linear,long,250,0.1,1,3.0,2026-08-20
8640,0.008629579816570754,3.0,-5.991370420183429,0.0,-9090.788667816538,-51765.44043038483,,,0,0,linear,long,250,0.1,2,3.0,2026-08-21
8640,0.006599333066925617,3.0,-5.993400666933074,0.0,-14662.125959117126,-51782.98176230176,,,0,0,linear,long,250,0.1,3,3.0,2026-08-22
8640,0.007424270327275551,5.0,-9.992575729672724,0.0,-15021.27368941983,-86335.85430437233,,,0,1,linear,long,250,0.1,0,5.0,2026-08-19
8639,0.005615679002373142,5.0,-9.994384320997627,0.0,-17042.79671748778,-86341.48614909849,,,0,0,linear,long,250,0.1,1,5.0,2026-08-20
8640,0.008629579816570754,5.0,-9.99137042018343,0.0,-15160.0436330525,-86325.44043038483,,,0,0,linear,long,250,0.1,2,5.0,2026-08-21
8640,0.006599333066926505,5.0,-9.993400666933073,0.0,-24447.639575793102,-86342.98176230176,,,0,0,linear,long,250,0.1,3,5.0,2026-08-22
4320,0.010746072990231337,1.0,-1.9892539270097687,0.0,-1657.0759933005756,-8593.576964682201,,,0,1,linear,long,250,0.05,0,1.0,2026-08-19
4320,0.005237979251547564,1.0,-1.9947620207484524,0.0,-2056.913784141774,-8617.371929633315,,,0,0,linear,long,250,0.05,1,1.0,2026-08-20
4320,0.008063497888603388,1.0,-1.9919365021113966,0.0,-1905.241691959331,-8605.165689121233,,,0,0,linear,long,250,0.05,2,1.0,2026-08-21
4320,0.008183844301809629,1.0,-1.9918161556981904,0.0,-3027.4713586303496,-8604.645792616182,,,0,0,linear,long,250,0.05,3,1.0,2026-08-22
4320,0.010746072990231337,2.0,-3.9892539270097687,0.0,-3323.1036138080085,-17233.5769646822,,,0,1,linear,long,250,0.05,0,2.0,2026-08-19
4320,0.005237979251547564,2.0,-3.9947620207484524,0.0,-4119.228749783642,-17257.371929633315,,,0,0,linear,long,250,0.05,1,2.0,2026-08-20
4320,0.00806349788860361,2.0,-3.9919365021113964,0.0,-3818.1959351692212,-17245.165689121233,,,0,0,linear,long,250,0.05,2,2.0,2026-08-21
4320,0.008183844301809629,2.0,-3.9918161556981904,0.0,-6067.381794108399,-17244.645792616182,,,0,0,linear,long,250,0.05,3,2.0,2026-08-22
4320,0.010746072990230893,3.0,-5.989253927009769,0.0,-4989.131234315442,-25873.5769646822,,,0,1,linear,long,250,0.05,0,3.0,2026-08-19
4320,0.005237979251547564,3.0,-5.994762020748452,0.0,-6181.543715425511,-25897.371929633315,,,0,0,linear,long,250,0.05,1,3.0,2026-08-20
4320,0.008063497888603166,3.0,-5.991936502111397,0.0,-5731.150178379112,-25885.165689121233,,,0,0,linear,long,250,0.05,2,3.0,2026-08-21
4320,0.008183844301809629,3.0,-5.99181615569819,0.0,-9107.292229586446,-25884.645792616182,,,0,0,linear,long,250,0.05,3,3.0,2026-08-22
4320,0.01074607299023178,5.0,-9.989253927009768,0.0,-8321.186475330307,-43153.5769646822,,,0,1,linear,long,250,0.05,0,5.0,2026-08-19
4320,0.005237979251546676,5.0,-9.994762020748453,0.0,-10306.173646709249,-43177.371929633315,,,0,0,linear,long,250,0.05,1,5.0,2026-08-20
4320,0.008063497888603166,5.0,-9.991936502111397,0.0,-9557.058664798891,-43165.16568912123,,,0,0,linear,long,250,0.05,2,5.0,2026-08-21
4320,0.008183844301809629,5.0,-9.99181615569819,0.0,-15187.113100542545,-43164.64579261618,,,0,0,linear,long,250,0.05,3,5.0,2026-08-22
1728,0.01565224498362694,1.0,-1.984347755016373,0.0,-801.2119588244078,-3428.952920668293,,,0,1,linear,long,250,0.02,0,1.0,2026-08-19
1728,0.0027611983193680523,1.0,-1.997238801680632,0.0,-1026.1897002064945,-3451.228649304132,,,0,0,linear,long,250,0.02,1,1.0,2026-08-20
1728,0.0052886613300668905,1.0,-1.994711338669933,0.0,-995.634376631869,-3446.8611932216445,,,0,0,linear,long,250,0.02,2,1.0,2026-08-21
1728,0.00956605806991484,1.0,-1.9904339419300852,0.0,-1544.5639243469911,-3439.469851655187,,,0,0,linear,long,250,0.02,3,1.0,2026-08-22
1728,0.01565224498362694,2.0,-3.984347755016373,0.0,-1608.743760444328,-6884.952920668293,,,0,1,linear,long,250,0.02,0,2.0,2026-08-19
1728,0.0027611983193680523,2.0,-3.997238801680632,0.0,-2053.798115727943,-6907.228649304132,,,0,0,linear,long,250,0.02,1,2.0,2026-08-20
1728,0.0052886613300668905,2.0,-3.994711338669933,0.0,-1993.9085201936684,-6902.8611932216445,,,0,0,linear,long,250,0.02,2,2.0,2026-08-21
1728,0.009566058069915062,2.0,-3.990433941930085,0.0,-3096.551048169103,-6895.469851655187,,,0,0,linear,long,250,0.02,3,2.0,2026-08-22
1728,0.015652244983626495,3.0,-5.9843477550163735,0.0,-2416.2755620642483,-10340.952920668293,,,0,1,linear,long,250,0.02,0,3.0,2026-08-19
1728,0.0027611983193684964,3.0,-5.9972388016806315,0.0,-3081.4065312493904,-10363.228649304132,,,0,0,linear,long,250,0.02,1,3.0,2026-08-20
1728,0.0052886613300664465,3.0,-5.9947113386699336,0.0,-2992.182663755468,-10358.861193221644,,,0,0,linear,long,250,0.02,2,3.0,2026-08-21
1728,0.009566058069914618,3.0,-5.990433941930085,0.0,-4648.538171991217,-10351.469851655187,,,0,0,linear,long,250,0.02,3,3.0,2026-08-22
1728,0.015652244983627384,5.0,-9.984347755016373,0.0,-4031.339165304088,-17252.952920668293,,,0,1,linear,long,250,0.02,0,5.0,2026-08-19
1728,0.002761198319367608,5.0,-9.997238801680632,0.0,-5136.623362292286,-17275.228649304132,,,0,0,linear,long,250,0.02,1,5.0,2026-08-20
1728,0.0052886613300664465,5.0,-9.994711338669934,0.0,-4988.730950879067,-17270.861193221644,,,0,0,linear,long,250,0.02,2,5.0,2026-08-21
1728,0.009566058069914618,5.0,-9.990433941930085,0.0,-7752.512419635441,-17263.469851655187,,,0,0,linear,long,250,0.02,3,5.0,2026-08-22
864,0.02109935515949868,1.0,-1.9789006448405013,0.0,-465.1920951470008,-1709.770157142193,,,0,1,linear,long,250,0.01,0,1.0,2026-08-19
864,-0.0020618744820239954,1.0,-2.002061874482024,0.0,-632.175949008294,-1729.7814595524687,,,0,0,linear,long,250,0.01,1,1.0,2026-08-20
864,0.0005974851779615431,1.0,-1.9994025148220385,0.0,-630.9391672536694,-1727.4837728062412,,,0,0,linear,long,250,0.01,2,1.0,2026-08-21
864,0.00909375919676414,1.0,-1.9909062408032359,0.0,-917.9318051121456,-1720.1429920539958,,,0,0,linear,long,250,0.01,3,1.0,2026-08-22
864,0.02109935515949868,2.0,-3.9789006448405013,0.0,-935.3441428103085,-3437.770157142193,,,0,1,linear,long,250,0.01,0,2.0,2026-08-19
864,-0.0020618744820239954,2.0,-4.002061874482024,0.0,-1263.7008354924853,-3457.7814595524687,,,0,0,linear,long,250,0.01,1,2.0,2026-08-20
864,0.0005974851779617651,2.0,-3.9994025148220382,0.0,-1262.0668792339934,-3455.483772806241,,,0,0,linear,long,250,0.01,2,2.0,2026-08-21
864,0.00909375919676414,2.0,-3.990906240803236,0.0,-1840.056399730729,-3448.142992053996,,,0,0,linear,long,250,0.01,3,2.0,2026-08-22
864,0.02109935515949868,3.0,-5.978900644840501,0.0,-1405.4961904736163,-5165.770157142193,,,0,1,linear,long,250,0.01,0,3.0,2026-08-19
864,-0.0020618744820239954,3.0,-6.002061874482024,0.0,-1895.225721976677,-5185.781459552469,,,0,0,linear,long,250,0.01,1,3.0,2026-08-20
864,0.0005974851779617651,3.0,-5.999402514822038,0.0,-1893.1945912143174,-5183.483772806241,,,0,0,linear,long,250,0.01,2,3.0,2026-08-21
864,0.00909375919676414,3.0,-5.990906240803236,0.0,-2762.180994349312,-5176.142992053996,,,0,0,linear,long,250,0.01,3,3.0,2026-08-22
864,0.021099355159499567,5.0,-9.9789006448405,0.0,-2345.800285800231,-8621.770157142193,,,0,1,linear,long,250,0.01,0,5.0,2026-08-19
864,-0.0020618744820239954,5.0,-10.002061874482024,0.0,-3158.27549494506,-8641.781459552469,,,0,0,linear,long,250,0.01,1,5.0,2026-08-20
864,0.000597485177960877,5.0,-9.99940251482204,0.0,-3155.4500151749653,-8639.483772806241,,,0,0,linear,long,250,0.01,2,5.0,2026-08-21
864,0.00909375919676414,5.0,-9.990906240803236,0.0,-4606.430183586479,-8632.142992053996,,,0,0,linear,long,250,0.01,3,5.0,2026-08-22
6728,0.019506775718934,1.0,-1.980493224281066,0.00029726516052318666,-1041.7601382384871,-13324.758412963012,,,0,1,linear,long,1000,0.1,0,1.0,2026-08-19
6669,0.02279481614157053,1.0,-1.9772051838584295,0.000449842555105713,-1314.3734780484015,-13185.981371151865,,,0,0,linear,long,1000,0.1,1,1.0,2026-08-20
6941,0.027244833479535435,1.0,-1.9727551665204646,0.0,-1247.2131070511484,-13692.893610818544,,,0,0,linear,long,1000,0.1,2,1.0,2026-08-21
6865,0.02276762726457915,1.0,-1.9772323727354209,0.0,-2075.5625236419137,-13573.700238828664,,,0,0,linear,long,1000,0.1,3,1.0,2026-08-22
6728,0.019506775718933778,2.0,-3.9804932242810662,0.0,-2093.7810444111437,-26780.758412963012,,,0,1,linear,long,1000,0.1,0,2.0,2026-08-19
6669,0.02279481614157053,2.0,-3.9772051838584295,0.0,-2643.900113704352,-26523.981371151865,,,0,0,linear,long,1000,0.1,1,2.0,2026-08-20
6941,0.027244833479535657,2.0,-3.9727551665204643,0.0,-2511.650912834192,-27574.893610818544,,,0,0,linear,long,1000,0.1,2,2.0,2026-08-21
6865,0.02276762726457937,2.0,-3.9772323727354206,0.0,-4175.024936115424,-27303.700238828664,,,0,0,linear,long,1000,0.1,3,2.0,2026-08-22
6728,0.01950677571893422,3.0,-5.980493224281066,0.0,-3145.8019505838006,-40236.75841296301,,,0,1,linear,long,1000,0.1,0,3.0,2026-08-19
6669,0.02279481614157053,3.0,-5.9772051838584295,0.0,-3973.4267493603024,-39861.981371151865,,,0,0,linear,long,1000,0.1,1,3.0,2026-08-20
6941,0.027244833479535657,3.0,-5.972755166520464,0.0,-3776.0887186172345,-41456.893610818544,,,0,0,linear,long,1000,0.1,2,3.0,2026-08-21
6865,0.022767627264578927,3.0,-5.977232372735421,0.0,-6274.487348588933,-41033.700238828664,,,0,0,linear,long,1000,0.1,3,3.0,2026-08-22
6728,0.01950677571893422,5.0,-9.980493224281066,0.0,-5249.843762929115,-67148.75841296301,,,0,1,linear,long,1000,0.1,0,5.0,2026-08-19
6669,0.022794816141571417,5.0,-9.977205183858429,0.0,-6632.480020672203,-66537.98137115187,,,0,0,linear,long,1000,0.1,1,5.0,2026-08-20
6941,0.027244833479535657,5.0,-9.972755166520464,0.0,-6304.964330183319,-69220.89361081854,,,0,0,linear,long,1000,0.1,2,5.0,2026-08-21
6865,0.022767627264579815,5.0,-9.97723237273542,0.0,-10473.412173535953,-68493.70023882866,,,0,0,linear,long,1000,0.1,3,5.0,2026-08-22
3678,0.023523597117569572,1.0,-1.9764764028824304,0.000543773790103317,-616.3851312863937,-7269.480209801579,,,0,1,linear,long,1000,0.05,0,1.0,2026-08-19
3445,0.02233955938482568,1.0,-1.9776604406151743,0.0008708272859216256,-772.0034802604183,-6813.040217919275,,,0,0,linear,long,1000,0.05,1,1.0,2026-08-20
3653,0.026590017556020973,1.0,-1.973409982443979,0.0,-843.9883082433521,-7208.866665867856,,,0,0,linear,long,1000,0.05,2,1.0,2026-08-21
3781,0.02527072488250126,1.0,-1.9747292751174987,0.0,-1503.6980520810976,-7466.451389219263,,,0,0,linear,long,1000,0.05,3,1.0,2026-08-22
3678,0.023523597117569572,2.0,-3.9764764028824304,0.0,-1240.1063458553883,-14625.480209801579,,,0,1,linear,long,1000,0.05,0,2.0,2026-08-19
3445,0.02233955938482568,2.0,-3.9776604406151743,0.0,-1552.727475548788,-13703.040217919275,,,0,0,linear,long,1000,0.05,1,2.0,2026-08-20
3653,0.02659001755602075,2.0,-3.9734099824439792,0.0,-1699.348639600459,-14514.866665867856,,,0,0,linear,long,1000,0.05,2,2.0,2026-08-21
3781,0.025270724882501483,2.0,-3.9747292751174985,0.0,-3026.63901520793,-15028.451389219263,,,0,0,linear,long,1000,0.05,3,2.0,2026-08-22
3678,0.023523597117569572,3.0,-5.97647640288243,0.0,-1863.8275604243831,-21981.48020980158,,,0,1,linear,long,1000,0.05,0,3.0,2026-08-19
3445,0.022339559384826124,3.0,-5.977660440615174,0.0,-2333.4514708371576,-20593.040217919275,,,0,0,linear,long,1000,0.05,1,3.0,2026-08-20
3653,0.026590017556021195,3.0,-5.973409982443979,0.0,-2554.7089709575653,-21820.866665867856,,,0,0,linear,long,1000,0.05,2,3.0,2026-08-21
3781,0.025270724882501483,3.0,-5.9747292751174985,0.0,-4549.579978334763,-22590.451389219263,,,0,0,linear,long,1000,0.05,3,3.0,2026-08-22
3678,0.02352359711757046,5.0,-9.97647640288243,0.0,-3111.2699895623723,-36693.48020980158,,,0,1,linear,long,1000,0.05,0,5.0,2026-08-19
3445,0.022339559384825236,5.0,-9.977660440615175,0.0,-3894.899461413898,-34373.040217919275,,,0,0,linear,long,1000,0.05,1,5.0,2026-08-20
3653,0.026590017556021195,5.0,-9.973409982443979,0.0,-4265.42963367178,-36432.866665867856,,,0,0,linear,long,1000,0.05,2,5.0,2026-08-21
3781,0.025270724882501483,5.0,-9.974729275117499,0.0,-7595.461904588428,-37714.45138921926,,,0,0,linear,long,1000,0.05,3,5.0,2026-08-22
1536,0.03045646012022485,1.0,-1.9695435398797752,0.0013020833333333333,-283.0056487658972,-3025.2188772553345,,,0,1,linear,long,1000,0.02,0,1.0,2026-08-19
1335,0.02246768161077184,1.0,-1.9775323183892282,0.0022471910112359553,-355.57251970468747,-2640.0056450496195,,,0,0,linear,long,1000,0.02,1,1.0,2026-08-20
1417,0.018402468060335853,1.0,-1.9815975319396641,0.0,-466.74059677982166,-2807.923702758504,,,0,0,linear,long,1000,0.02,2,1.0,2026-08-21
1566,0.027541338699681894,1.0,-1.972458661300318,0.0,-856.892736328159,-3088.870263596298,,,0,0,linear,long,1000,0.02,3,1.0,2026-08-22
1536,0.03045646012022507,2.0,-3.969543539879775,0.0,-570.3876162477354,-6097.2188772553345,,,0,1,linear,long,1000,0.02,0,2.0,2026-08-19
1335,0.02246768161077206,2.0,-3.977532318389228,0.0,-715.1848672736153,-5310.0056450496195,,,0,0,linear,long,1000,0.02,1,2.0,2026-08-20
1417,0.018402468060335853,2.0,-3.981597531939664,0.0,-937.8156655128332,-5641.923702758504,,,0,0,linear,long,1000,0.02,2,2.0,2026-08-21
1566,0.027541338699681894,2.0,-3.972458661300318,0.0,-1725.7502218008974,-6220.870263596298,,,0,0,linear,long,1000,0.02,3,2.0,2026-08-22
1536,0.030456460120224627,3.0,-5.969543539879775,0.0,-857.7695837295739,-9169.218877255335,,,0,1,linear,long,1000,0.02,0,3.0,2026-08-19
1335,0.02246768161077206,3.0,-5.977532318389228,0.0,-1074.797214842543,-7980.0056450496195,,,0,0,linear,long,1000,0.02,1,3.0,2026-08-20
1417,0.018402468060336297,3.0,-5.981597531939664,0.0,-1408.8907342458447,-8475.923702758504,,,0,0,linear,long,1000,0.02,2,3.0,2026-08-21
1566,0.027541338699681894,3.0,-5.972458661300318,0.0,-2594.6077072736357,-9352.870263596298,,,0,0,linear,long,1000,0.02,3,3.0,2026-08-22
1536,0.030456460120225515,5.0,-9.969543539879774,0.0,-1432.5335186932505,-15313.218877255335,,,0,1,linear,long,1000,0.02,0,5.0,2026-08-19
1335,0.02246768161077206,5.0,-9.977532318389228,0.0,-1794.021909980399,-13320.00564504962,,,0,0,linear,long,1000,0.02,1,5.0,2026-08-20
1417,0.01840246806033541,5.0,-9.981597531939665,0.0,-2351.040871711868,-14143.923702758504,,,0,0,linear,long,1000,0.02,2,5.0,2026-08-21
1566,0.027541338699681006,5.0,-9.972458661300319,0.0,-4332.322678219113,-15616.870263596298,,,0,0,linear,long,1000,0.02,3,5.0,2026-08-22
780,0.02151347652229907,1.0,-1.978486523477701,0.002564102564102564,-157.05347326787856,-1543.2194883126067,,,0,1,linear,long,1000,0.01,0,1.0,2026-08-19
628,0.0077799622825522885,1.0,-1.9922200377174477,0.0031847133757961785,-200.14945582647675,-1251.1141836865572,,,0,0,linear,long,1000,0.01,1,1.0,2026-08-20
640,0.009195932648435656,1.0,-1.9908040673515643,0.0,-253.66041574438202,-1274.1146031050012,,,0,0,linear,long,1000,0.01,2,1.0,2026-08-21
801,0.027922433123286572,1.0,-1.9720775668767134,0.0,-548.9641783990633,-1579.6341310682474,,,0,0,linear,long,1000,0.01,3,1.0,2026-08-22
780,0.02151347652229907,2.0,-3.978486523477701,0.0,-315.8146994922721,-3103.2194883126067,,,0,1,linear,long,1000,0.01,0,2.0,2026-08-19
628,0.0077799622825520665,2.0,-3.992220037717448,0.0,-401.0805297411781,-2507.114183686557,,,0,0,linear,long,1000,0.01,1,2.0,2026-08-20
640,0.009195932648435878,2.0,-3.990804067351564,0.0,-508.49254101910617,-2554.114603105001,,,0,0,linear,long,1000,0.01,2,2.0,2026-08-21
801,0.027922433123286794,2.0,-3.972077566876713,0.0,-1105.7010812669232,-3181.6341310682474,,,0,0,linear,long,1000,0.01,3,2.0,2026-08-22
780,0.021513476522299513,3.0,-5.9784865234777005,0.0,-474.57592571666555,-4663.219488312607,,,0,1,linear,long,1000,0.01,0,3.0,2026-08-19
628,0.0077799622825525105,3.0,-5.9922200377174475,0.0,-602.0116036558794,-3763.114183686557,,,0,0,linear,long,1000,0.01,1,3.0,2026-08-20
640,0.009195932648435878,3.0,-5.990804067351564,0.0,-763.3246662938302,-3834.114603105001,,,0,0,linear,long,1000,0.01,2,3.0,2026-08-21
801,0.027922433123286794,3.0,-5.972077566876713,0.0,-1662.4379841347832,-4783.634131068247,,,0,0,linear,long,1000,0.01,3,3.0,2026-08-22
780,0.021513476522299513,5.0,-9.9784865234777,0.0,-792.0983781654526,-7783.219488312607,,,0,1,linear,long,1000,0.01,0,5.0,2026-08-19
628,0.007779962282551622,5.0,-9.992220037717448,0.0,-1003.8737514852821,-6275.114183686557,,,0,0,linear,long,1000,0.01,1,5.0,2026-08-20
640,0.00919593264843499,5.0,-9.990804067351565,0.0,-1272.9889168432785,-6394.114603105001,,,0,0,linear,long,1000,0.01,2,5.0,2026-08-21
801,0.027922433123286794,5.0,-9.972077566876713,0.0,-2775.911789870503,-7987.634131068247,,,0,0,linear,long,1000,0.01,3,5.0,2026-08-22
3743,0.04874695165190679,1.0,-1.9512530483480932,0.0026716537536735237,-276.14012790481223,-7303.540159966913,,,0,1,linear,long,5000,0.1,0,1.0,2026-08-19
4059,0.037257678433443964,1.0,-1.962742321566556,0.0009854644000985464,-464.27634504316285,-7966.771083238651,,,0,0,linear,long,5000,0.1,1,1.0,2026-08-20
4410,0.04203500039648489,1.0,-1.957964999603515,0.0015873015873015873,-396.34872680604946,-8634.625648251502,,,0,0,linear,long,5000,0.1,2,1.0,2026-08-21
4402,0.03529787608875634,1.0,-1.9647021239112437,0.00022716946842344388,-615.6035170908992,-8648.618749457295,,,0,0,linear,long,5000,0.1,3,1.0,2026-08-22
3743,0.04874695165190657,2.0,-3.9512530483480934,0.0010686615014694097,-559.1788943411686,-14789.540159966913,,,0,1,linear,long,5000,0.1,0,2.0,2026-08-19
4059,0.037257678433443964,2.0,-3.962742321566556,0.0002463661000246366,-937.3657974299665,-16084.771083238651,,,0,0,linear,long,5000,0.1,1,2.0,2026-08-20
4410,0.04203500039648489,2.0,-3.957964999603515,0.00045351473922902497,-801.2065530555581,-17454.625648251502,,,0,0,linear,long,5000,0.1,2,2.0,2026-08-21
4402,0.03529787608875612,2.0,-3.964702123911244,0.0,-1242.2669787920374,-17452.618749457295,,,0,0,linear,long,5000,0.1,3,2.0,2026-08-22
3743,0.04874695165190701,3.0,-5.951253048348093,0.0005343307507347048,-842.2176607775251,-22275.540159966913,,,0,1,linear,long,5000,0.1,0,3.0,2026-08-19
4059,0.037257678433443964,3.0,-5.962742321566556,0.0,-1410.4552498167702,-24202.77108323865,,,0,0,linear,long,5000,0.1,1,3.0,2026-08-20
4410,0.04203500039648489,3.0,-5.957964999603515,0.0,-1206.0643793050665,-26274.625648251502,,,0,0,linear,long,5000,0.1,2,3.0,2026-08-21
4402,0.03529787608875612,3.0,-5.964702123911244,0.0,-1868.9304404931759,-26256.618749457295,,,0,0,linear,long,5000,0.1,3,3.0,2026-08-22
3743,0.04874695165190701,5.0,-9.951253048348093,0.0,-1408.2951936502377,-37247.54015996691,,,0,1,linear,long,5000,0.1,0,5.0,2026-08-19
4059,0.037257678433443076,5.0,-9.962742321566557,0.0,-2356.6341545903774,-40438.77108323865,,,0,0,linear,long,5000,0.1,1,5.0,2026-08-20
4410,0.04203500039648489,5.0,-9.957964999603515,0.0,-2015.7800318040836,-43914.6256482515,,,0,0,linear,long,5000,0.1,2,5.0,2026-08-21
4402,0.03529787608875701,5.0,-9.964702123911243,0.0,-3122.2573638954523,-43864.618749457295,,,0,0,linear,long,5000,0.1,3,5.0,2026-08-22
2145,0.04583362991327866,1.0,-1.9541663700867213,0.005128205128205128,-164.92849547970076,-4191.686863836017,,,0,1,linear,long,5000,0.05,0,1.0,2026-08-19
2287,0.032478980523506396,1.0,-1.9675210194764936,0.0017490161783996502,-305.415865111431,-4499.720571542741,,,0,0,linear,long,5000,0.05,1,1.0,2026-08-20
2442,0.03504252161583343,1.0,-1.9649574783841666,0.0012285012285012285,-267.2872806911526,-4798.426162214135,,,0,0,linear,long,5000,0.05,2,1.0,2026-08-21
2679,0.03982653664276392,1.0,-1.960173463357236,0.0003732736095558044,-435.36743757503893,-5251.304708334035,,,0,0,linear,long,5000,0.05,3,1.0,2026-08-22
2145,0.04583362991327844,2.0,-3.9541663700867216,0.0018648018648018648,-333.72527553316326,-8481.686863836017,,,0,1,linear,long,5000,0.05,0,2.0,2026-08-19
2287,0.03247898052350662,2.0,-3.9675210194764934,0.00043725404459991256,-615.8734023759571,-9073.72057154274,,,0,0,linear,long,5000,0.05,1,2.0,2026-08-20
2442,0.03504252161583343,2.0,-3.9649574783841666,0.000819000819000819,-539.3412906445382,-9682.426162214135,,,0,0,linear,long,5000,0.05,2,2.0,2026-08-21
2679,0.03982653664276414,2.0,-3.960173463357236,0.0,-879.580611269753,-10609.304708334035,,,0,0,linear,long,5000,0.05,3,2.0,2026-08-22
2145,0.045833629913278884,3.0,-5.954166370086721,0.0009324009324009324,-502.52205558662575,-12771.686863836017,,,0,1,linear,long,5000,0.05,0,3.0,2026-08-19
2287,0.032478980523506173,3.0,-5.967521019476494,0.0,-926.3309396404832,-13647.72057154274,,,0,0,linear,long,5000,0.05,1,3.0,2026-08-20
2442,0.03504252161583299,3.0,-5.964957478384167,0.0,-811.3953005979237,-14566.426162214135,,,0,0,linear,long,5000,0.05,2,3.0,2026-08-21
2679,0.0398265366427637,3.0,-5.960173463357236,0.0,-1323.7937849644672,-15967.304708334035,,,0,0,linear,long,5000,0.05,3,3.0,2026-08-22
2145,0.045833629913278884,5.0,-9.954166370086721,0.0,-840.1156156935507,-21351.686863836017,,,0,1,linear,long,5000,0.05,0,5.0,2026-08-19
2287,0.03247898052350706,5.0,-9.967521019476493,0.0,-1547.2460141695353,-22795.72057154274,,,0,0,linear,long,5000,0.05,1,5.0,2026-08-20
2442,0.03504252161583388,5.0,-9.964957478384166,0.0,-1355.5033205046946,-24334.426162214135,,,0,0,linear,long,5000,0.05,2,5.0,2026-08-21
2679,0.0398265366427637,5.0,-9.960173463357236,0.0,-2212.220132353896,-26683.304708334035,,,0,0,linear,long,5000,0.05,3,5.0,2026-08-22
757,0.05657246712422359,1.0,-1.9434275328757764,0.010568031704095112,-62.17341795758566,-1471.1746423869627,,,0,1,linear,long,5000,0.02,0,1.0,2026-08-19
922,0.03289908638659367,1.0,-1.9671009136134063,0.004338394793926247,-143.41813389684546,-1813.6670423515607,,,0,0,linear,long,5000,0.02,1,1.0,2026-08-20
966,0.01718412389085522,1.0,-1.9828158761091448,0.003105590062111801,-135.2079146335266,-1915.4001363214338,,,0,0,linear,long,5000,0.02,2,1.0,2026-08-21
1230,0.0401086553244101,1.0,-1.95989134467559,0.0008130081300813008,-242.3057132602506,-2410.6663539509755,,,0,0,linear,long,5000,0.02,3,1.0,2026-08-22
757,0.05657246712422381,2.0,-3.943427532875776,0.005284015852047556,-126.15668145039508,-2985.1746423869627,,,0,1,linear,long,5000,0.02,0,2.0,2026-08-19
922,0.032899086386593446,2.0,-3.9671009136134066,0.0010845986984815619,-289.2348867683571,-3657.6670423515607,,,0,0,linear,long,5000,0.02,1,2.0,2026-08-20
966,0.01718412389085522,2.0,-3.982815876109145,0.002070393374741201,-271.587612075574,-3847.400136321434,,,0,0,linear,long,5000,0.02,2,2.0,2026-08-21
1230,0.040108655324410325,2.0,-3.9598913446755897,0.0,-489.5701485245005,-4870.6663539509755,,,0,0,linear,long,5000,0.02,3,2.0,2026-08-22
757,0.05657246712422381,3.0,-5.943427532875776,0.002642007926023778,-190.1399449432045,-4499.174642386963,,,0,1,linear,long,5000,0.02,0,3.0,2026-08-19
922,0.032899086386593446,3.0,-5.9671009136134066,0.0,-435.0516396398689,-5501.667042351561,,,0,0,linear,long,5000,0.02,1,3.0,2026-08-20
966,0.01718412389085522,3.0,-5.982815876109145,0.0,-407.96730951762135,-5779.400136321434,,,0,0,linear,long,5000,0.02,2,3.0,2026-08-21
1230,0.04010865532440988,3.0,-5.95989134467559,0.0,-736.8345837887505,-7330.6663539509755,,,0,0,linear,long,5000,0.02,3,3.0,2026-08-22
757,0.056572467124222925,5.0,-9.943427532875777,0.0,-318.10647192882334,-7527.174642386963,,,0,1,linear,long,5000,0.02,0,5.0,2026-08-19
922,0.032899086386594334,5.0,-9.967100913613406,0.0,-726.6851453828922,-9189.66704235156,,,0,0,linear,long,5000,0.02,1,5.0,2026-08-20
966,0.01718412389085522,5.0,-9.982815876109145,0.0,-680.726704401716,-9643.400136321434,,,0,0,linear,long,5000,0.02,2,5.0,2026-08-21
1230,0.04010865532440988,5.0,-9.95989134467559,0.0,-1231.3634543172504,-12250.666353950975,,,0,0,linear,long,5000,0.02,3,5.0,2026-08-22
329,-0.011504777555005674,1.0,-2.0115047775550057,0.02735562310030395,-29.39479053333321,-661.7850718155969,,,0,1,linear,long,5000,0.01,0,1.0,2026-08-19
386,0.04595115506832137,1.0,-1.9540488449316786,0.007772020725388601,-71.00108062528983,-754.2628541436279,,,0,0,linear,long,5000,0.01,1,1.0,2026-08-20
423,-0.0009213099990978968,1.0,-2.000921309999098,0.0070921985815602835,-70.24848510327305,-846.3897141296184,,,0,0,linear,long,5000,0.01,2,1.0,2026-08-21
653,0.03272597934779031,1.0,-1.9672740206522097,0.0015313935681470138,-144.65170902417276,-1284.629935485893,,,0,0,linear,long,5000,0.01,3,1.0,2026-08-22
329,-0.011504777555005674,2.0,-4.011504777555006,0.00911854103343465,-58.621457913226514,-1319.785071815597,,,0,1,linear,long,5000,0.01,0,2.0,2026-08-19
386,0.04595115506832137,2.0,-3.9540488449316786,0.0025906735751295338,-143.67181330369664,-1526.262854143628,,,0,0,linear,long,5000,0.01,1,2.0,2026-08-20
423,-0.0009213099990974527,2.0,-4.0009213099990975,0.004728132387706856,-140.46462479075,-1692.3897141296184,,,0,0,linear,long,5000,0.01,2,2.0,2026-08-21
653,0.03272597934779009,2.0,-3.96727402065221,0.0,-291.7097268759171,-2590.629935485893,,,0,0,linear,long,5000,0.01,3,2.0,2026-08-22
329,-0.011504777555005674,3.0,-6.011504777555006,0.0060790273556231,-87.84812529311981,-1977.785071815597,,,0,1,linear,long,5000,0.01,0,3.0,2026-08-19
386,0.04595115506832137,3.0,-5.954048844931679,0.0,-216.34254598210347,-2298.262854143628,,,0,0,linear,long,5000,0.01,1,3.0,2026-08-20
423,-0.0009213099990974527,3.0,-6.0009213099990975,0.0,-210.68076447822702,-2538.3897141296184,,,0,0,linear,long,5000,0.01,2,3.0,2026-08-21
653,0.032725979347790535,3.0,-5.9672740206522095,0.0,-438.7677447276615,-3896.629935485893,,,0,0,linear,long,5000,0.01,3,3.0,2026-08-22
329,-0.011504777555005674,5.0,-10.011504777555006,0.0,-146.30146005290644,-3293.785071815597,,,0,1,linear,long,5000,0.01,0,5.0,2026-08-19
386,0.04595115506832137,5.0,-9.954048844931679,0.0,-361.6840113389172,-3842.262854143628,,,0,0,linear,long,5000,0.01,1,5.0,2026-08-20
423,-0.0009213099990983409,5.0,-10.000921309999098,0.0,-351.113043853181,-4230.389714129618,,,0,0,linear,long,5000,0.01,2,5.0,2026-08-21
653,0.03272597934778965,5.0,-9.96727402065221,0.0,-732.8837804311503,-6508.629935485893,,,0,0,linear,long,5000,0.01,3,5.0,2026-08-22
2385,0.057170418942390056,1.0,-1.94282958105761,0.0067085953878406705,-157.67230617562151,-4633.6485508224,,,0,1,linear,long,10000,0.1,0,1.0,2026-08-19
3093,0.04778662797125621,1.0,-1.9522133720287438,0.0022631749110895573,-276.3640610836871,-6038.195959684905,,,0,0,linear,long,10000,0.1,1,1.0,2026-08-20
3363,0.04867365809954771,1.0,-1.9513263419004523,0.0026761819803746653,-233.38156300951468,-6562.310487811221,,,0,0,linear,long,10000,0.1,2,1.0,2026-08-21
3288,0.04263098293991452,1.0,-1.9573690170600855,0.00030413625304136254,-382.1256407280354,-6435.829328093561,,,0,0,linear,long,10000,0.1,3,1.0,2026-08-22
2385,0.05717041894239028,2.0,-3.9428295810576097,0.0012578616352201257,-319.98433571533036,-9403.6485508224,,,0,1,linear,long,10000,0.1,0,2.0,2026-08-19
3093,0.04778662797125621,2.0,-3.952213372028744,0.00032331070158422246,-559.493011067765,-12224.195959684905,,,0,0,linear,long,10000,0.1,1,2.0,2026-08-20
3363,0.04867365809954771,2.0,-3.9513263419004523,0.0005947071067499256,-472.58456867612983,-13288.31048781122,,,0,0,linear,long,10000,0.1,2,2.0,2026-08-21
3288,0.0426309829399143,2.0,-3.9573690170600857,0.0,-772.5738775168018,-13011.829328093561,,,0,0,linear,long,10000,0.1,3,2.0,2026-08-22
2385,0.05717041894239028,3.0,-5.94282958105761,0.0004192872117400419,-482.29636525503923,-14173.6485508224,,,0,1,linear,long,10000,0.1,0,3.0,2026-08-19
3093,0.04778662797125577,3.0,-5.952213372028744,0.00032331070158422246,-842.6219610518428,-18410.195959684905,,,0,0,linear,long,10000,0.1,1,3.0,2026-08-20
3363,0.048673658099548156,3.0,-5.951326341900452,0.0002973535533749628,-711.7875743427451,-20014.31048781122,,,0,0,linear,long,10000,0.1,2,3.0,2026-08-21
3288,0.0426309829399143,3.0,-5.957369017060086,0.0,-1163.022114305568,-19587.82932809356,,,0,0,linear,long,10000,0.1,3,3.0,2026-08-22
2385,0.05717041894238939,5.0,-9.94282958105761,0.0004192872117400419,-806.920424334457,-23713.6485508224,,,0,1,linear,long,10000,0.1,0,5.0,2026-08-19
3093,0.04778662797125577,5.0,-9.952213372028744,0.0,-1408.8798610199985,-30782.195959684905,,,0,0,linear,long,10000,0.1,1,5.0,2026-08-20
3363,0.04867365809954727,5.0,-9.951326341900453,0.0,-1190.1935856759756,-33466.31048781122,,,0,0,linear,long,10000,0.1,2,5.0,2026-08-21
3288,0.042630982939915185,5.0,-9.957369017060085,0.0,-1943.9185878831004,-32739.82932809356,,,0,0,linear,long,10000,0.1,3,5.0,2026-08-22
1103,0.07103355897977659,1.0,-1.9289664410202234,0.013599274705349048,-79.08661842529733,-2127.6499844453065,,,0,1,linear,long,10000,0.05,0,1.0,2026-08-19
1747,0.04584023399578663,1.0,-1.9541597660042134,0.0028620492272467086,-178.77131605032483,-3413.917111209361,,,0,0,linear,long,10000,0.05,1,1.0,2026-08-20
1867,0.04287605579693299,1.0,-1.957123944203067,0.005356186395286556,-153.3938729043457,-3653.950403827126,,,0,0,linear,long,10000,0.05,2,1.0,2026-08-21
2134,0.04136260799127922,1.0,-1.9586373920087208,0.0,-277.2174129829699,-4179.73219454661,,,0,0,linear,long,10000,0.05,3,1.0,2026-08-22
1103,0.07103355897977659,2.0,-3.9289664410202234,0.003626473254759746,-161.08557573579228,-4333.6499844453065,,,0,1,linear,long,10000,0.05,0,2.0,2026-08-19
1747,0.045840233995786406,2.0,-3.9541597660042136,0.0005724098454493417,-361.73620885012815,-6907.917111209361,,,0,0,linear,long,10000,0.05,1,2.0,2026-08-20
1867,0.04287605579693299,2.0,-3.957123944203067,0.0010712372790573112,-310.1482505294246,-7387.950403827126,,,0,0,linear,long,10000,0.05,2,2.0,2026-08-21
2134,0.04136260799127944,2.0,-3.9586373920087206,0.0,-560.2891179489043,-8447.73219454661,,,0,0,linear,long,10000,0.05,3,2.0,2026-08-22
1103,0.07103355897977615,3.0,-5.928966441020224,0.001813236627379873,-243.08453304628725,-6539.6499844453065,,,0,1,linear,long,10000,0.05,0,3.0,2026-08-19
1747,0.045840233995786406,3.0,-5.954159766004214,0.0005724098454493417,-544.7011016499315,-10401.91711120936,,,0,0,linear,long,10000,0.05,1,3.0,2026-08-20
1867,0.04287605579693299,3.0,-5.957123944203067,0.0005356186395286556,-466.90262815450353,-11121.950403827126,,,0,0,linear,long,10000,0.05,2,3.0,2026-08-21
2134,0.041362607991279,3.0,-5.958637392008721,0.0,-843.3608229148388,-12715.73219454661,,,0,0,linear,long,10000,0.05,3,3.0,2026-08-22
1103,0.07103355897977615,5.0,-9.928966441020224,0.0009066183136899365,-407.08244766727717,-10951.649984445306,,,0,1,linear,long,10000,0.05,0,5.0,2026-08-19
1747,0.045840233995786406,5.0,-9.954159766004214,0.0,-910.6308872495382,-17389.91711120936,,,0,0,linear,long,10000,0.05,1,5.0,2026-08-20
1867,0.04287605579693299,5.0,-9.957123944203067,0.0,-780.4113834046614,-18589.950403827126,,,0,0,linear,long,10000,0.05,2,5.0,2026-08-21
2134,0.04136260799127989,5.0,-9.95863739200872,0.0,-1409.5042328467075,-21251.73219454661,,,0,0,linear,long,10000,0.05,3,5.0,2026-08-22
334,0.06950457342502991,1.0,-1.93049542657497,0.03293413173652695,-26.003254633958534,-644.78547247604,,,0,1,linear,long,10000,0.02,0,1.0,2026-08-19
691,0.031872596987792656,1.0,-1.9681274030122073,0.00723589001447178,-91.2520094807421,-1359.9760354814352,,,0,0,linear,long,10000,0.02,1,1.0,2026-08-20
721,0.026264468827330134,1.0,-1.9737355311726699,0.012482662968099861,-74.70726732183329,-1423.063317975495,,,0,0,linear,long,10000,0.02,2,1.0,2026-08-21
968,0.042831961602267876,1.0,-1.9571680383977321,0.0,-155.90603099626867,-1894.5386611690046,,,0,0,linear,long,10000,0.02,3,1.0,2026-08-22
334,0.06950457342502991,2.0,-3.93049542657497,0.011976047904191617,-52.94271719470933,-1312.78547247604,,,0,1,linear,long,10000,0.02,0,2.0,2026-08-19
691,0.03187259698779288,2.0,-3.968127403012207,0.001447178002894356,-183.98178839757588,-2741.9760354814352,,,0,0,linear,long,10000,0.02,1,2.0,2026-08-20
721,0.026264468827330134,2.0,-3.97373553117267,0.0027739251040221915,-150.40866311871284,-2865.063317975495,,,0,0,linear,long,10000,0.02,2,2.0,2026-08-21
968,0.0428319616022681,2.0,-3.957168038397732,0.0,-315.2240128328244,-3830.5386611690046,,,0,0,linear,long,10000,0.02,3,2.0,2026-08-22
334,0.06950457342502947,3.0,-5.9304954265749705,0.005988023952095809,-79.88217975546013,-1980.78547247604,,,0,1,linear,long,10000,0.02,0,3.0,2026-08-19
691,0.031872596987792434,3.0,-5.968127403012208,0.0,-276.7115673144097,-4123.976035481435,,,0,0,linear,long,10000,0.02,1,3.0,2026-08-20
721,0.026264468827330134,3.0,-5.97373553117267,0.0013869625520110957,-226.1100589155924,-4307.063317975495,,,0,0,linear,long,10000,0.02,2,3.0,2026-08-21
968,0.042831961602267654,3.0,-5.957168038397732,0.0,-474.5419946693802,-5766.538661169005,,,0,0,linear,long,10000,0.02,3,3.0,2026-08-22
334,0.06950457342503036,5.0,-9.93049542657497,0.0029940119760479044,-133.76110487696175,-3316.78547247604,,,0,1,linear,long,10000,0.02,0,5.0,2026-08-19
691,0.031872596987792434,5.0,-9.968127403012208,0.0,-462.1711251480773,-6887.976035481435,,,0,0,linear,long,10000,0.02,1,5.0,2026-08-20
721,0.026264468827330134,5.0,-9.97373553117267,0.0,-377.5128505093515,-7191.063317975495,,,0,0,linear,long,10000,0.02,2,5.0,2026-08-21
968,0.042831961602267654,5.0,-9.957168038397732,0.0,-793.1779583424917,-9638.538661169005,,,0,0,linear,long,10000,0.02,3,5.0,2026-08-22
152,-0.06346790419928228,1.0,-2.0634679041992823,0.07894736842105263,-12.76798454296923,-313.6471214382909,,,0,1,linear,long,10000,0.01,0,1.0,2026-08-19
280,0.03835091358715936,1.0,-1.9616490864128406,0.014285714285714285,-56.0706500133706,-549.2617441955954,,,0,0,linear,long,10000,0.01,1,1.0,2026-08-20
321,-0.009849751717410982,1.0,-2.009849751717411,0.009345794392523364,-49.777207401889605,-645.1617703012889,,,0,0,linear,long,10000,0.01,2,1.0,2026-08-21
512,0.038818485366618916,1.0,-1.961181514633381,0.0,-92.25284310618764,-1004.1249354922911,,,0,0,linear,long,10000,0.01,3,1.0,2026-08-22
152,-0.06346790419928272,2.0,-4.063467904199283,0.02631578947368421,-25.14325291228635,-617.6471214382909,,,0,1,linear,long,10000,0.01,0,2.0,2026-08-19
280,0.03835091358715914,2.0,-3.961649086412841,0.0,-113.23750049823883,-1109.2617441955954,,,0,0,linear,long,10000,0.01,1,2.0,2026-08-20
321,-0.009849751717410982,2.0,-4.009849751717411,0.003115264797507788,-99.31046963639754,-1287.161770301289,,,0,0,linear,long,10000,0.01,2,2.0,2026-08-21
512,0.038818485366618916,2.0,-3.961181514633381,0.0,-186.33168529171905,-2028.1249354922911,,,0,0,linear,long,10000,0.01,3,2.0,2026-08-22
152,-0.06346790419928272,3.0,-6.063467904199283,0.013157894736842105,-37.51852128160346,-921.6471214382909,,,0,1,linear,long,10000,0.01,0,3.0,2026-08-19
280,0.03835091358715914,3.0,-5.961649086412841,0.0,-170.40435098310707,-1669.2617441955954,,,0,0,linear,long,10000,0.01,1,3.0,2026-08-20
321,-0.009849751717410982,3.0,-6.009849751717411,0.0,-148.8437318709055,-1929.161770301289,,,0,0,linear,long,10000,0.01,2,3.0,2026-08-21
512,0.038818485366618916,3.0,-5.961181514633381,0.0,-280.41052747725047,-3052.124935492291,,,0,0,linear,long,10000,0.01,3,3.0,2026-08-22
152,-0.06346790419928183,5.0,-10.063467904199282,0.006578947368421052,-62.269058020237686,-1529.647121438291,,,0,1,linear,long,10000,0.01,0,5.0,2026-08-19
280,0.03835091358715914,5.0,-9.96164908641284,0.0,-284.73805195284353,-2789.2617441955954,,,0,0,linear,long,10000,0.01,1,5.0,2026-08-20
321,-0.009849751717410982,5.0,-10.009849751717411,0.0,-247.91025633992138,-3213.161770301289,,,0,0,linear,long,10000,0.01,2,5.0,2026-08-21
512,0.038818485366618916,5.0,-9.961181514633381,0.0,-468.5682118483132,-5100.124935492291,,,0,0,linear,long,10000,0.01,3,5.0,2026-08-22
1075,0.10130703792755691,1.0,-1.898692962072443,0.01674418604651163,-63.11983536385497,-2041.0949342278764,,,0,1,linear,long,30000,0.1,0,1.0,2026-08-19
1378,0.04759623502668053,1.0,-1.9524037649733195,0.009433962264150943,-110.4240166738873,-2690.4123881332343,,,0,0,linear,long,30000,0.1,1,1.0,2026-08-20
1573,0.05682391936559816,1.0,-1.9431760806344018,0.012078830260648443,-95.3059124600763,-3056.615974837914,,,0,0,linear,long,30000,0.1,2,1.0,2026-08-21
1513,0.0448733783544486,1.0,-1.9551266216455514,0.0019828155981493722,-154.89772232562203,-2958.1065785497194,,,0,0,linear,long,30000,0.1,3,1.0,2026-08-22
1075,0.10130703792755691,2.0,-3.898692962072443,0.0037209302325581397,-129.60750517115127,-4191.094934227876,,,0,1,linear,long,30000,0.1,0,2.0,2026-08-19
1378,0.04759623502668031,2.0,-3.9524037649733197,0.000725689404934688,-223.53998034382653,-5446.412388133234,,,0,0,linear,long,30000,0.1,1,2.0,2026-08-20
1573,0.05682391936559794,2.0,-3.943176080634402,0.0025429116338207248,-193.39883714136528,-6202.615974837914,,,0,0,linear,long,30000,0.1,2,2.0,2026-08-21
1513,0.0448733783544486,2.0,-3.9551266216455514,0.0,-313.35060267692205,-5984.106578549719,,,0,0,linear,long,30000,0.1,3,2.0,2026-08-22
1075,0.10130703792755646,3.0,-5.8986929620724435,0.0009302325581395349,-196.09517497844755,-6341.094934227876,,,0,1,linear,long,30000,0.1,0,3.0,2026-08-19
1378,0.04759623502668031,3.0,-5.95240376497332,0.0,-336.65594401376575,-8202.412388133234,,,0,0,linear,long,30000,0.1,1,3.0,2026-08-20
1573,0.056823919365598385,3.0,-5.943176080634402,0.0,-291.4917618226542,-9348.615974837914,,,0,0,linear,long,30000,0.1,2,3.0,2026-08-21
1513,0.04487337835444816,3.0,-5.955126621645552,0.0,-471.8034830282222,-9010.10657854972,,,0,0,linear,long,30000,0.1,3,3.0,2026-08-22
1075,0.10130703792755646,5.0,-9.898692962072444,0.0009302325581395349,-329.0705145930402,-10641.094934227876,,,0,1,linear,long,30000,0.1,0,5.0,2026-08-19
1378,0.0475962350266812,5.0,-9.952403764973319,0.0,-562.8878713536443,-13714.412388133234,,,0,0,linear,long,30000,0.1,1,5.0,2026-08-20
1573,0.056823919365598385,5.0,-9.943176080634402,0.0,-487.6776111852321,-15640.615974837914,,,0,0,linear,long,30000,0.1,2,5.0,2026-08-21
1513,0.044873378354449045,5.0,-9.955126621645551,0.0,-788.7092437308223,-15062.10657854972,,,0,0,linear,long,30000,0.1,3,5.0,2026-08-22
578,0.09789996469376461,1.0,-1.9021000353062354,0.03460207612456748,-27.965424056713427,-1099.413820407004,,,0,1,linear,long,30000,0.05,0,1.0,2026-08-19
871,0.03499259463277249,1.0,-1.9650074053672275,0.010332950631458095,-75.28192160864016,-1711.5214500748552,,,0,0,linear,long,30000,0.05,1,1.0,2026-08-20
1060,0.07063313254785619,1.0,-1.9293668674521438,0.016981132075471698,-72.06899542813288,-2045.1288794992724,,,0,0,linear,long,30000,0.05,2,1.0,2026-08-21
1004,0.04958516196753604,1.0,-1.950414838032464,0.0,-119.42730676546178,-1958.2164973845938,,,0,0,linear,long,30000,0.05,3,1.0,2026-08-22
578,0.09789996469376439,2.0,-3.9021000353062356,0.010380622837370242,-57.37021196232012,-2255.413820407004,,,0,1,linear,long,30000,0.05,0,2.0,2026-08-19
871,0.03499259463277227,2.0,-3.9650074053672277,0.001148105625717566,-151.90445382202,-3453.5214500748552,,,0,0,linear,long,30000,0.05,1,2.0,2026-08-20
1060,0.07063313254785619,2.0,-3.929366867452144,0.0037735849056603774,-146.77639985589187,-4165.128879499272,,,0,0,linear,long,30000,0.05,2,2.0,2026-08-21
1004,0.04958516196753582,2.0,-3.950414838032464,0.0,-241.89079959444115,-3966.216497384594,,,0,0,linear,long,30000,0.05,3,2.0,2026-08-22
578,0.09789996469376483,3.0,-5.902100035306235,0.0034602076124567475,-86.77499986792682,-3411.413820407004,,,0,1,linear,long,30000,0.05,0,3.0,2026-08-19
871,0.03499259463277227,3.0,-5.965007405367228,0.001148105625717566,-228.52698603539986,-5195.521450074855,,,0,0,linear,long,30000,0.05,1,3.0,2026-08-20
1060,0.07063313254785619,3.0,-5.929366867452144,0.0,-221.48380428365084,-6285.128879499272,,,0,0,linear,long,30000,0.05,2,3.0,2026-08-21
1004,0.04958516196753582,3.0,-5.950414838032464,0.0,-364.3542924234205,-5974.216497384594,,,0,0,linear,long,30000,0.05,3,3.0,2026-08-22
578,0.09789996469376483,5.0,-9.902100035306235,0.0017301038062283738,-145.58457567914022,-5723.413820407004,,,0,1,linear,long,30000,0.05,0,5.0,2026-08-19
871,0.03499259463277227,5.0,-9.965007405367228,0.0,-381.77205046215954,-8679.521450074855,,,0,0,linear,long,30000,0.05,1,5.0,2026-08-20
1060,0.07063313254785619,5.0,-9.929366867452144,0.0,-370.8986131391688,-10525.128879499272,,,0,0,linear,long,30000,0.05,2,5.0,2026-08-21
1004,0.049585161967536706,5.0,-9.950414838032463,0.0,-609.2812780813791,-9990.216497384594,,,0,0,linear,long,30000,0.05,3,5.0,2026-08-22
179,0.18067688242058844,1.0,-1.8193231175794116,0.0782122905027933,-8.822293725723576,-325.65883804671466,,,0,1,linear,long,30000,0.02,0,1.0,2026-08-19
418,0.059234017277031814,1.0,-1.9407659827229682,0.023923444976076555,-42.416294065219944,-811.2401807782007,,,0,0,linear,long,30000,0.02,1,1.0,2026-08-20
530,0.06477828191501045,1.0,-1.9352217180849896,0.02830188679245283,-44.70756288313379,-1025.6675105850445,,,0,0,linear,long,30000,0.02,2,1.0,2026-08-21
529,0.061912760711565484,1.0,-1.9380872392884345,0.001890359168241966,-75.51386195319154,-1025.2481495835818,,,0,0,linear,long,30000,0.02,3,1.0,2026-08-22
179,0.18067688242058866,2.0,-3.8193231175794113,0.027932960893854747,-18.520728973950987,-683.6588380467147,,,0,1,linear,long,30000,0.02,0,2.0,2026-08-19
418,0.059234017277031814,2.0,-3.940765982722968,0.0023923444976076554,-86.12717362804933,-1647.2401807782007,,,0,0,linear,long,30000,0.02,1,2.0,2026-08-20
530,0.06477828191501045,2.0,-3.9352217180849896,0.005660377358490566,-90.91163600336978,-2085.6675105850445,,,0,0,linear,long,30000,0.02,2,2.0,2026-08-21
529,0.061912760711565706,2.0,-3.9380872392884343,0.0,-153.44003619591172,-2083.248149583582,,,0,0,linear,long,30000,0.02,3,2.0,2026-08-22
179,0.18067688242058821,3.0,-5.819323117579412,0.0111731843575419,-28.21916422217841,-1041.6588380467147,,,0,1,linear,long,30000,0.02,0,3.0,2026-08-19
418,0.05923401727703137,3.0,-5.940765982722969,0.0023923444976076554,-129.83805319087875,-2483.2401807782007,,,0,0,linear,long,30000,0.02,1,3.0,2026-08-20
530,0.06477828191501,3.0,-5.93522171808499,0.0,-137.11570912360577,-3145.6675105850445,,,0,0,linear,long,30000,0.02,2,3.0,2026-08-21
529,0.06191276071156526,3.0,-5.938087239288435,0.0,-231.36621043863187,-3141.248149583582,,,0,0,linear,long,30000,0.02,3,3.0,2026-08-22
179,0.18067688242058821,5.0,-9.819323117579412,0.00558659217877095,-47.61603471863324,-1757.6588380467147,,,0,1,linear,long,30000,0.02,0,5.0,2026-08-19
418,0.05923401727703137,5.0,-9.940765982722969,0.0,-217.25981231653753,-4155.240180778201,,,0,0,linear,long,30000,0.02,1,5.0,2026-08-20
530,0.0647782819150109,5.0,-9.935221718084989,0.0,-229.52385536407775,-5265.6675105850445,,,0,0,linear,long,30000,0.02,2,5.0,2026-08-21
529,0.06191276071156615,5.0,-9.938087239288434,0.0,-387.21855892407217,-5257.248149583582,,,0,0,linear,long,30000,0.02,3,5.0,2026-08-22
87,0.26211356333103675,1.0,-1.7378864366689633,0.14942528735632185,-5.75900582305618,-151.1961199901998,,,0,1,linear,long,30000,0.01,0,1.0,2026-08-19
220,0.018918576756153493,1.0,-1.9810814232438465,0.03636363636363636,-26.177871906128757,-435.8379131136462,,,0,0,linear,long,30000,0.01,1,1.0,2026-08-20
297,0.06969504139342209,1.0,-1.930304958606578,0.03367003367003367,-30.600093643368393,-573.3005727061536,,,0,0,linear,long,30000,0.01,2,1.0,2026-08-21
288,0.06854620840911396,1.0,-1.931453791590886,0.003472222222222222,-50.635469136434914,-556.2586919781752,,,0,0,linear,long,30000,0.01,3,1.0,2026-08-22
87,0.26211356333103675,2.0,-3.7378864366689633,0.05747126436781609,-12.386603232809332,-325.1961199901998,,,0,1,linear,long,30000,0.01,0,2.0,2026-08-19
220,0.018918576756153715,2.0,-3.9810814232438463,0.004545454545454545,-52.605732567468756,-875.8379131136462,,,0,0,linear,long,30000,0.01,1,2.0,2026-08-20
297,0.06969504139342231,2.0,-3.9303049586065777,0.006734006734006734,-62.305025557813195,-1167.3005727061536,,,0,0,linear,long,30000,0.01,2,2.0,2026-08-21
288,0.06854620840911396,2.0,-3.931453791590886,0.0,-103.06796258452083,-1132.2586919781752,,,0,0,linear,long,30000,0.01,3,2.0,2026-08-22
87,0.2621135633310363,3.0,-5.737886436668964,0.011494252873563218,-19.014200642562486,-499.1961199901998,,,0,1,linear,long,30000,0.01,0,3.0,2026-08-19
220,0.01891857675615327,3.0,-5.981081423243847,0.004545454545454545,-79.03359322880874,-1315.8379131136462,,,0,0,linear,long,30000,0.01,1,3.0,2026-08-20
297,0.06969504139342231,3.0,-5.930304958606578,0.0,-94.00995747225801,-1761.3005727061536,,,0,0,linear,long,30000,0.01,2,3.0,2026-08-21
288,0.06854620840911352,3.0,-5.9314537915908865,0.0,-155.50045603260676,-1708.2586919781752,,,0,0,linear,long,30000,0.01,3,3.0,2026-08-22
87,0.2621135633310363,5.0,-9.737886436668964,0.011494252873563218,-32.26939546206879,-847.1961199901998,,,0,1,linear,long,30000,0.01,0,5.0,2026-08-19
220,0.01891857675615327,5.0,-9.981081423243847,0.0,-131.88931455148875,-2195.837913113646,,,0,0,linear,long,30000,0.01,1,5.0,2026-08-20
297,0.06969504139342142,5.0,-9.930304958606579,0.0,-157.4198213011477,-2949.3005727061536,,,0,0,linear,long,30000,0.01,2,5.0,2026-08-21
288,0.06854620840911352,5.0,-9.931453791590886,0.0,-260.3654429287786,-2860.258691978175,,,0,0,linear,long,30000,0.01,3,5.0,2026-08-22
554,0.12060114272238875,1.0,-1.8793988572776112,0.036101083032490974,-34.22093007196512,-1041.1869669317966,,,0,1,linear,long,60000,0.1,0,1.0,2026-08-19
786,0.051907424968294036,1.0,-1.948092575031706,0.022900763358778626,-60.618460766425734,-1531.2007639749208,,,0,0,linear,long,60000,0.1,1,1.0,2026-08-20
912,0.08357923046742943,1.0,-1.9164207695325706,0.04276315789473684,-47.72193402005717,-1747.7757418137044,,,0,0,linear,long,60000,0.1,2,1.0,2026-08-21
872,0.031472074688297935,1.0,-1.968527925311702,0.009174311926605505,-79.34847344713536,-1716.5563508718042,,,0,0,linear,long,60000,0.1,3,1.0,2026-08-22
554,0.12060114272238875,2.0,-3.8793988572776112,0.005415162454873646,-70.63781937617122,-2149.1869669317966,,,0,1,linear,long,60000,0.1,0,2.0,2026-08-19
786,0.05190742496829426,2.0,-3.9480925750317057,0.002544529262086514,-122.85211592569263,-3103.200763974921,,,0,0,linear,long,60000,0.1,1,2.0,2026-08-20
912,0.08357923046742943,2.0,-3.9164207695325706,0.005482456140350877,-97.52512419493397,-3571.7757418137044,,,0,0,linear,long,60000,0.1,2,2.0,2026-08-21
872,0.03147207468829816,2.0,-3.968527925311702,0.0011467889908256881,-159.9655400651475,-3460.556350871804,,,0,0,linear,long,60000,0.1,3,2.0,2026-08-22
554,0.12060114272238831,3.0,-5.879398857277612,0.005415162454873646,-107.05470868037735,-3257.1869669317966,,,0,1,linear,long,60000,0.1,0,3.0,2026-08-19
786,0.05190742496829426,3.0,-5.948092575031706,0.001272264631043257,-185.08577108495953,-4675.200763974921,,,0,0,linear,long,60000,0.1,1,3.0,2026-08-20
912,0.08357923046742943,3.0,-5.916420769532571,0.0021929824561403508,-147.32831436981076,-5395.775741813704,,,0,0,linear,long,60000,0.1,2,3.0,2026-08-21
872,0.03147207468829816,3.0,-5.968527925311702,0.0011467889908256881,-240.58260668315964,-5204.556350871804,,,0,0,linear,long,60000,0.1,3,3.0,2026-08-22
554,0.1206011427223892,5.0,-9.87939885727761,0.0018050541516245488,-179.88848728878958,-5473.186966931797,,,0,1,linear,long,60000,0.1,0,5.0,2026-08-19
786,0.05190742496829337,5.0,-9.948092575031707,0.0,-309.5530814034933,-7819.200763974921,,,0,0,linear,long,60000,0.1,1,5.0,2026-08-20
912,0.08357923046742854,5.0,-9.916420769532571,0.0,-246.93469471956433,-9043.775741813704,,,0,0,linear,long,60000,0.1,2,5.0,2026-08-21
872,0.03147207468829727,5.0,-9.968527925311703,0.0,-401.816739919184,-8692.556350871804,,,0,0,linear,long,60000,0.1,3,5.0,2026-08-22
298,0.22949566526827558,1.0,-1.7705043347317244,0.0738255033557047,-13.44562280605896,-527.6102917500539,,,0,1,linear,long,60000,0.05,0,1.0,2026-08-19
535,0.058369472685539936,1.0,-1.94163052731446,0.024299065420560748,-44.54624122636614,-1038.7723321132362,,,0,0,linear,long,60000,0.05,1,1.0,2026-08-20
659,0.0780490134427203,1.0,-1.9219509865572797,0.048558421851289835,-39.905310786192686,-1266.5657001412474,,,0,0,linear,long,60000,0.05,2,1.0,2026-08-21
617,0.035455523406319855,1.0,-1.9645444765936801,0.006482982171799027,-66.35944560564951,-1212.1239420583006,,,0,0,linear,long,60000,0.05,3,1.0,2026-08-22
298,0.22949566526827558,2.0,-3.7705043347317244,0.020134228187919462,-28.634089213396287,-1123.6102917500539,,,0,1,linear,long,60000,0.05,0,2.0,2026-08-19
535,0.058369472685539936,2.0,-3.94163052731446,0.005607476635514018,-90.43163558919547,-2108.772332113236,,,0,0,linear,long,60000,0.05,1,2.0,2026-08-20
659,0.0780490134427203,2.0,-3.9219509865572797,0.007587253414264037,-81.43114684060072,-2584.5657001412474,,,0,0,linear,long,60000,0.05,2,2.0,2026-08-21
617,0.035455523406319855,2.0,-3.96454447659368,0.0,-133.91652705255066,-2446.1239420583006,,,0,0,linear,long,60000,0.05,3,2.0,2026-08-22
298,0.22949566526827603,3.0,-5.770504334731724,0.010067114093959731,-43.82255562073361,-1719.6102917500539,,,0,1,linear,long,60000,0.05,0,3.0,2026-08-19
535,0.05836947268553949,3.0,-5.9416305273144605,0.001869158878504673,-136.31702995202482,-3178.772332113236,,,0,0,linear,long,60000,0.05,1,3.0,2026-08-20
659,0.07804901344271986,3.0,-5.92195098655728,0.0030349013657056147,-122.95698289500876,-3902.5657001412474,,,0,0,linear,long,60000,0.05,2,3.0,2026-08-21
617,0.035455523406319855,3.0,-5.96454447659368,0.0,-201.47360849945179,-3680.1239420583006,,,0,0,linear,long,60000,0.05,3,3.0,2026-08-22
298,0.22949566526827603,5.0,-9.770504334731724,0.006711409395973154,-74.19948843540826,-2911.610291750054,,,0,1,linear,long,60000,0.05,0,5.0,2026-08-19
535,0.05836947268553949,5.0,-9.94163052731446,0.0,-228.0878186776835,-5318.772332113236,,,0,0,linear,long,60000,0.05,1,5.0,2026-08-20
659,0.07804901344272075,5.0,-9.92195098655728,0.0,-206.0086550038248,-6538.565700141247,,,0,0,linear,long,60000,0.05,2,5.0,2026-08-21
617,0.035455523406319855,5.0,-9.96454447659368,0.0,-336.58777139325406,-6148.123942058301,,,0,0,linear,long,60000,0.05,3,5.0,2026-08-22
97,0.45887770813520157,1.0,-1.5411222918647984,0.15463917525773196,-4.359797744985169,-149.48886231088545,,,0,1,linear,long,60000,0.02,0,1.0,2026-08-19
283,0.12140465030313363,1.0,-1.8785953496968664,0.05653710247349823,-26.44243059320541,-531.6424839642132,,,0,0,linear,long,60000,0.02,1,1.0,2026-08-20
369,0.09826149601176337,1.0,-1.9017385039882366,0.05420054200542006,-28.21238711423521,-701.7415079716593,,,0,0,linear,long,60000,0.02,2,1.0,2026-08-21
346,0.03990260929049594,1.0,-1.960097390709504,0.008670520231213872,-42.98225411051388,-678.1936971854884,,,0,0,linear,long,60000,0.02,3,1.0,2026-08-22
97,0.45887770813520135,2.0,-3.5411222918647987,0.061855670103092786,-10.017749444210413,-343.48886231088545,,,0,1,linear,long,60000,0.02,0,2.0,2026-08-19
283,0.12140465030313363,2.0,-3.8785953496968664,0.01060070671378092,-54.593709257311765,-1097.6424839642132,,,0,0,linear,long,60000,0.02,1,2.0,2026-08-20
369,0.0982614960117636,2.0,-3.9017385039882364,0.008130081300813009,-57.8824885031165,-1439.7415079716593,,,0,0,linear,long,60000,0.02,2,2.0,2026-08-21
346,0.03990260929049594,2.0,-3.960097390709504,0.0,-86.83951785081754,-1370.1936971854884,,,0,0,linear,long,60000,0.02,3,2.0,2026-08-22
97,0.45887770813520135,3.0,-5.541122291864799,0.020618556701030927,-15.675701143435656,-537.4888623108855,,,0,1,linear,long,60000,0.02,0,3.0,2026-08-19
283,0.12140465030313408,3.0,-5.878595349696866,0.0035335689045936395,-82.74498792141812,-1663.6424839642132,,,0,0,linear,long,60000,0.02,1,3.0,2026-08-20
369,0.09826149601176315,3.0,-5.901738503988237,0.005420054200542005,-87.5525898919978,-2177.7415079716593,,,0,0,linear,long,60000,0.02,2,3.0,2026-08-21
346,0.03990260929049594,3.0,-5.960097390709504,0.0,-130.6967815911212,-2062.1936971854884,,,0,0,linear,long,60000,0.02,3,3.0,2026-08-22
97,0.45887770813520135,5.0,-9.541122291864799,0.020618556701030927,-26.991604541886144,-925.4888623108855,,,0,1,linear,long,60000,0.02,0,5.0,2026-08-19
283,0.12140465030313408,5.0,-9.878595349696866,0.0,-139.04754524963084,-2795.642483964213,,,0,0,linear,long,60000,0.02,1,5.0,2026-08-20
369,0.09826149601176404,5.0,-9.901738503988236,0.0,-146.89279266976038,-3653.7415079716593,,,0,0,linear,long,60000,0.02,2,5.0,2026-08-21
346,0.03990260929049505,5.0,-9.960097390709505,0.0,-218.41130907172857,-3446.1936971854884,,,0,0,linear,long,60000,0.02,3,5.0,2026-08-22
50,0.145339658856392,1.0,-1.854660341143608,0.16,-4.070105579555426,-92.7330170571804,,,0,1,linear,long,60000,0.01,0,1.0,2026-08-19
170,0.1188433137284044,1.0,-1.8811566862715956,0.06470588235294118,-18.243805108402817,-319.79663666617125,,,0,0,linear,long,60000,0.01,1,1.0,2026-08-20
230,0.08780861829771935,1.0,-1.9121913817022806,0.06521739130434782,-22.351312059633965,-439.80401779152453,,,0,0,linear,long,60000,0.01,2,1.0,2026-08-21
190,0.08274141205474739,1.0,-1.9172585879452526,0.015789473684210527,-27.795619130477977,-364.279131709598,,,0,0,linear,long,60000,0.01,3,1.0,2026-08-22
50,0.145339658856392,2.0,-3.854660341143608,0.06,-8.459163229912845,-192.7330170571804,,,0,1,linear,long,60000,0.01,0,2.0,2026-08-19
170,0.11884331372840418,2.0,-3.881156686271596,0.011764705882352941,-37.64017463098796,-659.7966366661713,,,0,0,linear,long,60000,0.01,1,2.0,2026-08-20
230,0.08780861829771958,2.0,-3.9121913817022804,0.008695652173913044,-45.72900560381913,-899.8040177915245,,,0,0,linear,long,60000,0.01,2,2.0,2026-08-21
190,0.08274141205474717,2.0,-3.917258587945253,0.0,-56.79078890595084,-744.279131709598,,,0,0,linear,long,60000,0.01,3,2.0,2026-08-22
50,0.14533965885639155,3.0,-5.8546603411436084,0.04,-12.848220880270265,-292.7330170571804,,,0,1,linear,long,60000,0.01,0,3.0,2026-08-19
170,0.11884331372840418,3.0,-5.881156686271596,0.0058823529411764705,-57.036544153573104,-999.7966366661713,,,0,0,linear,long,60000,0.01,1,3.0,2026-08-20
230,0.08780861829771958,3.0,-5.91219138170228,0.0,-69.10669914800431,-1359.8040177915245,,,0,0,linear,long,60000,0.01,2,3.0,2026-08-21
190,0.08274141205474717,3.0,-5.917258587945253,0.0,-85.7859586814237,-1124.279131709598,,,0,0,linear,long,60000,0.01,3,3.0,2026-08-22
50,0.14533965885639155,5.0,-9.854660341143608,0.02,-21.6263361809851,-492.7330170571804,,,0,1,linear,long,60000,0.01,0,5.0,2026-08-19
170,0.11884331372840506,5.0,-9.881156686271595,0.0,-95.82928319874337,-1679.7966366661713,,,0,0,linear,long,60000,0.01,1,5.0,2026-08-20
230,0.08780861829771958,5.0,-9.91219138170228,0.0,-115.86208623637464,-2279.8040177915245,,,0,0,linear,long,60000,0.01,2,5.0,2026-08-21
190,0.08274141205474805,5.0,-9.917258587945252,0.0,-143.77629823236938,-1884.279131709598,,,0,0,linear,long,60000,0.01,3,5.0,2026-08-22
8640,0.0029014131188214165,1.0,-1.9970985868811786,0.0,-1417.6466278338967,-17254.931790653383,,,0,1,linear,short,250,0.1,0,1.0,2026-08-19
8639,0.00650016419294519,1.0,-1.9934998358070548,0.0,-3606.902500681963,-17221.845081537147,,,0,0,linear,short,250,0.1,1,1.0,2026-08-20
8640,0.008862071034888785,1.0,-1.9911379289651112,0.0,-2830.6791161562924,-17203.43170625856,,,0,0,linear,short,250,0.1,2,1.0,2026-08-21
8640,0.008240127885397186,1.0,-1.9917598721146028,0.0,-4628.8436391907835,-17208.805295070168,,,0,0,linear,short,250,0.1,3,1.0,2026-08-22
8640,0.0029014131188214165,2.0,-3.9970985868811786,0.0,-2837.352832771733,-34534.93179065338,,,0,1,linear,short,250,0.1,0,2.0,2026-08-19
8639,0.006500164192944968,2.0,-3.993499835807055,0.0,-7225.56595466889,-34499.84508153715,,,0,0,linear,short,250,0.1,1,2.0,2026-08-20
8640,0.008862071034888785,2.0,-3.991137928965111,0.0,-5673.956897146111,-34483.43170625856,,,0,0,linear,short,250,0.1,2,2.0,2026-08-21
8640,0.008240127885397186,2.0,-3.991759872114603,0.0,-9276.837309508535,-34488.80529507017,,,0,0,linear,short,250,0.1,3,2.0,2026-08-22
8640,0.0029014131188214165,3.0,-5.997098586881179,0.0,-4257.05903770957,-51814.93179065338,,,0,1,linear,short,250,0.1,0,3.0,2026-08-19
8639,0.006500164192945412,3.0,-5.993499835807055,0.0,-10844.229408655816,-51777.84508153715,,,0,0,linear,short,250,0.1,1,3.0,2026-08-20
8640,0.008862071034888785,3.0,-5.991137928965111,0.0,-8517.234678135928,-51763.43170625856,,,0,0,linear,short,250,0.1,2,3.0,2026-08-21
8640,0.008240127885397186,3.0,-5.991759872114603,0.0,-13924.830979826287,-51768.80529507017,,,0,0,linear,short,250,0.1,3,3.0,2026-08-22
8640,0.0029014131188205283,5.0,-9.99709858688118,0.0,-7096.471447585241,-86374.93179065338,,,0,1,linear,short,250,0.1,0,5.0,2026-08-19
8639,0.006500164192944524,5.0,-9.993499835807055,0.0,-18081.55631662967,-86333.84508153715,,,0,0,linear,short,250,0.1,1,5.0,2026-08-20
8640,0.008862071034888785,5.0,-9.991137928965111,0.0,-14203.790240115568,-86323.43170625856,,,0,0,linear,short,250,0.1,2,5.0,2026-08-21
8640,0.008240127885397186,5.0,-9.991759872114603,0.0,-23220.81832046179,-86328.80529507017,,,0,0,linear,short,250,0.1,3,5.0,2026-08-22
4320,0.0031651969930626134,1.0,-1.9968348030069374,0.0,-716.5495783174681,-8626.32634898997,,,0,1,linear,short,250,0.05,0,1.0,2026-08-19
4320,0.0063350197934293195,1.0,-1.9936649802065707,0.0,-2199.8409870125515,-8612.632714492385,,,0,0,linear,short,250,0.05,1,1.0,2026-08-20
4320,0.008170866454047188,1.0,-1.9918291335459528,0.0,-1708.0455563157268,-8604.701856918517,,,0,0,linear,short,250,0.05,2,1.0,2026-08-21
4320,0.008922824629256976,1.0,-1.991077175370743,0.0,-2834.4201168012846,-8601.45339760161,,,0,0,linear,short,250,0.05,3,1.0,2026-08-22
4320,0.0031651969930628354,2.0,-3.996834803006937,0.0,-1434.2349644480087,-17266.32634898997,,,0,1,linear,short,250,0.05,0,2.0,2026-08-19
4320,0.006335019793429542,2.0,-3.9936649802065705,0.0,-4406.67213352205,-17252.632714492385,,,0,0,linear,short,250,0.05,1,2.0,2026-08-20
4320,0.008170866454046966,2.0,-3.991829133545953,0.0,-3423.0978442346004,-17244.701856918517,,,0,0,linear,short,250,0.05,2,2.0,2026-08-21
4320,0.008922824629256976,2.0,-3.991077175370743,0.0,-5681.542420107795,-17241.45339760161,,,0,0,linear,short,250,0.05,3,2.0,2026-08-22
4320,0.0031651969930628354,3.0,-5.996834803006937,0.0,-2151.9203505785495,-25906.32634898997,,,0,1,linear,short,250,0.05,0,3.0,2026-08-19
4320,0.0063350197934290975,3.0,-5.993664980206571,0.0,-6613.5032800315485,-25892.632714492385,,,0,0,linear,short,250,0.05,1,3.0,2026-08-20
4320,0.008170866454046966,3.0,-5.991829133545953,0.0,-5138.150132153473,-25884.701856918517,,,0,0,linear,short,250,0.05,2,3.0,2026-08-21
4320,0.008922824629256532,3.0,-5.9910771753707435,0.0,-8528.664723414302,-25881.45339760161,,,0,0,linear,short,250,0.05,3,3.0,2026-08-22
4320,0.0031651969930628354,5.0,-9.996834803006937,0.0,-3587.291122839631,-43186.32634898997,,,0,1,linear,short,250,0.05,0,5.0,2026-08-19
4320,0.0063350197934290975,5.0,-9.993664980206571,0.0,-11027.165573050546,-43172.632714492385,,,0,0,linear,short,250,0.05,1,5.0,2026-08-20
4320,0.008170866454047854,5.0,-9.991829133545952,0.0,-8568.254707991218,-43164.70185691852,,,0,0,linear,short,250,0.05,2,5.0,2026-08-21
4320,0.00892282462925742,5.0,-9.991077175370743,0.0,-14222.909330027322,-43161.45339760161,,,0,0,linear,short,250,0.05,3,5.0,2026-08-22
1728,0.0012809840855980692,1.0,-1.998719015914402,0.0,-290.18378069246864,-3453.7864595000865,,,0,1,linear,short,250,0.02,0,1.0,2026-08-19
1728,0.006943595644568479,1.0,-1.9930564043554315,0.0,-1104.2229266285735,-3444.0014667261858,,,0,0,linear,short,250,0.02,1,1.0,2026-08-20
1728,0.005068186283703424,1.0,-1.9949318137162966,0.0,-879.0836286593654,-3447.2421741017606,,,0,0,linear,short,250,0.02,2,1.0,2026-08-21
1728,0.008066225137251193,1.0,-1.9919337748627488,0.0,-1508.574087031256,-3442.06156296283,,,0,0,linear,short,250,0.02,3,1.0,2026-08-22
1728,0.0012809840855982912,2.0,-3.9987190159144017,0.0,-580.5535409058233,-6909.7864595000865,,,0,1,linear,short,250,0.02,0,2.0,2026-08-19
1728,0.006943595644568479,2.0,-3.9930564043554315,0.0,-2212.292847997093,-6900.001466726186,,,0,0,linear,short,250,0.02,1,2.0,2026-08-20
1728,0.005068186283703202,2.0,-3.994931813716297,0.0,-1760.4005966029945,-6903.242174101761,,,0,0,linear,short,250,0.02,2,2.0,2026-08-21
1728,0.00806622513725097,2.0,-3.991933774862749,0.0,-3023.257061002318,-6898.06156296283,,,0,0,linear,short,250,0.02,3,2.0,2026-08-22
1728,0.0012809840855982912,3.0,-5.998719015914402,0.0,-870.9233011191781,-10365.786459500086,,,0,1,linear,short,250,0.02,0,3.0,2026-08-19
1728,0.006943595644568035,3.0,-5.993056404355432,0.0,-3320.3627693656126,-10356.001466726186,,,0,0,linear,short,250,0.02,1,3.0,2026-08-20
1728,0.005068186283703646,3.0,-5.994931813716296,0.0,-2641.717564546623,-10359.24217410176,,,0,0,linear,short,250,0.02,2,3.0,2026-08-21
1728,0.008066225137251415,3.0,-5.991933774862749,0.0,-4537.94003497338,-10354.06156296283,,,0,0,linear,short,250,0.02,3,3.0,2026-08-22
1728,0.0012809840855982912,5.0,-9.998719015914402,0.0,-1451.6628215458875,-17277.786459500086,,,0,1,linear,short,250,0.02,0,5.0,2026-08-19
1728,0.006943595644568035,5.0,-9.993056404355432,0.0,-5536.502612102652,-17268.001466726186,,,0,0,linear,short,250,0.02,1,5.0,2026-08-20
1728,0.005068186283702758,5.0,-9.994931813716297,0.0,-4404.3515004338815,-17271.24217410176,,,0,0,linear,short,250,0.02,2,5.0,2026-08-21
1728,0.008066225137250527,5.0,-9.99193377486275,0.0,-7567.3059829155045,-17266.06156296283,,,0,0,linear,short,250,0.02,3,5.0,2026-08-22
864,-0.007969206827477038,1.0,-2.007969206827477,0.0,-148.45627614169314,-1734.8853946989402,,,0,1,linear,short,250,0.01,0,1.0,2026-08-19
864,0.0070417696729743184,1.0,-1.9929582303270257,0.0,-675.9484000264546,-1721.9159110025503,,,0,0,linear,short,250,0.01,1,1.0,2026-08-20
864,0.007504015277340237,1.0,-1.9924959847226598,0.0,-565.1444766862587,-1721.516530800378,,,0,0,linear,short,250,0.01,2,1.0,2026-08-21
864,0.004822257926409446,1.0,-1.9951777420735906,0.0,-868.2481451908426,-1723.8335691515822,,,0,0,linear,short,250,0.01,3,1.0,2026-08-22
864,-0.007969206827477038,2.0,-4.007969206827477,0.0,-296.3233605938984,-3462.88539469894,,,0,1,linear,short,250,0.01,0,2.0,2026-08-19
864,0.0070417696729743184,2.0,-3.9929582303270257,0.0,-1354.2851456144822,-3449.9159110025503,,,0,0,linear,short,250,0.01,1,2.0,2026-08-20
864,0.007504015277340237,2.0,-3.9924959847226598,0.0,-1132.4173655848756,-3449.516530800378,,,0,0,linear,short,250,0.01,2,2.0,2026-08-21
864,0.004822257926409446,2.0,-3.9951777420735906,0.0,-1738.5948084294484,-3451.833569151582,,,0,0,linear,short,250,0.01,3,2.0,2026-08-22
864,-0.007969206827477038,3.0,-6.007969206827477,0.0,-444.1904450461037,-5190.88539469894,,,0,1,linear,short,250,0.01,0,3.0,2026-08-19
864,0.0070417696729743184,3.0,-5.992958230327026,0.0,-2032.6218912025097,-5177.91591100255,,,0,0,linear,short,250,0.01,1,3.0,2026-08-20
864,0.007504015277340237,3.0,-5.99249598472266,0.0,-1699.6902544834923,-5177.516530800378,,,0,0,linear,short,250,0.01,2,3.0,2026-08-21
864,0.00482225792640989,3.0,-5.99517774207359,0.0,-2608.941471668054,-5179.833569151582,,,0,0,linear,short,250,0.01,3,3.0,2026-08-22
864,-0.007969206827477038,5.0,-10.007969206827477,0.0,-739.9246139505143,-8646.88539469894,,,0,1,linear,short,250,0.01,0,5.0,2026-08-19
864,0.00704176967297343,5.0,-9.992958230327027,0.0,-3389.2953823785656,-8633.91591100255,,,0,0,linear,short,250,0.01,1,5.0,2026-08-20
864,0.007504015277341125,5.0,-9.992495984722659,0.0,-2834.2360322807253,-8633.516530800378,,,0,0,linear,short,250,0.01,2,5.0,2026-08-21
864,0.00482225792640989,5.0,-9.99517774207359,0.0,-4349.634798145265,-8635.833569151582,,,0,0,linear,short,250,0.01,3,5.0,2026-08-22
6578,0.01481779439728892,1.0,-1.985182205602711,0.0003040437823046519,-965.3172455259651,-13058.528548454633,,,0,1,linear,short,1000,0.1,0,1.0,2026-08-19
6865,0.024075595603120226,1.0,-1.9759244043968798,0.0,-1628.7655961175021,-13564.72103618458,,,0,0,linear,short,1000,0.1,1,1.0,2026-08-20
7145,0.0251601049563952,1.0,-1.9748398950436048,0.0,-943.8501252323822,-14110.231050086557,,,0,0,linear,short,1000,0.1,2,1.0,2026-08-21
6869,0.02704352020842049,1.0,-1.9729564797915795,0.0,-1650.0850893691752,-13552.23805968836,,,0,0,linear,short,1000,0.1,3,1.0,2026-08-22
6578,0.014817794397289141,2.0,-3.985182205602711,0.00015202189115232594,-1937.8398107611195,-26214.528548454633,,,0,1,linear,short,1000,0.1,0,2.0,2026-08-19
6865,0.024075595603120448,2.0,-3.9759244043968796,0.0,-3277.3768410549396,-27294.72103618458,,,0,0,linear,short,1000,0.1,1,2.0,2026-08-20
7145,0.0251601049563952,2.0,-3.974839895043605,0.0,-1899.7252091834703,-28400.231050086557,,,0,0,linear,short,1000,0.1,2,2.0,2026-08-21
6869,0.027043520208420713,2.0,-3.9729564797915793,0.0,-3322.78806712922,-27290.23805968836,,,0,0,linear,short,1000,0.1,3,2.0,2026-08-22
6578,0.014817794397289141,3.0,-5.985182205602711,0.0,-2910.3623759962734,-39370.52854845463,,,0,1,linear,short,1000,0.1,0,3.0,2026-08-19
6865,0.024075595603120448,3.0,-5.9759244043968796,0.0,-4925.988085992377,-41024.72103618458,,,0,0,linear,short,1000,0.1,1,3.0,2026-08-20
7145,0.0251601049563952,3.0,-5.974839895043605,0.0,-2855.600293134559,-42690.23105008656,,,0,0,linear,short,1000,0.1,2,3.0,2026-08-21
6869,0.02704352020842027,3.0,-5.97295647979158,0.0,-4995.491044889265,-41028.23805968836,,,0,0,linear,short,1000,0.1,3,3.0,2026-08-22
6578,0.014817794397288253,5.0,-9.985182205602712,0.0,-4855.407506466583,-65682.52854845463,,,0,1,linear,short,1000,0.1,0,5.0,2026-08-19
6865,0.024075595603120448,5.0,-9.97592440439688,0.0,-8223.210575867251,-68484.72103618458,,,0,0,linear,short,1000,0.1,1,5.0,2026-08-20
7145,0.0251601049563952,5.0,-9.974839895043605,0.0,-4767.350461036735,-71270.23105008656,,,0,0,linear,short,1000,0.1,2,5.0,2026-08-21
6869,0.027043520208421157,5.0,-9.972956479791579,0.0,-8340.897000409353,-68504.23805968836,,,0,0,linear,short,1000,0.1,3,5.0,2026-08-22
3694,0.015626315285832915,1.0,-1.984373684714167,0.0005414185165132648,-562.7020195766218,-7330.276391334133,,,0,1,linear,short,1000,0.05,0,1.0,2026-08-19
3538,0.027703604246860802,1.0,-1.9722963957531392,0.0,-1097.2775050303458,-6977.984648174606,,,0,0,linear,short,1000,0.05,1,1.0,2026-08-20
3668,0.0233817003943666,1.0,-1.9766182996056334,0.0,-567.764402850548,-7250.235922953463,,,0,0,linear,short,1000,0.05,2,1.0,2026-08-21
3765,0.029644922653780936,1.0,-1.970355077346219,0.0,-1064.7635393923015,-7418.386866208515,,,0,0,linear,short,1000,0.05,3,1.0,2026-08-22
3694,0.015626315285832693,2.0,-3.9843736847141673,0.0002707092582566324,-1129.8351396246985,-14718.276391334133,,,0,1,linear,short,1000,0.05,0,2.0,2026-08-19
3538,0.027703604246860802,2.0,-3.972296395753139,0.0,-2209.967775512071,-14053.984648174606,,,0,0,linear,short,1000,0.05,1,2.0,2026-08-20
3668,0.0233817003943666,2.0,-3.9766182996056334,0.0,-1142.2449719759336,-14586.235922953463,,,0,0,linear,short,1000,0.05,2,2.0,2026-08-21
3765,0.029644922653780714,2.0,-3.9703550773462193,0.0,-2145.5469490774053,-14948.386866208515,,,0,0,linear,short,1000,0.05,3,2.0,2026-08-22
3694,0.015626315285833137,3.0,-5.984373684714167,0.0,-1696.9682596727746,-22106.276391334133,,,0,1,linear,short,1000,0.05,0,3.0,2026-08-19
3538,0.027703604246861246,3.0,-5.972296395753139,0.0,-3322.6580459937954,-21129.984648174606,,,0,0,linear,short,1000,0.05,1,3.0,2026-08-20
3668,0.023381700394367044,3.0,-5.976618299605633,0.0,-1716.7255411013189,-21922.235922953463,,,0,0,linear,short,1000,0.05,2,3.0,2026-08-21
3765,0.02964492265378116,3.0,-5.970355077346219,0.0,-3226.3303587625087,-22478.386866208515,,,0,0,linear,short,1000,0.05,3,3.0,2026-08-22
3694,0.01562631528583225,5.0,-9.984373684714168,0.0,-2831.2344997689274,-36882.27639133413,,,0,1,linear,short,1000,0.05,0,5.0,2026-08-19
3538,0.027703604246861246,5.0,-9.972296395753139,0.0,-5548.038586957245,-35281.984648174606,,,0,0,linear,short,1000,0.05,1,5.0,2026-08-20
3668,0.023381700394367044,5.0,-9.976618299605633,0.0,-2865.68667935209,-36594.23592295346,,,0,0,linear,short,1000,0.05,2,5.0,2026-08-21
3765,0.02964492265378027,5.0,-9.97035507734622,0.0,-5387.897178132716,-37538.386866208515,,,0,0,linear,short,1000,0.05,3,5.0,2026-08-22
1604,0.016068867652327512,1.0,-1.9839311323476725,0.0012468827930174563,-253.54537047274636,-3182.2255362856667,,,0,1,linear,short,1000,0.02,0,1.0,2026-08-19
1330,0.03076662853372425,1.0,-1.9692333714662758,0.0,-576.0352607451028,-2619.0803840501467,,,0,0,linear,short,1000,0.02,1,1.0,2026-08-20
1356,0.010200266756019927,1.0,-1.98979973324398,0.0,-255.16321229734177,-2698.168438278837,,,0,0,linear,short,1000,0.02,2,1.0,2026-08-21
1604,0.03211500470821482,1.0,-1.9678849952917852,0.0,-548.9108821125767,-3156.4875324480236,,,0,0,linear,short,1000,0.02,3,1.0,2026-08-22
1604,0.016068867652327512,2.0,-3.9839311323476725,0.0006234413965087282,-509.1443339032108,-6390.225536285667,,,0,1,linear,short,1000,0.02,0,2.0,2026-08-19
1330,0.03076662853372447,2.0,-3.9692333714662755,0.0,-1161.0702993461312,-5279.080384050147,,,0,0,linear,short,1000,0.02,1,2.0,2026-08-20
1356,0.010200266756019705,2.0,-3.9897997332439803,0.0,-511.6344621766932,-5410.168438278837,,,0,0,linear,short,1000,0.02,2,2.0,2026-08-21
1604,0.03211500470821482,2.0,-3.967884995291785,0.0,-1106.779744801057,-6364.487532448024,,,0,0,linear,short,1000,0.02,3,2.0,2026-08-22
1604,0.016068867652327512,3.0,-5.9839311323476725,0.0,-764.7432973336753,-9598.225536285667,,,0,1,linear,short,1000,0.02,0,3.0,2026-08-19
1330,0.03076662853372447,3.0,-5.9692333714662755,0.0,-1746.1053379471593,-7939.080384050147,,,0,0,linear,short,1000,0.02,1,3.0,2026-08-20
1356,0.010200266756020149,3.0,-5.98979973324398,0.0,-768.1057120560446,-8122.168438278837,,,0,0,linear,short,1000,0.02,2,3.0,2026-08-21
1604,0.03211500470821438,3.0,-5.967884995291786,0.0,-1664.6486074895374,-9572.487532448024,,,0,0,linear,short,1000,0.02,3,3.0,2026-08-22
1604,0.016068867652327512,5.0,-9.983931132347672,0.0,-1275.941224194604,-16014.225536285667,,,0,1,linear,short,1000,0.02,0,5.0,2026-08-19
1330,0.03076662853372447,5.0,-9.969233371466276,0.0,-2916.175415149216,-13259.080384050147,,,0,0,linear,short,1000,0.02,1,5.0,2026-08-20
1356,0.01020026675601926,5.0,-9.98979973324398,0.0,-1281.0482118147474,-13546.168438278837,,,0,0,linear,short,1000,0.02,2,5.0,2026-08-21
1604,0.03211500470821527,5.0,-9.967884995291785,0.0,-2780.3863328664975,-15988.487532448024,,,0,0,linear,short,1000,0.02,3,5.0,2026-08-22
825,0.01703217184354533,1.0,-1.9829678281564547,0.0024242424242424242,-133.69092521626132,-1635.9484582290752,,,0,1,linear,short,1000,0.01,0,1.0,2026-08-19
600,0.033997398332382245,1.0,-1.9660026016676178,0.0,-319.09166978681293,-1179.6015610005707,,,0,0,linear,short,1000,0.01,1,1.0,2026-08-20
642,0.008498828004424697,1.0,-1.9915011719955753,0.0,-147.34235252225068,-1278.5437524211593,,,0,0,linear,short,1000,0.01,2,1.0,2026-08-21
801,0.03551044071252485,1.0,-1.9644895592874752,0.0,-309.10576178046756,-1573.5561369892675,,,0,0,linear,short,1000,0.01,3,1.0,2026-08-22
825,0.017032171843545107,2.0,-3.982967828156455,0.0012121212121212121,-268.5301528809406,-3285.948458229075,,,0,1,linear,short,1000,0.01,0,2.0,2026-08-19
600,0.03399739833238202,2.0,-3.966002601667618,0.0,-643.7012806959241,-2379.6015610005707,,,0,0,linear,short,1000,0.01,1,2.0,2026-08-20
642,0.008498828004424919,2.0,-3.991501171995575,0.0,-295.3134956922112,-2562.5437524211593,,,0,0,linear,short,1000,0.01,2,2.0,2026-08-21
801,0.03551044071252507,2.0,-3.964489559287475,0.0,-623.7989708322691,-3175.5561369892675,,,0,0,linear,short,1000,0.01,3,2.0,2026-08-22
825,0.017032171843545107,3.0,-5.982967828156455,0.0,-403.3693805456198,-4935.948458229075,,,0,1,linear,short,1000,0.01,0,3.0,2026-08-19
600,0.03399739833238247,3.0,-5.9660026016676175,0.0,-968.3108916050354,-3579.6015610005707,,,0,0,linear,short,1000,0.01,1,3.0,2026-08-20
642,0.008498828004424475,3.0,-5.9915011719955755,0.0,-443.2846388621717,-3846.5437524211593,,,0,0,linear,short,1000,0.01,2,3.0,2026-08-21
801,0.03551044071252463,3.0,-5.964489559287475,0.0,-938.4921798840709,-4777.5561369892675,,,0,0,linear,short,1000,0.01,3,3.0,2026-08-22
825,0.017032171843545996,5.0,-9.982967828156454,0.0,-673.0478358749781,-8235.948458229075,,,0,1,linear,short,1000,0.01,0,5.0,2026-08-19
600,0.03399739833238158,5.0,-9.966002601667618,0.0,-1617.5301134232582,-5979.601561000571,,,0,0,linear,short,1000,0.01,1,5.0,2026-08-20
642,0.008498828004425363,5.0,-9.991501171995575,0.0,-739.2269252020925,-6414.543752421159,,,0,0,linear,short,1000,0.01,2,5.0,2026-08-21
801,0.03551044071252463,5.0,-9.964489559287475,0.0,-1567.8785979876743,-7981.5561369892675,,,0,0,linear,short,1000,0.01,3,5.0,2026-08-22
3513,0.03264085370834513,1.0,-1.9673591462916549,0.000569313976658127,-607.6127236039985,-6911.332680922584,,,0,1,linear,short,5000,0.1,0,1.0,2026-08-19
4095,0.03792192640240155,1.0,-1.9620780735975984,0.0,-534.4323411636369,-8034.709711382166,,,0,0,linear,short,5000,0.1,1,1.0,2026-08-20
4324,0.023238639220743762,1.0,-1.9767613607792562,0.0006938020351526364,-332.59872723941356,-8547.516124009504,,,0,0,linear,short,5000,0.1,2,1.0,2026-08-21
4337,0.045618764513622345,1.0,-1.9543812354863777,0.0004611482591653217,-602.413590507449,-8476.15141830442,,,0,0,linear,short,5000,0.1,3,1.0,2026-08-22
3513,0.03264085370834513,2.0,-3.967359146291655,0.0,-1225.306472861026,-13937.332680922584,,,0,1,linear,short,5000,0.1,0,2.0,2026-08-19
4095,0.03792192640240177,2.0,-3.9620780735975982,0.0,-1079.1938859310376,-16224.709711382166,,,0,0,linear,short,5000,0.1,1,2.0,2026-08-20
4324,0.02323863922074354,2.0,-3.9767613607792565,0.0,-669.1074569611441,-17195.516124009504,,,0,0,linear,short,5000,0.1,2,2.0,2026-08-21
4337,0.045618764513622345,2.0,-3.9543812354863777,0.0,-1218.8885950451684,-17150.15141830442,,,0,0,linear,short,5000,0.1,3,2.0,2026-08-22
3513,0.032640853708344686,3.0,-5.967359146291655,0.0,-1843.0002221180528,-20963.332680922584,,,0,1,linear,short,5000,0.1,0,3.0,2026-08-19
4095,0.03792192640240177,3.0,-5.962078073597598,0.0,-1623.9554306984385,-24414.709711382166,,,0,0,linear,short,5000,0.1,1,3.0,2026-08-20
4324,0.023238639220743984,3.0,-5.976761360779256,0.0,-1005.6161866828746,-25843.516124009504,,,0,0,linear,short,5000,0.1,2,3.0,2026-08-21
4337,0.045618764513622345,3.0,-5.954381235486378,0.0,-1835.3635995828874,-25824.15141830442,,,0,0,linear,short,5000,0.1,3,3.0,2026-08-22
3513,0.032640853708345574,5.0,-9.967359146291654,0.0,-3078.387720632107,-35015.332680922584,,,0,1,linear,short,5000,0.1,0,5.0,2026-08-19
4095,0.037921926402400885,5.0,-9.9620780735976,0.0,-2713.47852023324,-40794.709711382166,,,0,0,linear,short,5000,0.1,1,5.0,2026-08-20
4324,0.023238639220743096,5.0,-9.976761360779257,0.0,-1678.6336461263363,-43139.516124009504,,,0,0,linear,short,5000,0.1,2,5.0,2026-08-21
4337,0.04561876451362146,5.0,-9.954381235486379,0.0,-3068.313608658326,-43172.15141830442,,,0,0,linear,short,5000,0.1,3,5.0,2026-08-22
2257,0.03685070897729403,1.0,-1.963149291022706,0.0008861320336730173,-445.6858993088193,-4430.827949838247,,,0,1,linear,short,5000,0.05,0,1.0,2026-08-19
2195,0.033355586391879966,1.0,-1.96664441360812,0.0,-343.8702377836937,-4316.784487869823,,,0,0,linear,short,5000,0.05,1,1.0,2026-08-20
2149,0.011950132751355369,1.0,-1.9880498672486446,0.0018613308515588647,-196.31226612692967,-4272.319164717337,,,0,0,linear,short,5000,0.05,2,1.0,2026-08-21
2678,0.046466298839891174,1.0,-1.9535337011601088,0.0007468259895444362,-429.1915713051677,-5231.563251706772,,,0,0,linear,short,5000,0.05,3,1.0,2026-08-22
2257,0.03685070897729403,2.0,-3.963149291022706,0.0,-899.737867080092,-8944.827949838247,,,0,1,linear,short,5000,0.05,0,2.0,2026-08-19
2195,0.03335558639188019,2.0,-3.96664441360812,0.0,-693.5727416062423,-8706.784487869823,,,0,0,linear,short,5000,0.05,1,2.0,2026-08-20
2149,0.011950132751355369,2.0,-3.9880498672486446,0.0,-393.8045618293664,-8570.319164717337,,,0,0,linear,short,5000,0.05,2,2.0,2026-08-21
2678,0.046466298839891174,2.0,-3.953533701160109,0.0,-868.5917936307837,-10587.563251706772,,,0,0,linear,short,5000,0.05,3,2.0,2026-08-22
2257,0.03685070897729403,3.0,-5.963149291022706,0.0,-1353.7898348513647,-13458.827949838247,,,0,1,linear,short,5000,0.05,0,3.0,2026-08-19
2195,0.03335558639188019,3.0,-5.96664441360812,0.0,-1043.2752454287909,-13096.784487869823,,,0,0,linear,short,5000,0.05,1,3.0,2026-08-20
2149,0.011950132751355369,3.0,-5.988049867248645,0.0,-591.2968575318031,-12868.319164717337,,,0,0,linear,short,5000,0.05,2,3.0,2026-08-21
2678,0.046466298839891174,3.0,-5.953533701160109,0.0,-1307.9920159563997,-15943.563251706772,,,0,0,linear,short,5000,0.05,3,3.0,2026-08-22
2257,0.03685070897729403,5.0,-9.963149291022706,0.0,-2261.89377039391,-22486.827949838247,,,0,1,linear,short,5000,0.05,0,5.0,2026-08-19
2195,0.0333555863918793,5.0,-9.96664441360812,0.0,-1742.680253073888,-21876.784487869823,,,0,0,linear,short,5000,0.05,1,5.0,2026-08-20
2149,0.011950132751355369,5.0,-9.988049867248645,0.0,-986.2814489366765,-21464.319164717337,,,0,0,linear,short,5000,0.05,2,5.0,2026-08-21
2678,0.046466298839890285,5.0,-9.95353370116011,0.0,-2186.792460607632,-26655.56325170677,,,0,0,linear,short,5000,0.05,3,5.0,2026-08-22
1151,0.03273041364399032,1.0,-1.9672695863560097,0.0017376194613379669,-265.1675518495651,-2264.327293895767,,,0,1,linear,short,5000,0.02,0,1.0,2026-08-19
754,0.019551754140311184,1.0,-1.9804482458596888,0.0,-154.10852322779135,-1493.2579773782054,,,0,0,linear,short,5000,0.02,1,1.0,2026-08-20
752,0.029784858924494007,1.0,-1.970215141075506,0.009308510638297872,-89.19292002668178,-1481.6017860887805,,,0,0,linear,short,5000,0.02,2,1.0,2026-08-21
1242,0.04163174814518,1.0,-1.95836825185482,0.001610305958132045,-231.35385389550086,-2432.2933688036865,,,0,0,linear,short,5000,0.02,3,1.0,2026-08-22
1151,0.03273041364399054,2.0,-3.9672695863560095,0.0,-534.7468242468344,-4566.327293895767,,,0,1,linear,short,5000,0.02,0,2.0,2026-08-19
754,0.019551754140310962,2.0,-3.980448245859689,0.0,-309.73846564105014,-3001.2579773782054,,,0,0,linear,short,5000,0.02,1,2.0,2026-08-20
752,0.029784858924494007,2.0,-3.970215141075506,0.0,-179.73421997628316,-2985.6017860887805,,,0,0,linear,short,5000,0.02,2,2.0,2026-08-21
1242,0.04163174814517978,2.0,-3.95836825185482,0.0,-467.6259173099071,-4916.2933688036865,,,0,0,linear,short,5000,0.02,3,2.0,2026-08-22
1151,0.0327304136439901,3.0,-5.96726958635601,0.0,-804.3260966441039,-6868.327293895767,,,0,1,linear,short,5000,0.02,0,3.0,2026-08-19
754,0.019551754140310962,3.0,-5.980448245859689,0.0,-465.3684080543089,-4509.257977378205,,,0,0,linear,short,5000,0.02,1,3.0,2026-08-20
752,0.02978485892449445,3.0,-5.9702151410755055,0.0,-270.27551992588445,-4489.6017860887805,,,0,0,linear,short,5000,0.02,2,3.0,2026-08-21
1242,0.041631748145180225,3.0,-5.95836825185482,0.0,-703.8979807243131,-7400.2933688036865,,,0,0,linear,short,5000,0.02,3,3.0,2026-08-22
1151,0.032730413643990985,5.0,-9.967269586356009,0.0,-1343.4846414386425,-11472.327293895767,,,0,1,linear,short,5000,0.02,0,5.0,2026-08-19
754,0.019551754140310962,5.0,-9.980448245859689,0.0,-776.6282928808264,-7525.257977378205,,,0,0,linear,short,5000,0.02,1,5.0,2026-08-20
752,0.029784858924493562,5.0,-9.970215141075506,0.0,-451.3581198250872,-7497.6017860887805,,,0,0,linear,short,5000,0.02,2,5.0,2026-08-21
1242,0.041631748145180225,5.0,-9.95836825185482,0.0,-1176.4421075531257,-12368.293368803686,,,0,0,linear,short,5000,0.02,3,5.0,2026-08-22
645,0.028247461156096554,1.0,-1.9717525388439034,0.0031007751937984496,-158.7877754289862,-1271.7803875543177,,,0,1,linear,short,5000,0.01,0,1.0,2026-08-19
352,0.028743939615444747,1.0,-1.9712560603845553,0.0,-94.59668576858714,-693.8821332553634,,,0,0,linear,short,5000,0.01,1,1.0,2026-08-20
349,0.07675445093813327,1.0,-1.9232455490618667,0.017191977077363897,-47.0023077694442,-671.2126966225915,,,0,0,linear,short,5000,0.01,2,1.0,2026-08-21
616,0.03506815682699016,1.0,-1.9649318431730098,0.00487012987012987,-115.82026044788101,-1210.398015394574,,,0,0,linear,short,5000,0.01,3,1.0,2026-08-22
645,0.028247461156096776,2.0,-3.9717525388439032,0.0,-319.85035534288164,-2561.7803875543177,,,0,1,linear,short,5000,0.01,0,2.0,2026-08-19
352,0.02874393961544497,2.0,-3.971256060384555,0.0,-190.5727364396837,-1397.8821332553634,,,0,0,linear,short,5000,0.01,1,2.0,2026-08-20
349,0.07675445093813327,2.0,-3.9232455490618667,0.0,-95.88042194719056,-1369.2126966225915,,,0,0,linear,short,5000,0.01,2,2.0,2026-08-21
616,0.03506815682699038,2.0,-3.9649318431730096,0.0,-233.70756615803958,-2442.398015394574,,,0,0,linear,short,5000,0.01,3,2.0,2026-08-22
645,0.028247461156096776,3.0,-5.971752538843903,0.0,-480.91293525677713,-3851.7803875543177,,,0,1,linear,short,5000,0.01,0,3.0,2026-08-19
352,0.028743939615444525,3.0,-5.9712560603845555,0.0,-286.54878711078027,-2101.8821332553634,,,0,0,linear,short,5000,0.01,1,3.0,2026-08-20
349,0.07675445093813327,3.0,-5.923245549061867,0.0,-144.7585361249369,-2067.2126966225915,,,0,0,linear,short,5000,0.01,2,3.0,2026-08-21
616,0.03506815682699038,3.0,-5.96493184317301,0.0,-351.59487186819814,-3674.398015394574,,,0,0,linear,short,5000,0.01,3,3.0,2026-08-22
645,0.028247461156096776,5.0,-9.971752538843903,0.0,-803.038095084568,-6431.780387554318,,,0,1,linear,short,5000,0.01,0,5.0,2026-08-19
352,0.028743939615445413,5.0,-9.971256060384555,0.0,-478.50088845297336,-3509.8821332553634,,,0,0,linear,short,5000,0.01,1,5.0,2026-08-20
349,0.07675445093813416,5.0,-9.923245549061866,0.0,-242.51476448042962,-3463.2126966225915,,,0,0,linear,short,5000,0.01,2,5.0,2026-08-21
616,0.035068156826989494,5.0,-9.96493184317301,0.0,-587.3694832885155,-6138.398015394574,,,0,0,linear,short,5000,0.01,3,5.0,2026-08-22
2464,0.04146489644789386,1.0,-1.9585351035521061,0.0008116883116883117,-345.0469026030542,-4825.83049515239,,,0,1,linear,short,10000,0.1,0,1.0,2026-08-19
3089,0.04495052599761773,1.0,-1.9550494740023823,0.0006474587245063128,-346.0448844509283,-6039.147825193359,,,0,0,linear,short,10000,0.1,1,1.0,2026-08-20
3311,0.03520779059818713,1.0,-1.9647922094018129,0.004832376925400181,-224.19802184707194,-6505.427005329402,,,0,0,linear,short,10000,0.1,2,1.0,2026-08-21
3298,0.05418753854078573,1.0,-1.9458124614592143,0.0015160703456640388,-382.5415978562529,-6417.289497892489,,,0,0,linear,short,10000,0.1,3,1.0,2026-08-22
2464,0.04146489644789364,2.0,-3.9585351035521064,0.00040584415584415587,-697.3989252727101,-9753.83049515239,,,0,1,linear,short,10000,0.1,0,2.0,2026-08-19
3089,0.04495052599761795,2.0,-3.955049474002382,0.0,-700.0460379281386,-12217.147825193359,,,0,0,linear,short,10000,0.1,1,2.0,2026-08-20
3311,0.03520779059818713,2.0,-3.964792209401813,0.0006040471156750226,-452.41352552654723,-13127.427005329402,,,0,0,linear,short,10000,0.1,2,2.0,2026-08-21
3298,0.05418753854078551,2.0,-3.9458124614592145,0.0,-775.7363228703741,-13013.289497892489,,,0,0,linear,short,10000,0.1,3,2.0,2026-08-22
2464,0.041464896447894084,3.0,-5.958535103552106,0.00040584415584415587,-1049.7509479423659,-14681.83049515239,,,0,1,linear,short,10000,0.1,0,3.0,2026-08-19
3089,0.04495052599761795,3.0,-5.955049474002382,0.0,-1054.047191405349,-18395.14782519336,,,0,0,linear,short,10000,0.1,1,3.0,2026-08-20
3311,0.03520779059818757,3.0,-5.964792209401812,0.0,-680.6290292060227,-19749.427005329402,,,0,0,linear,short,10000,0.1,2,3.0,2026-08-21
3298,0.05418753854078595,3.0,-5.945812461459214,0.0,-1168.931047884495,-19609.28949789249,,,0,0,linear,short,10000,0.1,3,3.0,2026-08-22
2464,0.041464896447893196,5.0,-9.958535103552107,0.0,-1754.454993281678,-24537.83049515239,,,0,1,linear,short,10000,0.1,0,5.0,2026-08-19
3089,0.04495052599761706,5.0,-9.955049474002383,0.0,-1762.0494983597696,-30751.14782519336,,,0,0,linear,short,10000,0.1,1,5.0,2026-08-20
3311,0.03520779059818757,5.0,-9.964792209401812,0.0,-1137.0600365649734,-32993.4270053294,,,0,0,linear,short,10000,0.1,2,5.0,2026-08-21
3298,0.05418753854078595,5.0,-9.945812461459214,0.0,-1955.3204979127372,-32801.28949789249,,,0,0,linear,short,10000,0.1,3,5.0,2026-08-22
1711,0.043560397470084666,1.0,-1.9564396025299153,0.0011689070718877848,-271.5500851821437,-3347.468159928685,,,0,1,linear,short,10000,0.05,0,1.0,2026-08-19
1788,0.0410055398950937,1.0,-1.9589944601049063,0.0011185682326621924,-251.16393433833386,-3502.6820946675725,,,0,0,linear,short,10000,0.05,1,1.0,2026-08-20
1790,0.024536520552069563,1.0,-1.9754634794479304,0.008379888268156424,-145.99186924754474,-3536.0796282117954,,,0,0,linear,short,10000,0.05,2,1.0,2026-08-21
2193,0.056987093067849104,1.0,-1.943012906932151,0.002279981760145919,-291.8599410347705,-4261.027304902207,,,0,0,linear,short,10000,0.05,3,1.0,2026-08-22
1711,0.043560397470084666,2.0,-3.9564396025299153,0.0005844535359438924,-549.1462704474555,-6769.468159928685,,,0,1,linear,short,10000,0.05,0,2.0,2026-08-19
1788,0.0410055398950937,2.0,-3.9589944601049063,0.0,-507.58521520799366,-7078.6820946675725,,,0,0,linear,short,10000,0.05,1,2.0,2026-08-20
1790,0.024536520552069785,2.0,-3.97546347944793,0.0,-293.7970509341676,-7116.079628211795,,,0,0,linear,short,10000,0.05,2,2.0,2026-08-21
2193,0.05698709306784888,2.0,-3.943012906932151,0.0,-592.2799125063879,-8647.027304902207,,,0,0,linear,short,10000,0.05,3,2.0,2026-08-22
1711,0.043560397470084666,3.0,-5.956439602529915,0.0005844535359438924,-826.7424557127674,-10191.468159928685,,,0,1,linear,short,10000,0.05,0,3.0,2026-08-19
1788,0.04100553989509326,3.0,-5.958994460104907,0.0,-764.0064960776534,-10654.682094667573,,,0,0,linear,short,10000,0.05,1,3.0,2026-08-20
1790,0.02453652055206934,3.0,-5.975463479447931,0.0,-441.6022326207905,-10696.079628211795,,,0,0,linear,short,10000,0.05,2,3.0,2026-08-21
2193,0.05698709306784888,3.0,-5.943012906932151,0.0,-892.6998839780052,-13033.027304902207,,,0,0,linear,short,10000,0.05,3,3.0,2026-08-22
1711,0.043560397470084666,5.0,-9.956439602529915,0.0,-1381.934826243391,-17035.468159928685,,,0,1,linear,short,10000,0.05,0,5.0,2026-08-19
1788,0.041005539895094145,5.0,-9.958994460104906,0.0,-1276.849057816973,-17806.682094667573,,,0,0,linear,short,10000,0.05,1,5.0,2026-08-20
1790,0.02453652055207023,5.0,-9.97546347944793,0.0,-737.2125959940362,-17856.079628211795,,,0,0,linear,short,10000,0.05,2,5.0,2026-08-21
2193,0.05698709306784977,5.0,-9.94301290693215,0.0,-1493.5398269212396,-21805.027304902207,,,0,0,linear,short,10000,0.05,3,5.0,2026-08-22
962,0.049465156519343134,1.0,-1.9505348434806569,0.002079002079002079,-171.96695103528702,-1876.414519428392,,,0,1,linear,short,10000,0.02,0,1.0,2026-08-19
604,0.05855068933320484,1.0,-1.9414493106667952,0.0033112582781456954,-114.19272843108682,-1172.6353836427443,,,0,0,linear,short,10000,0.02,1,1.0,2026-08-20
532,0.020691973090485094,1.0,-1.979308026909515,0.022556390977443608,-55.51662515909222,-1052.991870315862,,,0,0,linear,short,10000,0.02,2,1.0,2026-08-21
1066,0.05343560575331541,1.0,-1.9465643942466846,0.004690431519699813,-166.55267198020056,-2075.037644266966,,,0,0,linear,short,10000,0.02,3,1.0,2026-08-22
962,0.04946515651934291,2.0,-3.950534843480657,0.0010395010395010396,-348.29494805626655,-3800.414519428392,,,0,1,linear,short,10000,0.02,0,2.0,2026-08-19
604,0.058550689333205064,2.0,-3.941449310666795,0.0,-231.82930828273078,-2380.6353836427443,,,0,0,linear,short,10000,0.02,1,2.0,2026-08-20
532,0.020691973090485316,2.0,-3.9793080269095147,0.0,-111.6136291668774,-2116.991870315862,,,0,0,linear,short,10000,0.02,2,2.0,2026-08-21
1066,0.05343560575331541,2.0,-3.9465643942466846,0.0,-337.6774212794972,-4207.037644266966,,,0,0,linear,short,10000,0.02,3,2.0,2026-08-22
962,0.04946515651934291,3.0,-5.950534843480657,0.0010395010395010396,-524.6229450772461,-5724.414519428392,,,0,1,linear,short,10000,0.02,0,3.0,2026-08-19
604,0.058550689333205064,3.0,-5.941449310666795,0.0,-349.4658881343748,-3588.6353836427443,,,0,0,linear,short,10000,0.02,1,3.0,2026-08-20
532,0.020691973090484872,3.0,-5.979308026909515,0.0,-167.7106331746626,-3180.991870315862,,,0,0,linear,short,10000,0.02,2,3.0,2026-08-21
1066,0.05343560575331541,3.0,-5.946564394246685,0.0,-508.80217057879383,-6339.037644266966,,,0,0,linear,short,10000,0.02,3,3.0,2026-08-22
962,0.04946515651934291,5.0,-9.950534843480657,0.0,-877.2789391192051,-9572.414519428392,,,0,1,linear,short,10000,0.02,0,5.0,2026-08-19
604,0.058550689333204176,5.0,-9.941449310666796,0.0,-584.7390478376628,-6004.635383642744,,,0,0,linear,short,10000,0.02,1,5.0,2026-08-20
532,0.02069197309048576,5.0,-9.979308026909514,0.0,-279.90464119023295,-5308.991870315862,,,0,0,linear,short,10000,0.02,2,5.0,2026-08-21
1066,0.05343560575331452,5.0,-9.946564394246685,0.0,-851.051669177387,-10603.037644266966,,,0,0,linear,short,10000,0.02,3,5.0,2026-08-22
587,0.05158048883926125,1.0,-1.9484195111607387,0.0034071550255536627,-110.22512672679875,-1143.7222530513536,,,0,1,linear,short,10000,0.01,0,1.0,2026-08-19
289,0.09304696728377104,1.0,-1.906953032716229,0.010380622837370242,-64.12303174445793,-551.1094264549902,,,0,0,linear,short,10000,0.01,1,1.0,2026-08-20
259,0.01566363803001347,1.0,-1.9843363619699865,0.03088803088803089,-33.602720264981585,-513.9431177502265,,,0,0,linear,short,10000,0.01,2,1.0,2026-08-21
531,0.05621484189431092,1.0,-1.943785158105689,0.011299435028248588,-91.47149357237053,-1032.149918954121,,,0,0,linear,short,10000,0.01,3,1.0,2026-08-22
587,0.051580488839261474,2.0,-3.9484195111607385,0.0017035775127768314,-223.36824205223905,-2317.7222530513536,,,0,1,linear,short,10000,0.01,0,2.0,2026-08-19
289,0.09304696728377104,2.0,-3.906953032716229,0.0,-131.37485247034363,-1129.1094264549902,,,0,0,linear,short,10000,0.01,1,2.0,2026-08-20
259,0.01566363803001325,2.0,-3.9843363619699868,0.003861003861003861,-67.47068832622486,-1031.9431177502265,,,0,0,linear,short,10000,0.01,2,2.0,2026-08-21
531,0.05621484189431092,2.0,-3.943785158105689,0.0,-185.58836980319208,-2094.149918954121,,,0,0,linear,short,10000,0.01,3,2.0,2026-08-22
587,0.05158048883926103,3.0,-5.948419511160739,0.0017035775127768314,-336.51135737767936,-3491.7222530513536,,,0,1,linear,short,10000,0.01,0,3.0,2026-08-19
289,0.0930469672837706,3.0,-5.906953032716229,0.0,-198.62667319622935,-1707.1094264549902,,,0,0,linear,short,10000,0.01,1,3.0,2026-08-20
259,0.015663638030013693,3.0,-5.984336361969986,0.0,-101.33865638746812,-1549.9431177502265,,,0,0,linear,short,10000,0.01,2,3.0,2026-08-21
531,0.056214841894310474,3.0,-5.9437851581056895,0.0,-279.70524603401367,-3156.149918954121,,,0,0,linear,short,10000,0.01,3,3.0,2026-08-22
587,0.05158048883926192,5.0,-9.948419511160738,0.0,-562.7975880285599,-5839.722253051354,,,0,1,linear,short,10000,0.01,0,5.0,2026-08-19
289,0.0930469672837706,5.0,-9.90695303271623,0.0,-333.13031464800076,-2863.10942645499,,,0,0,linear,short,10000,0.01,1,5.0,2026-08-20
259,0.015663638030012805,5.0,-9.984336361969987,0.0,-169.07459250995467,-2585.9431177502265,,,0,0,linear,short,10000,0.01,2,5.0,2026-08-21
531,0.05621484189431136,5.0,-9.943785158105689,0.0,-467.9389984956568,-5280.149918954121,,,0,0,linear,short,10000,0.01,3,5.0,2026-08-22
1305,0.034936341940750015,1.0,-1.96506365805925,0.0022988505747126436,-91.00087206452164,-2564.408073767321,,,0,1,linear,short,30000,0.1,0,1.0,2026-08-19
1675,0.04004763049441884,1.0,-1.9599523695055812,0.004776119402985075,-150.23736163984637,-3282.9202189218486,,,0,0,linear,short,30000,0.1,1,1.0,2026-08-20
1479,-0.015942695413661223,1.0,-2.0159426954136612,0.02028397565922921,-80.90163957174057,-2981.579246516805,,,0,0,linear,short,30000,0.1,2,1.0,2026-08-21
1755,0.05418868943819377,1.0,-1.9458113105618062,0.0062678062678062675,-153.01381304741716,-3414.89885003597,,,0,0,linear,short,30000,0.1,3,1.0,2026-08-22
1305,0.034936341940750015,2.0,-3.96506365805925,0.0007662835249042146,-183.619624328656,-5174.408073767321,,,0,1,linear,short,30000,0.1,0,2.0,2026-08-19
1675,0.04004763049441884,2.0,-3.959952369505581,0.0,-303.5445174435819,-6632.920218921849,,,0,0,linear,short,30000,0.1,1,2.0,2026-08-20
1479,-0.015942695413661667,2.0,-4.015942695413662,0.004056795131845842,-161.16348407336716,-5939.579246516805,,,0,0,linear,short,30000,0.1,2,2.0,2026-08-21
1755,0.05418868943819355,2.0,-3.9458113105618065,0.0011396011396011395,-310.2888912801962,-6924.89885003597,,,0,0,linear,short,30000,0.1,3,2.0,2026-08-22
1305,0.03493634194075046,3.0,-5.9650636580592495,0.0007662835249042146,-276.2383765927903,-7784.408073767321,,,0,1,linear,short,30000,0.1,0,3.0,2026-08-19
1675,0.04004763049441884,3.0,-5.959952369505581,0.0,-456.8516732473175,-9982.920218921849,,,0,0,linear,short,30000,0.1,1,3.0,2026-08-20
1479,-0.015942695413661667,3.0,-6.015942695413662,0.000676132521974307,-241.4253285749937,-8897.579246516805,,,0,0,linear,short,30000,0.1,2,3.0,2026-08-21
1755,0.05418868943819355,3.0,-5.9458113105618065,0.0011396011396011395,-467.5639695129752,-10434.89885003597,,,0,0,linear,short,30000,0.1,3,3.0,2026-08-22
1305,0.03493634194074957,5.0,-9.96506365805925,0.0007662835249042146,-461.4758811210591,-13004.408073767321,,,0,1,linear,short,30000,0.1,0,5.0,2026-08-19
1675,0.04004763049441884,5.0,-9.959952369505581,0.0,-763.4659848547885,-16682.92021892185,,,0,0,linear,short,30000,0.1,1,5.0,2026-08-20
1479,-0.015942695413661667,5.0,-10.015942695413662,0.0,-401.94901757824675,-14813.579246516805,,,0,0,linear,short,30000,0.1,2,5.0,2026-08-21
1755,0.05418868943819355,5.0,-9.945811310561806,0.0,-782.1141259785333,-17454.89885003597,,,0,0,linear,short,30000,0.1,3,5.0,2026-08-22
988,0.03875426883052335,1.0,-1.9612457311694766,0.003036437246963563,-70.35265143930819,-1937.710782395443,,,0,1,linear,short,30000,0.05,0,1.0,2026-08-19
1201,0.03478043509709683,1.0,-1.9652195649029032,0.005828476269775187,-125.77055910142003,-2360.228697448387,,,0,0,linear,short,30000,0.05,1,1.0,2026-08-20
714,-0.009784783902075933,1.0,-2.009784783902076,0.03081232492997199,-47.58045877276951,-1434.9863357060822,,,0,0,linear,short,30000,0.05,2,1.0,2026-08-21
1296,0.05462978185006473,1.0,-1.9453702181499353,0.007716049382716049,-122.16352630494657,-2521.1998027223162,,,0,0,linear,short,30000,0.05,3,1.0,2026-08-22
988,0.03875426883052313,2.0,-3.961245731169477,0.0010121457489878543,-142.09547317879253,-3913.710782395443,,,0,1,linear,short,30000,0.05,0,2.0,2026-08-19
1201,0.03478043509709661,2.0,-3.9652195649029034,0.0,-253.76700422905043,-4762.228697448387,,,0,0,linear,short,30000,0.05,1,2.0,2026-08-20
714,-0.009784783902075489,2.0,-4.0097847839020755,0.0070028011204481795,-94.92926860940305,-2862.986335706082,,,0,0,linear,short,30000,0.05,2,2.0,2026-08-21
1296,0.05462978185006451,2.0,-3.9453702181499355,0.0015432098765432098,-247.7576421860103,-5113.199802722316,,,0,0,linear,short,30000,0.05,3,2.0,2026-08-22
988,0.03875426883052313,3.0,-5.961245731169477,0.0010121457489878543,-213.8382949182769,-5889.710782395443,,,0,1,linear,short,30000,0.05,0,3.0,2026-08-19
1201,0.03478043509709661,3.0,-5.965219564902903,0.0,-381.7634493566808,-7164.228697448387,,,0,0,linear,short,30000,0.05,1,3.0,2026-08-20
714,-0.009784783902075489,3.0,-6.0097847839020755,0.0,-142.2780784460366,-4290.986335706082,,,0,0,linear,short,30000,0.05,2,3.0,2026-08-21
1296,0.05462978185006495,3.0,-5.945370218149935,0.0015432098765432098,-373.351758067074,-7705.199802722316,,,0,0,linear,short,30000,0.05,3,3.0,2026-08-22
988,0.03875426883052313,5.0,-9.961245731169477,0.0010121457489878543,-357.32393839724557,-9841.710782395443,,,0,1,linear,short,30000,0.05,0,5.0,2026-08-19
1201,0.034780435097097495,5.0,-9.965219564902903,0.0,-637.7563396119415,-11968.228697448387,,,0,0,linear,short,30000,0.05,1,5.0,2026-08-20
714,-0.009784783902075489,5.0,-10.009784783902075,0.0,-236.97569811930367,-7146.986335706082,,,0,0,linear,short,30000,0.05,2,5.0,2026-08-21
1296,0.05462978185006406,5.0,-9.945370218149936,0.0,-624.5399898292015,-12889.199802722316,,,0,0,linear,short,30000,0.05,3,5.0,2026-08-22
632,0.059769783972149604,1.0,-1.9402302160278504,0.0031645569620253164,-67.0040901690456,-1226.2254965296015,,,0,1,linear,short,30000,0.02,0,1.0,2026-08-19
469,0.04893704451350511,1.0,-1.9510629554864949,0.01279317697228145,-63.67395086290291,-915.0485261231661,,,0,0,linear,short,30000,0.02,1,1.0,2026-08-20
242,-0.006348388631296942,1.0,-2.006348388631297,0.07024793388429752,-20.01764648409358,-485.5363100487739,,,0,0,linear,short,30000,0.02,2,1.0,2026-08-21
692,0.05705434216318972,1.0,-1.9429456578368103,0.011560693641618497,-73.96431248785463,-1344.5183952230727,,,0,0,linear,short,30000,0.02,3,1.0,2026-08-22
632,0.059769783972149604,2.0,-3.9402302160278504,0.0015822784810126582,-136.07227559935004,-2490.2254965296015,,,0,1,linear,short,30000,0.02,0,2.0,2026-08-19
469,0.048937044513505334,2.0,-3.9510629554864947,0.0,-128.94498753944714,-1853.048526123166,,,0,0,linear,short,30000,0.02,1,2.0,2026-08-20
242,-0.006348388631296942,2.0,-4.006348388631297,0.01652892561983471,-39.97195411832189,-969.5363100487739,,,0,0,linear,short,30000,0.02,2,2.0,2026-08-21
692,0.05705434216318972,2.0,-3.9429456578368103,0.002890173410404624,-150.10057722539054,-2728.5183952230727,,,0,0,linear,short,30000,0.02,3,2.0,2026-08-22
632,0.059769783972149604,3.0,-5.94023021602785,0.0015822784810126582,-205.14046102965446,-3754.2254965296015,,,0,1,linear,short,30000,0.02,0,3.0,2026-08-19
469,0.048937044513505334,3.0,-5.951062955486495,0.0,-194.21602421599138,-2791.048526123166,,,0,0,linear,short,30000,0.02,1,3.0,2026-08-20
242,-0.006348388631296942,3.0,-6.006348388631297,0.004132231404958678,-59.926261752550204,-1453.5363100487739,,,0,0,linear,short,30000,0.02,2,3.0,2026-08-21
692,0.057054342163189276,3.0,-5.942945657836811,0.002890173410404624,-226.23684196292643,-4112.518395223073,,,0,0,linear,short,30000,0.02,3,3.0,2026-08-22
632,0.059769783972148716,5.0,-9.940230216027851,0.0015822784810126582,-343.27683189026334,-6282.2254965296015,,,0,1,linear,short,30000,0.02,0,5.0,2026-08-19
469,0.048937044513504446,5.0,-9.951062955486496,0.0,-324.75809756907995,-4667.048526123166,,,0,0,linear,short,30000,0.02,1,5.0,2026-08-20
242,-0.006348388631296942,5.0,-10.006348388631297,0.0,-99.83487702100683,-2421.536310048774,,,0,0,linear,short,30000,0.02,2,5.0,2026-08-21
692,0.057054342163189276,5.0,-9.94294565783681,0.0,-378.50937143799825,-6880.518395223073,,,0,0,linear,short,30000,0.02,3,5.0,2026-08-22
417,0.06134686933811406,1.0,-1.938653130661886,0.004796163069544364,-46.049700329964054,-808.4183554860065,,,0,1,linear,short,30000,0.01,0,1.0,2026-08-19
222,0.028611425060762086,1.0,-1.971388574939238,0.018018018018018018,-37.129987033264015,-437.6482636365108,,,0,0,linear,short,30000,0.01,1,1.0,2026-08-20
113,-0.1234047016112414,1.0,-2.1234047016112414,0.09734513274336283,-11.92447604965311,-239.94473128207028,,,0,0,linear,short,30000,0.01,2,1.0,2026-08-21
298,0.0349742617706561,1.0,-1.965025738229344,0.026845637583892617,-34.79299365810695,-585.5776699923445,,,0,0,linear,short,30000,0.01,3,1.0,2026-08-22
417,0.06134686933811384,2.0,-3.938653130661886,0.002398081534772182,-93.5566004573138,-1642.4183554860065,,,0,1,linear,short,30000,0.01,0,2.0,2026-08-19
222,0.028611425060761864,2.0,-3.971388574939238,0.0,-74.7988540494061,-881.6482636365108,,,0,0,linear,short,30000,0.01,1,2.0,2026-08-20
113,-0.12340470161124184,2.0,-4.123404701611242,0.017699115044247787,-23.15594411657866,-465.9447312820703,,,0,0,linear,short,30000,0.01,2,2.0,2026-08-21
298,0.03497426177065632,2.0,-3.9650257382293437,0.006711409395973154,-70.20524600800077,-1181.5776699923445,,,0,0,linear,short,30000,0.01,3,2.0,2026-08-22
417,0.06134686933811384,3.0,-5.938653130661886,0.002398081534772182,-141.06350058466356,-2476.4183554860065,,,0,1,linear,short,30000,0.01,0,3.0,2026-08-19
222,0.028611425060762308,3.0,-5.971388574939238,0.0,-112.46772106554819,-1325.6482636365108,,,0,0,linear,short,30000,0.01,1,3.0,2026-08-20
113,-0.12340470161124184,3.0,-6.123404701611242,0.008849557522123894,-34.3874121835042,-691.9447312820703,,,0,0,linear,short,30000,0.01,2,3.0,2026-08-21
298,0.03497426177065588,3.0,-5.965025738229344,0.003355704697986577,-105.61749835789458,-1777.5776699923445,,,0,0,linear,short,30000,0.01,3,3.0,2026-08-22
417,0.06134686933811473,5.0,-9.938653130661885,0.002398081534772182,-236.07730083936298,-4144.4183554860065,,,0,1,linear,short,30000,0.01,0,5.0,2026-08-19
222,0.02861142506076142,5.0,-9.971388574939239,0.0,-187.8054550978324,-2213.648263636511,,,0,0,linear,short,30000,0.01,1,5.0,2026-08-20
113,-0.12340470161124095,5.0,-10.123404701611241,0.0,-56.8503483173553,-1143.9447312820703,,,0,0,linear,short,30000,0.01,2,5.0,2026-08-21
298,0.03497426177065677,5.0,-9.965025738229343,0.0,-176.4420030576822,-2969.5776699923445,,,0,0,linear,short,30000,0.01,3,5.0,2026-08-22
854,0.033287563389172714,1.0,-1.9667124366108273,0.00585480093676815,-101.77549873200526,-1679.5724208656466,,,0,1,linear,short,60000,0.1,0,1.0,2026-08-19
1044,0.02330630431014158,1.0,-1.9766936956898584,0.011494252873563218,-84.64406808447467,-2063.668218300212,,,0,0,linear,short,60000,0.1,1,1.0,2026-08-20
931,-0.020938040988237816,1.0,-2.020938040988238,0.03544575725026853,-51.661301973681915,-1881.4933161600493,,,0,0,linear,short,60000,0.1,2,1.0,2026-08-21
1052,0.06380585998864641,1.0,-1.9361941400113536,0.008555133079847909,-86.60596978319693,-2036.8762352919439,,,0,0,linear,short,60000,0.1,3,1.0,2026-08-22
854,0.033287563389172714,2.0,-3.9667124366108273,0.0,-205.27359722106726,-3387.5724208656466,,,0,1,linear,short,60000,0.1,0,2.0,2026-08-19
1044,0.0233063043101418,2.0,-3.976693695689858,0.0,-170.28613621980526,-4151.668218300212,,,0,0,linear,short,60000,0.1,1,2.0,2026-08-20
931,-0.020938040988237816,2.0,-4.020938040988238,0.004296455424274973,-102.78736415460811,-3743.4933161600493,,,0,0,linear,short,60000,0.1,2,2.0,2026-08-21
1052,0.06380585998864641,2.0,-3.9361941400113536,0.0038022813688212928,-176.06597587813232,-4140.876235291944,,,0,0,linear,short,60000,0.1,3,2.0,2026-08-22
854,0.03328756338917227,3.0,-5.966712436610828,0.0,-308.7716957101293,-5095.572420865647,,,0,1,linear,short,60000,0.1,0,3.0,2026-08-19
1044,0.023306304310141357,3.0,-5.976693695689859,0.0,-255.92820435513588,-6239.668218300212,,,0,0,linear,short,60000,0.1,1,3.0,2026-08-20
931,-0.020938040988237816,3.0,-6.020938040988238,0.0021482277121374865,-153.9134263355343,-5605.493316160049,,,0,0,linear,short,60000,0.1,2,3.0,2026-08-21
1052,0.06380585998864685,3.0,-5.936194140011353,0.0009505703422053232,-265.5259819730677,-6244.876235291944,,,0,0,linear,short,60000,0.1,3,3.0,2026-08-22
854,0.03328756338917316,5.0,-9.966712436610827,0.0,-515.7678926882531,-8511.572420865647,,,0,1,linear,short,60000,0.1,0,5.0,2026-08-19
1044,0.023306304310141357,5.0,-9.976693695689859,0.0,-427.21234062579714,-10415.668218300212,,,0,0,linear,short,60000,0.1,1,5.0,2026-08-20
931,-0.020938040988237816,5.0,-10.020938040988238,0.0,-256.16555069738666,-9329.49331616005,,,0,0,linear,short,60000,0.1,2,5.0,2026-08-21
1052,0.06380585998864596,5.0,-9.936194140011354,0.0,-444.44599416293846,-10452.876235291944,,,0,0,linear,short,60000,0.1,3,5.0,2026-08-22
663,0.04597983216420154,1.0,-1.9540201678357985,0.007541478129713424,-82.17779019487097,-1295.5153712751344,,,0,1,linear,short,60000,0.05,0,1.0,2026-08-19
836,0.034466401240081046,1.0,-1.965533598759919,0.009569377990430622,-75.26059780738835,-1643.1860885632923,,,0,0,linear,short,60000,0.05,1,1.0,2026-08-20
516,-0.06481649169144266,1.0,-2.0648164916914427,0.050387596899224806,-34.09452447027014,-1065.4453097127844,,,0,0,linear,short,60000,0.05,2,1.0,2026-08-21
840,0.06330634893591713,1.0,-1.9366936510640829,0.009523809523809525,-75.13134339311041,-1626.8226668938296,,,0,0,linear,short,60000,0.05,3,1.0,2026-08-22
663,0.04597983216420154,2.0,-3.9540201678357985,0.0015082956259426848,-166.28929686973615,-2621.5153712751344,,,0,1,linear,short,60000,0.05,0,2.0,2026-08-19
836,0.034466401240080824,2.0,-3.965533598759919,0.0,-151.84091966489436,-3315.1860885632923,,,0,0,linear,short,60000,0.05,1,2.0,2026-08-20
516,-0.06481649169144266,2.0,-4.064816491691443,0.007751937984496124,-67.11879041105678,-2097.4453097127844,,,0,0,linear,short,60000,0.05,2,2.0,2026-08-21
840,0.06330634893591736,2.0,-3.9366936510640826,0.0035714285714285713,-152.71856876748058,-3306.8226668938296,,,0,0,linear,short,60000,0.05,3,2.0,2026-08-22
663,0.04597983216420154,3.0,-5.9540201678357985,0.0,-250.4008035446013,-3947.5153712751344,,,0,1,linear,short,60000,0.05,0,3.0,2026-08-19
836,0.03446640124008127,3.0,-5.965533598759919,0.0,-228.42124152240038,-4987.186088563292,,,0,0,linear,short,60000,0.05,1,3.0,2026-08-20
516,-0.06481649169144266,3.0,-6.064816491691443,0.003875968992248062,-100.14305635184341,-3129.4453097127844,,,0,0,linear,short,60000,0.05,2,3.0,2026-08-21
840,0.06330634893591736,3.0,-5.936693651064083,0.0011904761904761906,-230.30579414185075,-4986.82266689383,,,0,0,linear,short,60000,0.05,3,3.0,2026-08-22
663,0.04597983216420154,5.0,-9.954020167835798,0.0,-418.62381689433164,-6599.515371275134,,,0,1,linear,short,60000,0.05,0,5.0,2026-08-19
836,0.03446640124008127,5.0,-9.965533598759919,0.0,-381.58188523741245,-8331.186088563292,,,0,0,linear,short,60000,0.05,1,5.0,2026-08-20
516,-0.06481649169144177,5.0,-10.064816491691442,0.0,-166.19158823341667,-5193.445309712784,,,0,0,linear,short,60000,0.05,2,5.0,2026-08-21
840,0.06330634893591736,5.0,-9.936693651064083,0.0,-385.4802448905911,-8346.82266689383,,,0,0,linear,short,60000,0.05,3,5.0,2026-08-22
437,0.07525775441447013,1.0,-1.9247422455855299,0.006864988558352402,-67.37887409325975,-841.1123613208765,,,0,1,linear,short,60000,0.02,0,1.0,2026-08-19
441,0.023857281363543814,1.0,-1.9761427186364562,0.013605442176870748,-46.80309998651448,-871.4789389186772,,,0,0,linear,short,60000,0.02,1,1.0,2026-08-20
189,0.023118838709138556,1.0,-1.9768811612908614,0.07407407407407407,-16.248183906906103,-373.6305394839728,,,0,0,linear,short,60000,0.02,2,1.0,2026-08-21
475,0.052933962826470005,1.0,-1.94706603717353,0.014736842105263158,-50.549898289587816,-924.8563676574267,,,0,0,linear,short,60000,0.02,3,1.0,2026-08-22
437,0.07525775441447013,2.0,-3.92474224558553,0.002288329519450801,-137.39227380721707,-1715.1123613208765,,,0,1,linear,short,60000,0.02,0,2.0,2026-08-19
441,0.023857281363544036,2.0,-3.976142718636456,0.0,-94.17123746477186,-1753.4789389186772,,,0,0,linear,short,60000,0.02,1,2.0,2026-08-20
189,0.023118838709138334,2.0,-3.9768811612908617,0.026455026455026454,-32.686383860510176,-751.6305394839728,,,0,0,linear,short,60000,0.02,2,2.0,2026-08-21
475,0.052933962826470005,2.0,-3.94706603717353,0.00631578947368421,-102.47407273923193,-1874.8563676574267,,,0,0,linear,short,60000,0.02,3,2.0,2026-08-22
437,0.07525775441447013,3.0,-5.92474224558553,0.0,-207.4056735211744,-2589.1123613208765,,,0,1,linear,short,60000,0.02,0,3.0,2026-08-19
441,0.023857281363543592,3.0,-5.976142718636456,0.0,-141.53937494302926,-2635.478938918677,,,0,0,linear,short,60000,0.02,1,3.0,2026-08-20
189,0.023118838709138778,3.0,-5.976881161290861,0.005291005291005291,-49.124583814114246,-1129.6305394839728,,,0,0,linear,short,60000,0.02,2,3.0,2026-08-21
475,0.05293396282647045,3.0,-5.9470660371735296,0.002105263157894737,-154.39824718887604,-2824.8563676574267,,,0,0,linear,short,60000,0.02,3,3.0,2026-08-22
437,0.07525775441447102,5.0,-9.924742245585529,0.0,-347.432472949089,-4337.1123613208765,,,0,1,linear,short,60000,0.02,0,5.0,2026-08-19
441,0.023857281363543592,5.0,-9.976142718636456,0.0,-236.27564989954402,-4399.478938918677,,,0,0,linear,short,60000,0.02,1,5.0,2026-08-20
189,0.02311883870913789,5.0,-9.976881161290862,0.0,-82.0009837213224,-1885.6305394839728,,,0,0,linear,short,60000,0.02,2,5.0,2026-08-21
475,0.05293396282647045,5.0,-9.94706603717353,0.0,-258.24659608816427,-4724.856367657427,,,0,0,linear,short,60000,0.02,3,5.0,2026-08-22
313,0.07877756503764721,1.0,-1.9212224349623528,0.009584664536741214,-53.168870506670736,-601.3426221432164,,,0,1,linear,short,60000,0.01,0,1.0,2026-08-19
210,0.04612838866388702,1.0,-1.953871611336113,0.02857142857142857,-28.39942814444764,-410.31303838058375,,,0,0,linear,short,60000,0.01,1,1.0,2026-08-20
82,-0.02623621815043231,1.0,-2.0262362181504323,0.13414634146341464,-8.304498689768717,-166.15136988833547,,,0,0,linear,short,60000,0.01,2,1.0,2026-08-21
209,0.04689876466396847,1.0,-1.9531012353360315,0.028708133971291867,-24.7602163314336,-408.19815818523057,,,0,0,linear,short,60000,0.01,3,1.0,2026-08-22
313,0.07877756503764699,2.0,-3.921222434962353,0.003194888178913738,-108.51787074641925,-1227.3426221432164,,,0,1,linear,short,60000,0.01,0,2.0,2026-08-19
210,0.0461283886638868,2.0,-3.953871611336113,0.0,-57.469330158149866,-830.3130383805837,,,0,0,linear,short,60000,0.01,1,2.0,2026-08-20
82,-0.026236218150432755,2.0,-4.026236218150433,0.036585365853658534,-16.501468633726333,-330.15136988833547,,,0,0,linear,short,60000,0.01,2,2.0,2026-08-21
209,0.046898764663968695,2.0,-3.9531012353360313,0.014354066985645933,-50.114986359187526,-826.1981581852306,,,0,0,linear,short,60000,0.01,3,2.0,2026-08-22
313,0.07877756503764743,3.0,-5.921222434962353,0.0,-163.86687098616773,-1853.3426221432164,,,0,1,linear,short,60000,0.01,0,3.0,2026-08-19
210,0.04612838866388724,3.0,-5.953871611336113,0.0,-86.53923217185208,-1250.3130383805837,,,0,0,linear,short,60000,0.01,1,3.0,2026-08-20
82,-0.026236218150432755,3.0,-6.026236218150433,0.012195121951219513,-24.698438577683948,-494.15136988833547,,,0,0,linear,short,60000,0.01,2,3.0,2026-08-21
209,0.04689876466396825,3.0,-5.953101235336032,0.004784688995215311,-75.46975638694147,-1244.1981581852306,,,0,0,linear,short,60000,0.01,3,3.0,2026-08-22
313,0.07877756503764743,5.0,-9.921222434962353,0.0,-274.56487146566474,-3105.3426221432164,,,0,1,linear,short,60000,0.01,0,5.0,2026-08-19
210,0.046128388663886355,5.0,-9.953871611336114,0.0,-144.67903619925656,-2090.3130383805837,,,0,0,linear,short,60000,0.01,1,5.0,2026-08-20
82,-0.026236218150431867,5.0,-10.026236218150432,0.0,-41.09237846559917,-822.1513698883355,,,0,0,linear,short,60000,0.01,2,5.0,2026-08-21
209,0.04689876466396825,5.0,-9.953101235336032,0.0,-126.17929644244933,-2080.1981581852306,,,0,0,linear,short,60000,0.01,3,5.0,2026-08-22
8640,0.0009581138702303704,1.0,-1.9990418861297696,0.0,-3457.6106448436526,-17271.72189616121,,,0,1,lightgbm,long,250,0.1,0,1.0,2026-08-19
8639,-0.00039241238495746344,1.0,-2.0003924123849575,0.0,-6774.256956380521,-17281.390050593647,,,0,0,lightgbm,long,250,0.1,1,1.0,2026-08-20
8640,0.0012648502005268014,1.0,-1.9987351497994732,0.0,-3564.7583927412843,-17269.071694267448,,,0,0,lightgbm,long,250,0.1,2,1.0,2026-08-21
8640,0.00044814567070861067,1.0,-1.9995518543292914,0.0,-5620.935279731541,-17276.12802140508,,,0,0,lightgbm,long,250,0.1,3,1.0,2026-08-22
8640,0.0009581138702303704,2.0,-3.9990418861297696,0.0,-6916.87847593221,-34551.72189616121,,,0,1,lightgbm,long,250,0.1,0,2.0,2026-08-19
8639,-0.00039241238495701936,2.0,-4.000392412384957,0.0,-13547.185022333286,-34559.39005059365,,,0,0,lightgbm,long,250,0.1,1,2.0,2026-08-20
8640,0.0012648502005268014,2.0,-3.998735149799473,0.0,-7131.772654834916,-34549.07169426745,,,0,0,lightgbm,long,250,0.1,2,2.0,2026-08-21
8640,0.0004481456707083886,2.0,-3.9995518543292916,0.0,-11243.1303406513,-34556.12802140508,,,0,0,lightgbm,long,250,0.1,3,2.0,2026-08-22
8640,0.0009581138702303704,3.0,-5.99904188612977,0.0,-10376.146307020766,-51831.72189616121,,,0,1,lightgbm,long,250,0.1,0,3.0,2026-08-19
8639,-0.00039241238495701936,3.0,-6.000392412384957,0.0,-20320.113088286053,-51837.39005059365,,,0,0,lightgbm,long,250,0.1,1,3.0,2026-08-20
8640,0.0012648502005268014,3.0,-5.998735149799473,0.0,-10698.786916928546,-51829.07169426745,,,0,0,lightgbm,long,250,0.1,2,3.0,2026-08-21
8640,0.0004481456707088327,3.0,-5.999551854329291,0.0,-16865.32540157105,-51836.12802140508,,,0,0,lightgbm,long,250,0.1,3,3.0,2026-08-22
8640,0.0009581138702312586,5.0,-9.999041886129769,0.0,-17294.681969197878,-86391.72189616121,,,0,1,lightgbm,long,250,0.1,0,5.0,2026-08-19
8639,-0.00039241238495790753,5.0,-10.000392412384958,0.0,-33865.9692201916,-86393.39005059365,,,0,0,lightgbm,long,250,0.1,1,5.0,2026-08-20
8640,0.0012648502005276896,5.0,-9.998735149799472,0.0,-17832.815441115803,-86389.07169426745,,,0,0,lightgbm,long,250,0.1,2,5.0,2026-08-21
8640,0.00044814567070794453,5.0,-9.999551854329292,0.0,-28109.715523410567,-86396.12802140508,,,0,0,lightgbm,long,250,0.1,3,5.0,2026-08-22
4320,0.002369139428952227,1.0,-1.9976308605710478,0.0,-2332.737285657407,-8629.765317666926,,,0,1,lightgbm,long,250,0.05,0,1.0,2026-08-19
4320,-0.00030005424883317033,1.0,-2.000300054248833,0.0,-5192.434138860473,-8641.296234354959,,,0,0,lightgbm,long,250,0.05,1,1.0,2026-08-20
4320,0.0031182833289171707,1.0,-1.9968817166710828,0.0,-2758.420378410869,-8626.529016019078,,,0,0,lightgbm,long,250,0.05,2,1.0,2026-08-21
4320,0.0008108407539786366,1.0,-1.9991891592460214,0.0,-4102.345058819582,-8636.497167942813,,,0,0,lightgbm,long,250,0.05,3,1.0,2026-08-22
4320,0.002369139428952227,2.0,-3.9976308605710478,0.0,-4668.241138446871,-17269.765317666926,,,0,1,lightgbm,long,250,0.05,0,2.0,2026-08-19
4320,-0.00030005424883317033,2.0,-4.000300054248833,0.0,-10384.089388612862,-17281.29623435496,,,0,0,lightgbm,long,250,0.05,1,2.0,2026-08-20
4320,0.0031182833289169487,2.0,-3.996881716671083,0.0,-5521.148240939767,-17266.529016019078,,,0,0,lightgbm,long,250,0.05,2,2.0,2026-08-21
4320,0.0008108407539784146,2.0,-3.9991891592460216,0.0,-8206.353966477674,-17276.497167942813,,,0,0,lightgbm,long,250,0.05,3,2.0,2026-08-22
4320,0.002369139428951783,3.0,-5.997630860571048,0.0,-7003.7449912363345,-25909.765317666926,,,0,1,lightgbm,long,250,0.05,0,3.0,2026-08-19
4320,-0.00030005424883317033,3.0,-6.000300054248833,0.0,-15575.74463836525,-25921.29623435496,,,0,0,lightgbm,long,250,0.05,1,3.0,2026-08-20
4320,0.003118283328917393,3.0,-5.996881716671083,0.0,-8283.876103468665,-25906.529016019078,,,0,0,lightgbm,long,250,0.05,2,3.0,2026-08-21
4320,0.0008108407539788587,3.0,-5.999189159246021,0.0,-12310.362874135768,-25916.497167942813,,,0,0,lightgbm,long,250,0.05,3,3.0,2026-08-22
4320,0.002369139428951783,5.0,-9.997630860571048,0.0,-11674.752696815262,-43189.76531766693,,,0,1,lightgbm,long,250,0.05,0,5.0,2026-08-19
4320,-0.00030005424883228216,5.0,-10.000300054248832,0.0,-25959.05513787003,-43201.29623435496,,,0,0,lightgbm,long,250,0.05,1,5.0,2026-08-20
4320,0.0031182833289165046,5.0,-9.996881716671083,0.0,-13809.331828526461,-43186.52901601908,,,0,0,lightgbm,long,250,0.05,2,5.0,2026-08-21
4320,0.0008108407539779705,5.0,-9.999189159246022,0.0,-20518.38068945195,-43196.49716794281,,,0,0,lightgbm,long,250,0.05,3,5.0,2026-08-22
1728,0.0058942914363595555,1.0,-1.9941057085636404,0.0,-1672.3281322832374,-3445.814664397971,,,0,1,lightgbm,long,250,0.02,0,1.0,2026-08-19
1728,0.00040789871504620656,1.0,-1.9995921012849538,0.0,-2797.479176881898,-3455.2951510204,,,0,0,lightgbm,long,250,0.02,1,1.0,2026-08-20
1728,0.0033699298367504404,1.0,-1.9966300701632496,0.0,-1951.7809223971549,-3450.1767612420954,,,0,0,lightgbm,long,250,0.02,2,1.0,2026-08-21
1728,0.00042510343471935386,1.0,-1.9995748965652806,0.0,-3768.9432948513954,-3455.265421264805,,,0,0,lightgbm,long,250,0.02,3,1.0,2026-08-22
1728,0.0058942914363595555,2.0,-3.9941057085636404,0.0,-3349.599427482347,-6901.814664397971,,,0,1,lightgbm,long,250,0.02,0,2.0,2026-08-19
1728,0.0004078987150459845,2.0,-3.999592101284954,0.0,-5595.529014230442,-6911.2951510204,,,0,0,lightgbm,long,250,0.02,1,2.0,2026-08-20
1728,0.0033699298367504404,2.0,-3.9966300701632496,0.0,-3906.856077844025,-6906.176761242095,,,0,0,lightgbm,long,250,0.02,2,2.0,2026-08-21
1728,0.00042510343471935386,2.0,-3.9995748965652806,0.0,-7538.687855383139,-6911.265421264805,,,0,0,lightgbm,long,250,0.02,3,2.0,2026-08-22
1728,0.0058942914363591115,3.0,-5.994105708563641,0.0,-5026.870722681456,-10357.81466439797,,,0,1,lightgbm,long,250,0.02,0,3.0,2026-08-19
1728,0.0004078987150464286,3.0,-5.999592101284954,0.0,-8393.578851578985,-10367.2951510204,,,0,0,lightgbm,long,250,0.02,1,3.0,2026-08-20
1728,0.0033699298367499964,3.0,-5.99663007016325,0.0,-5861.931233290896,-10362.176761242095,,,0,0,lightgbm,long,250,0.02,2,3.0,2026-08-21
1728,0.00042510343471935386,3.0,-5.999574896565281,0.0,-11308.432415914884,-10367.265421264805,,,0,0,lightgbm,long,250,0.02,3,3.0,2026-08-22
1728,0.0058942914363591115,5.0,-9.994105708563641,0.0,-8381.413313079674,-17269.81466439797,,,0,1,lightgbm,long,250,0.02,0,5.0,2026-08-19
1728,0.0004078987150464286,5.0,-9.999592101284954,0.0,-13989.678526276071,-17279.2951510204,,,0,0,lightgbm,long,250,0.02,1,5.0,2026-08-20
1728,0.0033699298367508845,5.0,-9.99663007016325,0.0,-9772.081544184635,-17274.176761242095,,,0,0,lightgbm,long,250,0.02,2,5.0,2026-08-21
1728,0.00042510343472024203,5.0,-9.99957489656528,0.0,-18847.92153697837,-17279.265421264805,,,0,0,lightgbm,long,250,0.02,3,5.0,2026-08-22
864,0.008108231438435975,1.0,-1.991891768561564,0.0,-1120.5339320232413,-1720.9944880371913,,,0,1,lightgbm,long,250,0.01,0,1.0,2026-08-19
864,0.0021083527884642184,1.0,-1.9978916472115358,0.0,-1735.6395450546277,-1726.178383190767,,,0,0,lightgbm,long,250,0.01,1,1.0,2026-08-20
864,0.004989246808556169,1.0,-1.9950107531914438,0.0,-1386.7495029051595,-1723.6892907574074,,,0,0,lightgbm,long,250,0.01,2,1.0,2026-08-21
864,-5.332854103734519e-05,1.0,-2.0000533285410373,0.0,-2692.2455928279655,-1728.0460758594563,,,0,0,lightgbm,long,250,0.01,3,1.0,2026-08-22
864,0.008108231438435975,2.0,-3.991891768561564,0.0,-2245.629130174926,-3448.9944880371913,,,0,1,lightgbm,long,250,0.01,0,2.0,2026-08-19
864,0.0021083527884644404,2.0,-3.9978916472115356,0.0,-3473.110691177157,-3454.178383190767,,,0,0,lightgbm,long,250,0.01,1,2.0,2026-08-20
864,0.004989246808556391,2.0,-3.9950107531914436,0.0,-2776.967075102962,-3451.6892907574074,,,0,0,lightgbm,long,250,0.01,2,2.0,2026-08-21
864,-5.332854103734519e-05,2.0,-4.000053328541037,0.0,-5384.419400805233,-3456.0460758594563,,,0,0,lightgbm,long,250,0.01,3,2.0,2026-08-22
864,0.008108231438435531,3.0,-5.9918917685615645,0.0,-3370.7243283266107,-5176.994488037191,,,0,1,lightgbm,long,250,0.01,0,3.0,2026-08-19
864,0.0021083527884639963,3.0,-5.997891647211536,0.0,-5210.581837299687,-5182.178383190767,,,0,0,lightgbm,long,250,0.01,1,3.0,2026-08-20
864,0.004989246808555947,3.0,-5.995010753191444,0.0,-4167.184647300765,-5179.689290757407,,,0,0,lightgbm,long,250,0.01,2,3.0,2026-08-21
864,-5.332854103734519e-05,3.0,-6.000053328541037,0.0,-8076.5932087824995,-5184.046075859456,,,0,0,lightgbm,long,250,0.01,3,3.0,2026-08-22
864,0.00810823143843642,5.0,-9.991891768561564,0.0,-5620.91472462998,-8632.994488037191,,,0,1,lightgbm,long,250,0.01,0,5.0,2026-08-19
864,0.0021083527884648845,5.0,-9.997891647211535,0.0,-8685.524129544745,-8638.178383190767,,,0,0,lightgbm,long,250,0.01,1,5.0,2026-08-20
864,0.004989246808555947,5.0,-9.995010753191444,0.0,-6947.619791696371,-8635.689290757407,,,0,0,lightgbm,long,250,0.01,2,5.0,2026-08-21
864,-5.332854103734519e-05,5.0,-10.000053328541037,0.0,-13460.940824737032,-8640.046075859456,,,0,0,lightgbm,long,250,0.01,3,5.0,2026-08-22
5002,0.01130296325583191,1.0,-1.988697036744168,0.0,-1023.2381473390419,-9947.46257779433,,,0,1,lightgbm,long,1000,0.1,0,1.0,2026-08-19
6093,0.019408065641209227,1.0,-1.9805919343587908,0.00016412276382734285,-1570.2944765580542,-12067.746656048112,,,0,0,lightgbm,long,1000,0.1,1,1.0,2026-08-20
6609,0.022110087902275755,1.0,-1.9778899120977242,0.00015130882130428205,-1132.1191255638416,-13071.87442905386,,,0,0,lightgbm,long,1000,0.1,2,1.0,2026-08-21
6395,0.02239755831829604,1.0,-1.977602441681704,0.0,-1703.3863340218068,-12646.767614554497,,,0,0,lightgbm,long,1000,0.1,3,1.0,2026-08-22
5002,0.011302963255831688,2.0,-3.9886970367441683,0.0,-2052.2919734706034,-19951.46257779433,,,0,1,lightgbm,long,1000,0.1,0,2.0,2026-08-19
6093,0.019408065641209227,2.0,-3.9805919343587908,0.0,-3155.976463157107,-24253.74665604811,,,0,0,lightgbm,long,1000,0.1,1,2.0,2026-08-20
6609,0.022110087902275755,2.0,-3.9778899120977242,0.0,-2276.893785305274,-26289.87442905386,,,0,0,lightgbm,long,1000,0.1,2,2.0,2026-08-21
6395,0.022397558318295818,2.0,-3.977602441681704,0.0,-3426.0645610706056,-25436.767614554497,,,0,0,lightgbm,long,1000,0.1,3,2.0,2026-08-22
5002,0.011302963255832132,3.0,-5.988697036744168,0.0,-3081.3457996021643,-29955.46257779433,,,0,1,lightgbm,long,1000,0.1,0,3.0,2026-08-19
6093,0.019408065641209227,3.0,-5.980591934358791,0.0,-4741.65844975616,-36439.74665604811,,,0,0,lightgbm,long,1000,0.1,1,3.0,2026-08-20
6609,0.02211008790227531,3.0,-5.977889912097725,0.0,-3421.6684450467064,-39507.87442905386,,,0,0,lightgbm,long,1000,0.1,2,3.0,2026-08-21
6395,0.022397558318296262,3.0,-5.977602441681704,0.0,-5148.742788119404,-38226.7676145545,,,0,0,lightgbm,long,1000,0.1,3,3.0,2026-08-22
5002,0.011302963255831244,5.0,-9.988697036744169,0.0,-5139.453451865287,-49963.46257779433,,,0,1,lightgbm,long,1000,0.1,0,5.0,2026-08-19
6093,0.019408065641210115,5.0,-9.98059193435879,0.0,-7913.022422954264,-60811.74665604811,,,0,0,lightgbm,long,1000,0.1,1,5.0,2026-08-20
6609,0.02211008790227531,5.0,-9.977889912097725,0.0,-5711.217764529571,-65943.87442905386,,,0,0,lightgbm,long,1000,0.1,2,5.0,2026-08-21
6395,0.022397558318296262,5.0,-9.977602441681704,0.0,-8594.099242217002,-63806.7676145545,,,0,0,lightgbm,long,1000,0.1,3,5.0,2026-08-22
2546,0.013891724016704243,1.0,-1.9861082759832958,0.0,-764.4756220971113,-5056.631670653471,,,0,1,lightgbm,long,1000,0.05,0,1.0,2026-08-19
3651,0.028213240548855323,1.0,-1.9717867594511447,0.0002738975623116954,-1042.5606330181217,-7198.993458756129,,,0,0,lightgbm,long,1000,0.05,1,1.0,2026-08-20
3779,0.026383468269013832,1.0,-1.9736165317309862,0.0002646202699126753,-728.1167856697194,-7458.2968734113965,,,0,0,lightgbm,long,1000,0.05,2,1.0,2026-08-21
3501,0.02615425969231011,1.0,-1.9738457403076899,0.0,-1158.0763862877598,-6910.433936817222,,,0,0,lightgbm,long,1000,0.05,3,1.0,2026-08-22
2546,0.013891724016704465,2.0,-3.9861082759832955,0.0,-1534.298326469691,-10148.63167065347,,,0,1,lightgbm,long,1000,0.05,0,2.0,2026-08-19
3651,0.0282132405488551,2.0,-3.971786759451145,0.0,-2100.03870768409,-14500.99345875613,,,0,0,lightgbm,long,1000,0.05,1,2.0,2026-08-20
3779,0.026383468269013832,2.0,-3.973616531730986,0.0,-1465.9670964705874,-15016.296873411397,,,0,0,lightgbm,long,1000,0.05,2,2.0,2026-08-21
3501,0.026154259692310333,2.0,-3.9738457403076897,0.0,-2331.497756194037,-13912.433936817222,,,0,0,lightgbm,long,1000,0.05,3,2.0,2026-08-22
2546,0.013891724016704465,3.0,-5.9861082759832955,0.0,-2304.1210308422706,-15240.63167065347,,,0,1,lightgbm,long,1000,0.05,0,3.0,2026-08-19
3651,0.028213240548855545,3.0,-5.9717867594511445,0.0,-3157.5167823500565,-21802.99345875613,,,0,0,lightgbm,long,1000,0.05,1,3.0,2026-08-20
3779,0.026383468269013832,3.0,-5.973616531730986,0.0,-2203.817407271455,-22574.296873411397,,,0,0,lightgbm,long,1000,0.05,2,3.0,2026-08-21
3501,0.026154259692310333,3.0,-5.97384574030769,0.0,-3504.919126100314,-20914.433936817222,,,0,0,lightgbm,long,1000,0.05,3,3.0,2026-08-22
2546,0.013891724016703577,5.0,-9.986108275983296,0.0,-3843.76643958743,-25424.63167065347,,,0,1,lightgbm,long,1000,0.05,0,5.0,2026-08-19
3651,0.028213240548854657,5.0,-9.971786759451145,0.0,-5272.472931681991,-36406.99345875613,,,0,0,lightgbm,long,1000,0.05,1,5.0,2026-08-20
3779,0.026383468269013832,5.0,-9.973616531730986,0.0,-3679.518028873191,-37690.2968734114,,,0,0,lightgbm,long,1000,0.05,2,5.0,2026-08-21
3501,0.026154259692310333,5.0,-9.97384574030769,0.0,-5851.761865912868,-34918.43393681722,,,0,0,lightgbm,long,1000,0.05,3,5.0,2026-08-22
1117,0.021951527861380438,1.0,-1.9780484721386196,0.0,-515.4918427949075,-2209.480143378838,,,0,1,lightgbm,long,1000,0.02,0,1.0,2026-08-19
1583,0.02941119534434744,1.0,-1.9705888046556526,0.0,-638.9586822083813,-3119.442077769898,,,0,0,lightgbm,long,1000,0.02,1,1.0,2026-08-20
1470,0.02847426930667374,1.0,-1.9715257306933263,0.0,-624.0465723846032,-2898.1428241191898,,,0,0,lightgbm,long,1000,0.02,2,1.0,2026-08-21
1527,0.031102001197778284,1.0,-1.9688979988022217,0.0,-618.4877399403429,-3006.5072441709926,,,0,0,lightgbm,long,1000,0.02,3,1.0,2026-08-22
1117,0.021951527861380438,2.0,-3.9780484721386196,0.0,-1036.7043914819171,-4443.480143378838,,,0,1,lightgbm,long,1000,0.02,0,2.0,2026-08-19
1583,0.02941119534434744,2.0,-3.9705888046556526,0.0,-1287.4538737965984,-6285.442077769898,,,0,0,lightgbm,long,1000,0.02,1,2.0,2026-08-20
1470,0.028474269306673516,2.0,-3.9715257306933265,0.0,-1257.1060984858884,-5838.14282411919,,,0,0,lightgbm,long,1000,0.02,2,2.0,2026-08-21
1527,0.031102001197778062,2.0,-3.968897998802222,0.0,-1246.745516947176,-6060.507244170993,,,0,0,lightgbm,long,1000,0.02,3,2.0,2026-08-22
1117,0.021951527861380882,3.0,-5.978048472138619,0.0,-1557.9169401689264,-6677.480143378838,,,0,1,lightgbm,long,1000,0.02,0,3.0,2026-08-19
1583,0.02941119534434744,3.0,-5.970588804655653,0.0,-1935.9490653848152,-9451.442077769898,,,0,0,lightgbm,long,1000,0.02,1,3.0,2026-08-20
1470,0.02847426930667396,3.0,-5.971525730693326,0.0,-1890.165624587173,-8778.14282411919,,,0,0,lightgbm,long,1000,0.02,2,3.0,2026-08-21
1527,0.031102001197778506,3.0,-5.9688979988022215,0.0,-1875.0032939540085,-9114.507244170993,,,0,0,lightgbm,long,1000,0.02,3,3.0,2026-08-22
1117,0.021951527861380882,5.0,-9.97804847213862,0.0,-2600.3420375429455,-11145.480143378838,,,0,1,lightgbm,long,1000,0.02,0,5.0,2026-08-19
1583,0.02941119534434833,5.0,-9.970588804655652,0.0,-3232.939448561249,-15783.442077769898,,,0,0,lightgbm,long,1000,0.02,1,5.0,2026-08-20
1470,0.02847426930667396,5.0,-9.971525730693326,0.0,-3156.284676789743,-14658.14282411919,,,0,0,lightgbm,long,1000,0.02,2,5.0,2026-08-21
1527,0.031102001197778506,5.0,-9.968897998802221,0.0,-3131.518847967674,-15222.507244170993,,,0,0,lightgbm,long,1000,0.02,3,5.0,2026-08-22
618,0.02263054231364081,1.0,-1.9773694576863592,0.0,-351.0104234952773,-1222.01432485017,,,0,1,lightgbm,long,1000,0.01,0,1.0,2026-08-19
798,0.02787941896192092,1.0,-1.972120581038079,0.0,-432.08200267111476,-1573.7522236683872,,,0,0,lightgbm,long,1000,0.01,1,1.0,2026-08-20
769,0.02542875586162352,1.0,-1.9745712441383765,0.0,-474.3714338052685,-1518.4452867424116,,,0,0,lightgbm,long,1000,0.01,2,1.0,2026-08-21
806,0.02481039904249216,1.0,-1.9751896009575078,0.0,-402.0530391969557,-1592.0028183717513,,,0,0,lightgbm,long,1000,0.01,3,1.0,2026-08-22
618,0.022630542313641033,2.0,-3.977369457686359,0.0,-706.038081205719,-2458.01432485017,,,0,1,lightgbm,long,1000,0.01,0,2.0,2026-08-19
798,0.0278794189619207,2.0,-3.9721205810380793,0.0,-870.2722500886198,-3169.752223668387,,,0,0,lightgbm,long,1000,0.01,1,2.0,2026-08-20
769,0.025428755861623298,2.0,-3.9745712441383767,0.0,-954.8518775608088,-3056.4452867424116,,,0,0,lightgbm,long,1000,0.01,2,2.0,2026-08-21
806,0.024810399042491937,2.0,-3.975189600957508,0.0,-809.1562752630562,-3204.0028183717513,,,0,0,lightgbm,long,1000,0.01,3,2.0,2026-08-22
618,0.02263054231364059,3.0,-5.977369457686359,0.0,-1061.0657389161606,-3694.01432485017,,,0,1,lightgbm,long,1000,0.01,0,3.0,2026-08-19
798,0.0278794189619207,3.0,-5.972120581038079,0.0,-1308.4624975061247,-4765.752223668387,,,0,0,lightgbm,long,1000,0.01,1,3.0,2026-08-20
769,0.025428755861623742,3.0,-5.974571244138376,0.0,-1435.3323213163494,-4594.445286742412,,,0,0,lightgbm,long,1000,0.01,2,3.0,2026-08-21
806,0.024810399042491937,3.0,-5.975189600957508,0.0,-1216.2595113291566,-4816.002818371751,,,0,0,lightgbm,long,1000,0.01,3,3.0,2026-08-22
618,0.02263054231364059,5.0,-9.97736945768636,0.0,-1771.1210543370441,-6166.01432485017,,,0,1,lightgbm,long,1000,0.01,0,5.0,2026-08-19
798,0.027879418961921587,5.0,-9.972120581038078,0.0,-2184.8429923411345,-7957.752223668387,,,0,0,lightgbm,long,1000,0.01,1,5.0,2026-08-20
769,0.025428755861623742,5.0,-9.974571244138376,0.0,-2396.2932088274306,-7670.445286742412,,,0,0,lightgbm,long,1000,0.01,2,5.0,2026-08-21
806,0.024810399042491937,5.0,-9.975189600957508,0.0,-2030.4659834613576,-8040.002818371751,,,0,0,lightgbm,long,1000,0.01,3,5.0,2026-08-22
3523,0.049712880768441936,1.0,-1.950287119231558,0.002554640931024695,-318.7791552852113,-6870.861521052779,,,0,1,lightgbm,long,5000,0.1,0,1.0,2026-08-19
4280,0.04214602641583953,1.0,-1.9578539735841605,0.00046728971962616824,-507.15609914765304,-8379.615006940207,,,0,0,lightgbm,long,5000,0.1,1,1.0,2026-08-20
4693,0.04850424994879177,1.0,-1.9514957500512082,0.001065416577881952,-389.1189804208815,-9158.36955499032,,,0,0,lightgbm,long,5000,0.1,2,1.0,2026-08-21
4051,0.04075626501561436,1.0,-1.9592437349843856,0.0,-616.7901156637488,-7936.896370421746,,,0,0,lightgbm,long,5000,0.1,3,1.0,2026-08-22
3523,0.04971288076844216,2.0,-3.950287119231558,0.0008515469770082316,-645.684001388912,-13916.861521052779,,,0,1,lightgbm,long,5000,0.1,0,2.0,2026-08-19
4280,0.04214602641583953,2.0,-3.9578539735841605,0.0,-1025.2295673330495,-16939.615006940207,,,0,0,lightgbm,long,5000,0.1,1,2.0,2026-08-20
4693,0.04850424994879177,2.0,-3.9514957500512082,0.00021308331557639036,-787.9094778233696,-18544.36955499032,,,0,0,lightgbm,long,5000,0.1,2,2.0,2026-08-21
4051,0.04075626501561436,2.0,-3.9592437349843856,0.0,-1246.4107235037063,-16038.896370421746,,,0,0,lightgbm,long,5000,0.1,3,2.0,2026-08-22
3523,0.049712880768441714,3.0,-5.950287119231558,0.0002838489923360772,-972.5888474926128,-20962.86152105278,,,0,1,lightgbm,long,5000,0.1,0,3.0,2026-08-19
4280,0.04214602641583998,3.0,-5.95785397358416,0.0,-1543.3030355184462,-25499.615006940207,,,0,0,lightgbm,long,5000,0.1,1,3.0,2026-08-20
4693,0.04850424994879177,3.0,-5.951495750051208,0.0,-1186.6999752258578,-27930.36955499032,,,0,0,lightgbm,long,5000,0.1,2,3.0,2026-08-21
4051,0.0407562650156148,3.0,-5.959243734984385,0.0,-1876.0313313436632,-24140.896370421746,,,0,0,lightgbm,long,5000,0.1,3,3.0,2026-08-22
3523,0.0497128807684426,5.0,-9.950287119231557,0.0,-1626.3985397000142,-35054.86152105278,,,0,1,lightgbm,long,5000,0.1,0,5.0,2026-08-19
4280,0.04214602641583909,5.0,-9.957853973584161,0.0,-2579.44997188924,-42619.61500694021,,,0,0,lightgbm,long,5000,0.1,1,5.0,2026-08-20
4693,0.04850424994879177,5.0,-9.951495750051208,0.0,-1984.2809700308342,-46702.36955499032,,,0,0,lightgbm,long,5000,0.1,2,5.0,2026-08-21
4051,0.0407562650156148,5.0,-9.959243734984385,0.0,-3135.2725470235778,-40344.896370421746,,,0,0,lightgbm,long,5000,0.1,3,5.0,2026-08-22
2367,0.056341141405815254,1.0,-1.9436588585941847,0.0025348542458808617,-260.4673658833903,-4600.640518292435,,,0,1,lightgbm,long,5000,0.05,0,1.0,2026-08-19
2592,0.03876745261988135,1.0,-1.9612325473801187,0.00038580246913580245,-360.2621870409624,-5083.514762809267,,,0,0,lightgbm,long,5000,0.05,1,1.0,2026-08-20
2676,0.05066401343094018,1.0,-1.9493359865690598,0.0011210762331838565,-290.75626244533464,-5216.423100058804,,,0,0,lightgbm,long,5000,0.05,2,1.0,2026-08-21
2372,0.04407745940708141,1.0,-1.9559225405929186,0.0,-532.8908648464907,-4639.448266286403,,,0,0,lightgbm,long,5000,0.05,3,1.0,2026-08-22
2367,0.056341141405815254,2.0,-3.9436588585941847,0.0008449514152936206,-528.4849397819106,-9334.640518292435,,,0,1,lightgbm,long,5000,0.05,0,2.0,2026-08-19
2592,0.03876745261988157,2.0,-3.9612325473801184,0.0,-727.6456342738903,-10267.514762809267,,,0,0,lightgbm,long,5000,0.05,1,2.0,2026-08-20
2676,0.05066401343094018,2.0,-3.94933598656906,0.0003736920777279522,-589.0693951722197,-10568.423100058804,,,0,0,lightgbm,long,5000,0.05,2,2.0,2026-08-21
2372,0.04407745940708141,2.0,-3.9559225405929186,0.0,-1077.7906282951499,-9383.448266286403,,,0,0,lightgbm,long,5000,0.05,3,2.0,2026-08-22
2367,0.05634114140581481,3.0,-5.943658858594185,0.0004224757076468103,-796.5025136804311,-14068.640518292435,,,0,1,lightgbm,long,5000,0.05,0,3.0,2026-08-19
2592,0.038767452619881126,3.0,-5.961232547380119,0.0,-1095.0290815068183,-15451.514762809267,,,0,0,lightgbm,long,5000,0.05,1,3.0,2026-08-20
2676,0.05066401343094018,3.0,-5.94933598656906,0.0,-887.3825278991047,-15920.423100058804,,,0,0,lightgbm,long,5000,0.05,2,3.0,2026-08-21
2372,0.044077459407080966,3.0,-5.955922540592919,0.0,-1622.690391743809,-14127.448266286403,,,0,0,lightgbm,long,5000,0.05,3,3.0,2026-08-22
2367,0.05634114140581481,5.0,-9.943658858594185,0.0,-1332.5376614774718,-23536.640518292435,,,0,1,lightgbm,long,5000,0.05,0,5.0,2026-08-19
2592,0.038767452619881126,5.0,-9.961232547380119,0.0,-1829.7959759726746,-25819.514762809267,,,0,0,lightgbm,long,5000,0.05,1,5.0,2026-08-20
2676,0.05066401343093929,5.0,-9.94933598656906,0.0,-1484.008793352875,-26624.423100058804,,,0,0,lightgbm,long,5000,0.05,2,5.0,2026-08-21
2372,0.044077459407080966,5.0,-9.955922540592919,0.0,-2712.4899186411267,-23615.448266286403,,,0,0,lightgbm,long,5000,0.05,3,5.0,2026-08-22
1220,0.07268993348974861,1.0,-1.9273100665102514,0.002459016393442623,-169.2357531251582,-2351.3182811425067,,,0,1,lightgbm,long,5000,0.02,0,1.0,2026-08-19
1185,0.03841963380129165,1.0,-1.9615803661987083,0.0008438818565400844,-210.6287891553814,-2324.4727339454694,,,0,0,lightgbm,long,5000,0.02,1,1.0,2026-08-20
1299,0.05317663834745745,1.0,-1.9468233616525426,0.0,-238.97863573630022,-2528.923546786653,,,0,0,lightgbm,long,5000,0.02,2,1.0,2026-08-21
1127,0.050695236052837656,1.0,-1.9493047639471623,0.0,-393.6758889037646,-2196.866468968452,,,0,0,lightgbm,long,5000,0.02,3,1.0,2026-08-22
1220,0.07268993348974861,2.0,-3.9273100665102514,0.000819672131147541,-344.85435862706436,-4791.318281142507,,,0,1,lightgbm,long,5000,0.02,0,2.0,2026-08-19
1185,0.03841963380129165,2.0,-3.9615803661987083,0.0,-425.38296674082807,-4694.472733945469,,,0,0,lightgbm,long,5000,0.02,1,2.0,2026-08-20
1299,0.05317663834745723,2.0,-3.9468233616525428,0.0,-484.4848695770997,-5126.923546786653,,,0,0,lightgbm,long,5000,0.02,2,2.0,2026-08-21
1127,0.05069523605283788,2.0,-3.949304763947162,0.0,-797.5900394100273,-4450.866468968452,,,0,0,lightgbm,long,5000,0.02,3,2.0,2026-08-22
1220,0.07268993348974817,3.0,-5.927310066510252,0.000819672131147541,-520.4729641289706,-7231.318281142507,,,0,1,lightgbm,long,5000,0.02,0,3.0,2026-08-19
1185,0.03841963380129165,3.0,-5.961580366198708,0.0,-640.1371443262747,-7064.472733945469,,,0,0,lightgbm,long,5000,0.02,1,3.0,2026-08-20
1299,0.05317663834745723,3.0,-5.946823361652543,0.0,-729.9911034178991,-7724.923546786653,,,0,0,lightgbm,long,5000,0.02,2,3.0,2026-08-21
1127,0.05069523605283788,3.0,-5.949304763947162,0.0,-1201.5041899162902,-6704.866468968452,,,0,0,lightgbm,long,5000,0.02,3,3.0,2026-08-22
1220,0.07268993348974817,5.0,-9.927310066510252,0.0,-871.710175132783,-12111.318281142507,,,0,1,lightgbm,long,5000,0.02,0,5.0,2026-08-19
1185,0.03841963380129165,5.0,-9.961580366198708,0.0,-1069.645499497168,-11804.47273394547,,,0,0,lightgbm,long,5000,0.02,1,5.0,2026-08-20
1299,0.05317663834745723,5.0,-9.946823361652543,0.0,-1221.0035710994982,-12920.923546786653,,,0,0,lightgbm,long,5000,0.02,2,5.0,2026-08-21
1127,0.05069523605283699,5.0,-9.949304763947163,0.0,-2009.3324909288158,-11212.866468968452,,,0,0,lightgbm,long,5000,0.02,3,5.0,2026-08-22
680,0.05875973673554502,1.0,-1.941240263264455,0.0014705882352941176,-167.41502017626684,-1320.0433790198294,,,0,1,lightgbm,long,5000,0.01,0,1.0,2026-08-19
655,0.03562780753033978,1.0,-1.9643721924696602,0.0015267175572519084,-153.29738133781936,-1286.6637860676274,,,0,0,lightgbm,long,5000,0.01,1,1.0,2026-08-20
705,0.05519873878822823,1.0,-1.9448012612117718,0.0,-190.3496126354723,-1371.0848891542992,,,0,0,lightgbm,long,5000,0.01,2,1.0,2026-08-21
611,0.04972595688502057,1.0,-1.9502740431149794,0.0,-291.07354603541495,-1191.6174403432524,,,0,0,lightgbm,long,5000,0.01,3,1.0,2026-08-22
680,0.0587597367355448,2.0,-3.941240263264455,0.0,-339.8975545069077,-2680.0433790198294,,,0,1,lightgbm,long,5000,0.01,0,2.0,2026-08-19
655,0.03562780753033978,2.0,-3.96437219246966,0.0,-309.3751164284285,-2596.6637860676274,,,0,0,lightgbm,long,5000,0.01,1,2.0,2026-08-20
705,0.05519873878822823,2.0,-3.9448012612117718,0.0,-386.1018639651211,-2781.084889154299,,,0,0,lightgbm,long,5000,0.01,2,2.0,2026-08-21
611,0.04972595688502057,2.0,-3.9502740431149794,0.0,-589.5685673509959,-2413.6174403432524,,,0,0,lightgbm,long,5000,0.01,3,2.0,2026-08-22
680,0.0587597367355448,3.0,-5.941240263264455,0.0,-512.3800888375484,-4040.0433790198294,,,0,1,lightgbm,long,5000,0.01,0,3.0,2026-08-19
655,0.03562780753034023,3.0,-5.96437219246966,0.0,-465.45285151903767,-3906.6637860676274,,,0,0,lightgbm,long,5000,0.01,1,3.0,2026-08-20
705,0.055198738788227786,3.0,-5.944801261211772,0.0,-581.8541152947699,-4191.084889154299,,,0,0,lightgbm,long,5000,0.01,2,3.0,2026-08-21
611,0.04972595688502057,3.0,-5.950274043114979,0.0,-888.0635886665767,-3635.6174403432524,,,0,0,lightgbm,long,5000,0.01,3,3.0,2026-08-22
680,0.05875973673554569,5.0,-9.941240263264454,0.0,-857.3451574988303,-6760.043379019829,,,0,1,lightgbm,long,5000,0.01,0,5.0,2026-08-19
655,0.03562780753033934,5.0,-9.96437219246966,0.0,-777.608321700256,-6526.663786067627,,,0,0,lightgbm,long,5000,0.01,1,5.0,2026-08-20
705,0.055198738788227786,5.0,-9.944801261211772,0.0,-973.3586179540673,-7011.084889154299,,,0,0,lightgbm,long,5000,0.01,2,5.0,2026-08-21
611,0.04972595688502146,5.0,-9.950274043114979,0.0,-1485.053631297738,-6079.617440343252,,,0,0,lightgbm,long,5000,0.01,3,5.0,2026-08-22
2664,0.06134025210356642,1.0,-1.9386597478964336,0.00563063063063063,-219.61697710185248,-5164.589568396099,,,0,1,lightgbm,long,10000,0.1,0,1.0,2026-08-19
3192,0.05664446591131922,1.0,-1.9433555340886808,0.0021929824561403508,-297.65417241275776,-6203.190864811069,,,0,0,lightgbm,long,10000,0.1,1,1.0,2026-08-20
3482,0.061020314836011114,1.0,-1.9389796851639889,0.002010338885697875,-258.99455828229844,-6751.527263741009,,,0,0,lightgbm,long,10000,0.1,2,1.0,2026-08-21
2927,0.04185522664265173,1.0,-1.9581447733573483,0.00034164673727365904,-360.40977740183183,-5731.4897516169585,,,0,0,lightgbm,long,10000,0.1,3,1.0,2026-08-22
2664,0.06134025210356642,2.0,-3.9386597478964336,0.0007507507507507507,-446.1827551762677,-10492.589568396099,,,0,1,lightgbm,long,10000,0.1,0,2.0,2026-08-19
3192,0.05664446591131922,2.0,-3.943355534088681,0.0003132832080200501,-603.9842980038427,-12587.19086481107,,,0,0,lightgbm,long,10000,0.1,1,2.0,2026-08-20
3482,0.061020314836011114,2.0,-3.938979685163989,0.0,-526.1397586822645,-13715.527263741009,,,0,0,lightgbm,long,10000,0.1,2,2.0,2026-08-21
2927,0.04185522664265173,2.0,-3.9581447733573483,0.0,-728.5232920975702,-11585.489751616959,,,0,0,lightgbm,long,10000,0.1,3,2.0,2026-08-22
2664,0.06134025210356686,3.0,-5.938659747896433,0.00037537537537537537,-672.7485332506827,-15820.589568396099,,,0,1,lightgbm,long,10000,0.1,0,3.0,2026-08-19
3192,0.056644465911318775,3.0,-5.943355534088681,0.0003132832080200501,-910.3144235949276,-18971.19086481107,,,0,0,lightgbm,long,10000,0.1,1,3.0,2026-08-20
3482,0.06102031483601156,3.0,-5.938979685163988,0.0,-793.2849590822306,-20679.52726374101,,,0,0,lightgbm,long,10000,0.1,2,3.0,2026-08-21
2927,0.04185522664265129,3.0,-5.958144773357349,0.0,-1096.6368067933088,-17439.48975161696,,,0,0,lightgbm,long,10000,0.1,3,3.0,2026-08-22
2664,0.06134025210356597,5.0,-9.938659747896434,0.0,-1125.8800893995133,-26476.5895683961,,,0,1,lightgbm,long,10000,0.1,0,5.0,2026-08-19
3192,0.056644465911318775,5.0,-9.943355534088681,0.0,-1522.9746747770976,-31739.19086481107,,,0,0,lightgbm,long,10000,0.1,1,5.0,2026-08-20
3482,0.06102031483601067,5.0,-9.93897968516399,0.0,-1327.5753598821627,-34607.52726374101,,,0,0,lightgbm,long,10000,0.1,2,5.0,2026-08-21
2927,0.04185522664265129,5.0,-9.958144773357349,0.0,-1832.8638361847854,-29147.48975161696,,,0,0,lightgbm,long,10000,0.1,3,5.0,2026-08-22
1825,0.07246973883870944,1.0,-1.9275302611612906,0.007671232876712329,-145.04375597556026,-3517.7427266193554,,,0,1,lightgbm,long,10000,0.05,0,1.0,2026-08-19
1982,0.05839381234705776,1.0,-1.9416061876529422,0.0025227043390514633,-218.68940138833642,-3848.2634639281314,,,0,0,lightgbm,long,10000,0.05,1,1.0,2026-08-20
2167,0.06129399250282108,1.0,-1.938706007497179,0.0013844023996308261,-194.3439801541048,-4201.175918246387,,,0,0,lightgbm,long,10000,0.05,2,1.0,2026-08-21
1812,0.045190891367126396,1.0,-1.9548091086328736,0.0,-270.9404598912938,-3542.114104842767,,,0,0,lightgbm,long,10000,0.05,3,1.0,2026-08-22
1825,0.07246973883870922,2.0,-3.927530261161291,0.001095890410958904,-295.54075091059684,-7167.742726619355,,,0,1,lightgbm,long,10000,0.05,0,2.0,2026-08-19
1982,0.05839381234705776,2.0,-3.9416061876529422,0.0005045408678102926,-443.95588722776733,-7812.263463928131,,,0,0,lightgbm,long,10000,0.05,1,2.0,2026-08-20
2167,0.061293992502821304,2.0,-3.9387060074971787,0.0,-394.83232588837944,-8535.175918246387,,,0,0,lightgbm,long,10000,0.05,2,2.0,2026-08-21
1812,0.045190891367126174,2.0,-3.954809108632874,0.0,-548.1444678885559,-7166.114104842767,,,0,0,lightgbm,long,10000,0.05,3,2.0,2026-08-22
1825,0.07246973883870922,3.0,-5.927530261161291,0.000547945205479452,-446.0377458456334,-10817.742726619355,,,0,1,lightgbm,long,10000,0.05,0,3.0,2026-08-19
1982,0.05839381234705776,3.0,-5.941606187652942,0.0005045408678102926,-669.2223730671981,-11776.263463928131,,,0,0,lightgbm,long,10000,0.05,1,3.0,2026-08-20
2167,0.061293992502821304,3.0,-5.938706007497179,0.0,-595.3206716226541,-12869.175918246387,,,0,0,lightgbm,long,10000,0.05,2,3.0,2026-08-21
1812,0.04519089136712662,3.0,-5.954809108632873,0.0,-825.348475885818,-10790.114104842767,,,0,0,lightgbm,long,10000,0.05,3,3.0,2026-08-22
1825,0.07246973883870922,5.0,-9.92753026116129,0.000547945205479452,-747.0317357157068,-18117.742726619355,,,0,1,lightgbm,long,10000,0.05,0,5.0,2026-08-19
1982,0.05839381234705776,5.0,-9.941606187652942,0.0,-1119.7553447460598,-19704.26346392813,,,0,0,lightgbm,long,10000,0.05,1,5.0,2026-08-20
2167,0.061293992502820416,5.0,-9.93870600749718,0.0,-996.2973630912034,-21537.175918246387,,,0,0,lightgbm,long,10000,0.05,2,5.0,2026-08-21
1812,0.04519089136712573,5.0,-9.954809108632874,0.0,-1379.756491880342,-18038.114104842767,,,0,0,lightgbm,long,10000,0.05,3,5.0,2026-08-22
924,0.07491258844630933,1.0,-1.9250874115536907,0.005411255411255411,-147.42536591688184,-1778.7807682756102,,,0,1,lightgbm,long,10000,0.02,0,1.0,2026-08-19
898,0.042305013843535244,1.0,-1.9576949861564648,0.0033407572383073497,-123.05089589169849,-1758.0100975685054,,,0,0,lightgbm,long,10000,0.02,1,1.0,2026-08-20
1073,0.08035423216138304,1.0,-1.919645767838617,0.0027958993476234857,-129.38640693944507,-2059.779908890836,,,0,0,lightgbm,long,10000,0.02,2,1.0,2026-08-21
909,0.0381458250493758,1.0,-1.9618541749506242,0.0,-167.0814997506292,-1783.3254450301174,,,0,0,lightgbm,long,10000,0.02,3,1.0,2026-08-22
924,0.07491258844630933,2.0,-3.9250874115536907,0.0,-300.5876223755623,-3626.78076827561,,,0,1,lightgbm,long,10000,0.02,0,2.0,2026-08-19
898,0.04230501384353502,2.0,-3.957694986156465,0.0011135857461024498,-248.7608729431123,-3554.0100975685054,,,0,0,lightgbm,long,10000,0.02,1,2.0,2026-08-20
1073,0.08035423216138327,2.0,-3.9196457678386167,0.0,-264.1887846563765,-4205.779908890836,,,0,0,lightgbm,long,10000,0.02,2,2.0,2026-08-21
909,0.03814582504937558,2.0,-3.9618541749506244,0.0,-337.4116923653115,-3601.3254450301174,,,0,0,lightgbm,long,10000,0.02,3,2.0,2026-08-22
924,0.07491258844630977,3.0,-5.92508741155369,0.0,-453.74987883424274,-5474.78076827561,,,0,1,lightgbm,long,10000,0.02,0,3.0,2026-08-19
898,0.04230501384353502,3.0,-5.957694986156465,0.0,-374.4708499945261,-5350.010097568505,,,0,0,lightgbm,long,10000,0.02,1,3.0,2026-08-20
1073,0.08035423216138327,3.0,-5.919645767838617,0.0,-398.991162373308,-6351.779908890836,,,0,0,lightgbm,long,10000,0.02,2,3.0,2026-08-21
909,0.03814582504937558,3.0,-5.961854174950624,0.0,-507.7418849799938,-5419.325445030117,,,0,0,lightgbm,long,10000,0.02,3,3.0,2026-08-22
924,0.07491258844630977,5.0,-9.92508741155369,0.0,-760.0743917516037,-9170.78076827561,,,0,1,lightgbm,long,10000,0.02,0,5.0,2026-08-19
898,0.04230501384353502,5.0,-9.957694986156465,0.0,-625.8908040973537,-8942.010097568505,,,0,0,lightgbm,long,10000,0.02,1,5.0,2026-08-20
1073,0.08035423216138327,5.0,-9.919645767838617,0.0,-668.5959178071708,-10643.779908890836,,,0,0,lightgbm,long,10000,0.02,2,5.0,2026-08-21
909,0.03814582504937647,5.0,-9.961854174950624,0.0,-848.4022702093584,-9055.325445030117,,,0,0,lightgbm,long,10000,0.02,3,5.0,2026-08-22
473,0.06394801210699685,1.0,-1.9360519878930031,0.0,-178.33107493097654,-915.7525902733905,,,0,1,lightgbm,long,10000,0.01,0,1.0,2026-08-19
549,0.0408405865714776,1.0,-1.9591594134285224,0.0036429872495446266,-86.78186361894755,-1075.5785179722589,,,0,0,lightgbm,long,10000,0.01,1,1.0,2026-08-20
615,0.10328397511531096,1.0,-1.896716024884689,0.004878048780487805,-95.8897846290293,-1166.4803553040838,,,0,0,lightgbm,long,10000,0.01,2,1.0,2026-08-21
555,0.046845264901692385,1.0,-1.9531547350983076,0.0,-142.6279637316693,-1084.0008779795608,,,0,0,lightgbm,long,10000,0.01,3,1.0,2026-08-22
473,0.06394801210699663,2.0,-3.9360519878930034,0.0,-362.5524450658286,-1861.7525902733905,,,0,1,lightgbm,long,10000,0.01,0,2.0,2026-08-19
549,0.04084058657147738,2.0,-3.9591594134285226,0.0018214936247723133,-175.37277972727952,-2173.578517972259,,,0,0,lightgbm,long,10000,0.01,1,2.0,2026-08-20
615,0.10328397511531096,2.0,-3.896716024884689,0.0,-197.00116173658435,-2396.480355304084,,,0,0,lightgbm,long,10000,0.01,2,2.0,2026-08-21
555,0.046845264901692385,2.0,-3.9531547350983076,0.0,-288.6767750917077,-2194.0008779795608,,,0,0,lightgbm,long,10000,0.01,3,2.0,2026-08-22
473,0.06394801210699708,3.0,-5.936051987893003,0.0,-546.7738152006807,-2807.7525902733905,,,0,1,lightgbm,long,10000,0.01,0,3.0,2026-08-19
549,0.04084058657147782,3.0,-5.959159413428522,0.0,-263.9636958356115,-3271.578517972259,,,0,0,lightgbm,long,10000,0.01,1,3.0,2026-08-20
615,0.10328397511531051,3.0,-5.8967160248846895,0.0,-298.11253884413946,-3626.480355304084,,,0,0,lightgbm,long,10000,0.01,2,3.0,2026-08-21
555,0.04684526490169194,3.0,-5.953154735098308,0.0,-434.7255864517462,-3304.0008779795608,,,0,0,lightgbm,long,10000,0.01,3,3.0,2026-08-22
473,0.06394801210699619,5.0,-9.936051987893004,0.0,-915.2165554703848,-4699.7525902733905,,,0,1,lightgbm,long,10000,0.01,0,5.0,2026-08-19
549,0.04084058657147693,5.0,-9.959159413428523,0.0,-441.1455280522754,-5467.578517972259,,,0,0,lightgbm,long,10000,0.01,1,5.0,2026-08-20
615,0.10328397511531051,5.0,-9.89671602488469,0.0,-500.3352930592496,-6086.480355304084,,,0,0,lightgbm,long,10000,0.01,2,5.0,2026-08-21
555,0.04684526490169283,5.0,-9.953154735098307,0.0,-726.823209171823,-5524.000877979561,,,0,0,lightgbm,long,10000,0.01,3,5.0,2026-08-22
958,0.11018857853715591,1.0,-1.889811421462844,0.022964509394572025,-61.255646592674864,-1810.4393417614046,,,0,1,lightgbm,long,30000,0.1,0,1.0,2026-08-19
1670,0.06752171680285213,1.0,-1.9324782831971479,0.005988023952095809,-127.7478829647927,-3227.238732939237,,,0,0,lightgbm,long,30000,0.1,1,1.0,2026-08-20
1660,0.09167578355794914,1.0,-1.9083242164420509,0.016265060240963854,-96.12873664308809,-3167.8181992938044,,,0,0,lightgbm,long,30000,0.1,2,1.0,2026-08-21
1416,0.036116334966414865,1.0,-1.9638836650335851,0.00211864406779661,-121.2689557940272,-2780.8592696875567,,,0,0,lightgbm,long,30000,0.1,3,1.0,2026-08-22
958,0.11018857853715591,2.0,-3.889811421462844,0.005219206680584551,-126.08290490743178,-3726.4393417614046,,,0,1,lightgbm,long,30000,0.1,0,2.0,2026-08-19
1670,0.06752171680285235,2.0,-3.9324782831971477,0.0005988023952095808,-259.9593381470398,-6567.238732939237,,,0,0,lightgbm,long,30000,0.1,1,2.0,2026-08-20
1660,0.09167578355794914,2.0,-3.908324216442051,0.0018072289156626507,-196.8754921627702,-6487.818199293804,,,0,0,lightgbm,long,30000,0.1,2,2.0,2026-08-21
1416,0.036116334966414865,2.0,-3.963883665033585,0.0007062146892655367,-244.7680794470093,-5612.859269687557,,,0,0,lightgbm,long,30000,0.1,3,2.0,2026-08-22
958,0.11018857853715591,3.0,-5.889811421462844,0.0020876826722338203,-190.91016322218866,-5642.439341761405,,,0,1,lightgbm,long,30000,0.1,0,3.0,2026-08-19
1670,0.0675217168028519,3.0,-5.932478283197148,0.0005988023952095808,-392.17079332928677,-9907.238732939237,,,0,0,lightgbm,long,30000,0.1,1,3.0,2026-08-20
1660,0.09167578355794959,3.0,-5.90832421644205,0.0006024096385542169,-297.62224768245227,-9807.818199293804,,,0,0,lightgbm,long,30000,0.1,2,3.0,2026-08-21
1416,0.03611633496641442,3.0,-5.963883665033586,0.0,-368.26720309999143,-8444.859269687557,,,0,0,lightgbm,long,30000,0.1,3,3.0,2026-08-22
958,0.11018857853715502,5.0,-9.889811421462845,0.0010438413361169101,-320.5646798517025,-9474.439341761405,,,0,1,lightgbm,long,30000,0.1,0,5.0,2026-08-19
1670,0.0675217168028528,5.0,-9.932478283197147,0.0,-656.593703693781,-16587.238732939237,,,0,0,lightgbm,long,30000,0.1,1,5.0,2026-08-20
1660,0.09167578355794959,5.0,-9.90832421644205,0.0,-499.11575872181646,-16447.818199293804,,,0,0,lightgbm,long,30000,0.1,2,5.0,2026-08-21
1416,0.03611633496641531,5.0,-9.963883665033585,0.0,-615.2654504059556,-14108.859269687557,,,0,0,lightgbm,long,30000,0.1,3,5.0,2026-08-22
621,0.1099807756263822,1.0,-1.8900192243736178,0.028985507246376812,-37.06156896219294,-1173.7019383360166,,,0,1,lightgbm,long,30000,0.05,0,1.0,2026-08-19
1118,0.06304687187848246,1.0,-1.9369531281215175,0.006261180679785331,-97.35224952864127,-2165.5135972398566,,,0,0,lightgbm,long,30000,0.05,1,1.0,2026-08-20
1097,0.09586936219732478,1.0,-1.9041306378026752,0.020966271649954422,-77.77714458999775,-2088.8313096695347,,,0,0,lightgbm,long,30000,0.05,2,1.0,2026-08-21
910,0.03640495213695316,1.0,-1.9635950478630468,0.002197802197802198,-89.79385451704034,-1786.8714935553726,,,0,0,lightgbm,long,30000,0.05,3,1.0,2026-08-22
621,0.10998077562638242,2.0,-3.8900192243736176,0.00322061191626409,-76.27976154377976,-2415.7019383360166,,,0,1,lightgbm,long,30000,0.05,0,2.0,2026-08-19
1118,0.06304687187848268,2.0,-3.9369531281215173,0.0008944543828264759,-197.87326690922677,-4401.513597239857,,,0,0,lightgbm,long,30000,0.05,1,2.0,2026-08-20
1097,0.095869362197325,2.0,-3.904130637802675,0.0018231540565177757,-159.47022073287295,-4282.831309669535,,,0,0,lightgbm,long,30000,0.05,2,2.0,2026-08-21
910,0.036404952136953384,2.0,-3.9635950478630466,0.001098901098901099,-181.25248252158917,-3606.8714935553726,,,0,0,lightgbm,long,30000,0.05,3,2.0,2026-08-22
621,0.10998077562638198,3.0,-5.890019224373618,0.001610305958132045,-115.49795412536658,-3657.7019383360166,,,0,1,lightgbm,long,30000,0.05,0,3.0,2026-08-19
1118,0.06304687187848224,3.0,-5.936953128121518,0.0008944543828264759,-298.39428428981233,-6637.513597239857,,,0,0,lightgbm,long,30000,0.05,1,3.0,2026-08-20
1097,0.095869362197325,3.0,-5.904130637802675,0.0,-241.16329687574816,-6476.831309669535,,,0,0,lightgbm,long,30000,0.05,2,3.0,2026-08-21
910,0.036404952136953384,3.0,-5.963595047863047,0.0,-272.71111052613804,-5426.871493555373,,,0,0,lightgbm,long,30000,0.05,3,3.0,2026-08-22
621,0.10998077562638287,5.0,-9.890019224373617,0.001610305958132045,-193.9343392885402,-6141.701938336017,,,0,1,lightgbm,long,30000,0.05,0,5.0,2026-08-19
1118,0.06304687187848224,5.0,-9.936953128121518,0.0,-499.4363190509833,-11109.513597239857,,,0,0,lightgbm,long,30000,0.05,1,5.0,2026-08-20
1097,0.095869362197325,5.0,-9.904130637802675,0.0,-404.54944916149856,-10864.831309669535,,,0,0,lightgbm,long,30000,0.05,2,5.0,2026-08-21
910,0.036404952136953384,5.0,-9.963595047863047,0.0,-455.62836653523567,-9066.871493555373,,,0,0,lightgbm,long,30000,0.05,3,5.0,2026-08-22
355,0.19101916467279034,1.0,-1.8089808353272097,0.03380281690140845,-24.429609258131208,-642.1881965411594,,,0,1,lightgbm,long,30000,0.02,0,1.0,2026-08-19
583,0.10826673200369963,1.0,-1.8917332679963004,0.012006861063464836,-60.68768355047713,-1102.8804952418432,,,0,0,lightgbm,long,30000,0.02,1,1.0,2026-08-20
502,0.13457943272449446,1.0,-1.8654205672755055,0.03386454183266932,-46.79851088272461,-936.4411247723037,,,0,0,lightgbm,long,30000,0.02,2,1.0,2026-08-21
402,0.00921013421640815,1.0,-1.9907898657835918,0.009950248756218905,-43.653095014187365,-800.2975260450039,,,0,0,lightgbm,long,30000,0.02,3,1.0,2026-08-22
355,0.19101916467279034,2.0,-3.8089808353272097,0.008450704225352112,-51.43886085555056,-1352.1881965411594,,,0,1,lightgbm,long,30000,0.02,0,2.0,2026-08-19
583,0.1082667320036994,2.0,-3.8917332679963006,0.003430531732418525,-124.84861424527513,-2268.880495241843,,,0,0,lightgbm,long,30000,0.02,1,2.0,2026-08-20
502,0.13457943272449446,2.0,-3.8654205672755055,0.00398406374501992,-96.97326686397236,-1940.4411247723037,,,0,0,lightgbm,long,30000,0.02,2,2.0,2026-08-21
402,0.00921013421640815,2.0,-3.990789865783592,0.0024875621890547263,-87.50814547879796,-1604.297526045004,,,0,0,lightgbm,long,30000,0.02,3,2.0,2026-08-22
355,0.1910191646727908,3.0,-5.808980835327209,0.0028169014084507044,-78.4481124529699,-2062.1881965411594,,,0,1,lightgbm,long,30000,0.02,0,3.0,2026-08-19
583,0.10826673200369985,3.0,-5.8917332679963,0.0017152658662092624,-189.00954494007308,-3434.880495241843,,,0,0,lightgbm,long,30000,0.02,1,3.0,2026-08-20
502,0.1345794327244949,3.0,-5.865420567275505,0.0,-147.14802284522005,-2944.4411247723037,,,0,0,lightgbm,long,30000,0.02,2,3.0,2026-08-21
402,0.00921013421640815,3.0,-5.990789865783592,0.0,-131.36319594340853,-2408.297526045004,,,0,0,lightgbm,long,30000,0.02,3,3.0,2026-08-22
355,0.1910191646727899,5.0,-9.80898083532721,0.0028169014084507044,-132.4666156478086,-3482.1881965411594,,,0,1,lightgbm,long,30000,0.02,0,5.0,2026-08-19
583,0.10826673200369896,5.0,-9.891733267996301,0.0,-317.33140632966894,-5766.880495241843,,,0,0,lightgbm,long,30000,0.02,1,5.0,2026-08-20
502,0.1345794327244949,5.0,-9.865420567275505,0.0,-247.49753480771557,-4952.441124772304,,,0,0,lightgbm,long,30000,0.02,2,5.0,2026-08-21
402,0.00921013421640815,5.0,-9.990789865783592,0.0,-219.07329687262967,-4016.297526045004,,,0,0,lightgbm,long,30000,0.02,3,5.0,2026-08-22
248,0.1550799152098461,1.0,-1.844920084790154,0.04838709677419355,-16.967459211569665,-457.54018102795817,,,0,1,lightgbm,long,30000,0.01,0,1.0,2026-08-19
338,0.08995405307691273,1.0,-1.9100459469230873,0.014792899408284023,-38.67247073059236,-645.5955300600035,,,0,0,lightgbm,long,30000,0.01,1,1.0,2026-08-20
262,0.12376793980854384,1.0,-1.8762320601914562,0.03435114503816794,-32.70079965710089,-491.5727997701615,,,0,0,lightgbm,long,30000,0.01,2,1.0,2026-08-21
253,-0.03242528322658966,1.0,-2.0324252832265897,0.007905138339920948,-31.119826640878376,-514.2035966563271,,,0,0,lightgbm,long,30000,0.01,3,1.0,2026-08-22
248,0.15507991520984588,2.0,-3.844920084790154,0.012096774193548387,-35.361165639780175,-953.5401810279582,,,0,1,lightgbm,long,30000,0.01,0,2.0,2026-08-19
338,0.08995405307691273,2.0,-3.9100459469230873,0.005917159763313609,-79.16623036280461,-1321.5955300600035,,,0,0,lightgbm,long,30000,0.01,1,2.0,2026-08-20
262,0.12376793980854384,2.0,-3.876232060191456,0.007633587786259542,-67.55874751005891,-1015.5727997701615,,,0,0,lightgbm,long,30000,0.01,2,2.0,2026-08-21
253,-0.03242528322658966,2.0,-4.03242528322659,0.003952569169960474,-61.743168022927996,-1020.2035966563271,,,0,0,lightgbm,long,30000,0.01,3,2.0,2026-08-22
248,0.15507991520984632,3.0,-5.844920084790154,0.004032258064516129,-53.754872067990675,-1449.5401810279582,,,0,1,lightgbm,long,30000,0.01,0,3.0,2026-08-19
338,0.08995405307691229,3.0,-5.910045946923088,0.005917159763313609,-119.65998999501686,-1997.5955300600035,,,0,0,lightgbm,long,30000,0.01,1,3.0,2026-08-20
262,0.12376793980854384,3.0,-5.876232060191456,0.0,-102.41669536301694,-1539.5727997701615,,,0,0,lightgbm,long,30000,0.01,2,3.0,2026-08-21
253,-0.03242528322658966,3.0,-6.03242528322659,0.0,-92.36650940497762,-1526.2035966563271,,,0,0,lightgbm,long,30000,0.01,3,3.0,2026-08-22
248,0.15507991520984632,5.0,-9.844920084790154,0.004032258064516129,-90.54228492441169,-2441.540181027958,,,0,1,lightgbm,long,30000,0.01,0,5.0,2026-08-19
338,0.08995405307691229,5.0,-9.910045946923088,0.0,-200.64750925944136,-3349.5955300600035,,,0,0,lightgbm,long,30000,0.01,1,5.0,2026-08-20
262,0.12376793980854472,5.0,-9.876232060191455,0.0,-172.132591068933,-2587.5727997701615,,,0,0,lightgbm,long,30000,0.01,2,5.0,2026-08-21
253,-0.032425283226588775,5.0,-10.032425283226589,0.0,-153.61319216907685,-2538.203596656327,,,0,0,lightgbm,long,30000,0.01,3,5.0,2026-08-22
699,0.11049423545505044,1.0,-1.8895057645449496,0.034334763948497854,-35.538417382261365,-1320.7645294169197,,,0,1,lightgbm,long,60000,0.1,0,1.0,2026-08-19
755,0.09124563447144252,1.0,-1.9087543655285575,0.02384105960264901,-54.19809354092333,-1441.109545974061,,,0,0,lightgbm,long,60000,0.1,1,1.0,2026-08-20
811,0.10966714843045389,1.0,-1.8903328515695461,0.0530209617755857,-43.681276344456016,-1533.0599426229019,,,0,0,lightgbm,long,60000,0.1,2,1.0,2026-08-21
575,0.021056400347986948,1.0,-1.978943599652013,0.010434782608695653,-50.75841569586939,-1137.8925697999075,,,0,0,lightgbm,long,60000,0.1,3,1.0,2026-08-22
699,0.11049423545505066,2.0,-3.8895057645449493,0.00715307582260372,-73.15504502014538,-2718.7645294169197,,,0,1,lightgbm,long,60000,0.1,0,2.0,2026-08-19
755,0.09124563447144274,2.0,-3.9087543655285573,0.005298013245033113,-110.98705970621114,-2951.109545974061,,,0,0,lightgbm,long,60000,0.1,1,2.0,2026-08-20
811,0.10966714843045411,2.0,-3.890332851569546,0.008631319358816275,-89.89671010596248,-3155.059942622902,,,0,0,lightgbm,long,60000,0.1,2,2.0,2026-08-21
575,0.021056400347986948,2.0,-3.978943599652013,0.0,-102.05691223189497,-2287.8925697999075,,,0,0,lightgbm,long,60000,0.1,3,2.0,2026-08-22
699,0.11049423545505022,3.0,-5.88950576454495,0.001430615164520744,-110.77167265802942,-4116.76452941692,,,0,1,lightgbm,long,60000,0.1,0,3.0,2026-08-19
755,0.0912456344714423,3.0,-5.908754365528558,0.0026490066225165563,-167.77602587149897,-4461.109545974061,,,0,0,lightgbm,long,60000,0.1,1,3.0,2026-08-20
811,0.10966714843045366,3.0,-5.890332851569546,0.0036991368680641184,-136.112143867469,-4777.059942622902,,,0,0,lightgbm,long,60000,0.1,2,3.0,2026-08-21
575,0.021056400347986504,3.0,-5.9789435996520135,0.0,-153.35540876792058,-3437.8925697999075,,,0,0,lightgbm,long,60000,0.1,3,3.0,2026-08-22
699,0.11049423545505022,5.0,-9.88950576454495,0.001430615164520744,-186.00492793379746,-6912.76452941692,,,0,1,lightgbm,long,60000,0.1,0,5.0,2026-08-19
755,0.09124563447144318,5.0,-9.908754365528557,0.0,-281.3539582020746,-7481.109545974061,,,0,0,lightgbm,long,60000,0.1,1,5.0,2026-08-20
811,0.10966714843045366,5.0,-9.890332851569546,0.0012330456226880395,-228.54301139048198,-8021.059942622902,,,0,0,lightgbm,long,60000,0.1,2,5.0,2026-08-21
575,0.021056400347987392,5.0,-9.978943599652013,0.0,-255.95240183997174,-5737.8925697999075,,,0,0,lightgbm,long,60000,0.1,3,5.0,2026-08-22
472,0.1226678994929189,1.0,-1.877332100507081,0.029661016949152543,-33.921061462827396,-886.1007514393423,,,0,1,lightgbm,long,60000,0.05,0,1.0,2026-08-19
579,0.0803062097394247,1.0,-1.9196937902605753,0.031088082901554404,-47.151355863942214,-1111.502704560873,,,0,0,lightgbm,long,60000,0.05,1,1.0,2026-08-20
505,0.1484756765900972,1.0,-1.8515243234099028,0.04950495049504951,-33.79172284521266,-935.0197833220009,,,0,0,lightgbm,long,60000,0.05,2,1.0,2026-08-21
267,0.008039874951215609,1.0,-1.9919601250487844,0.018726591760299626,-24.771725142388924,-531.8533533880254,,,0,0,lightgbm,long,60000,0.05,3,1.0,2026-08-22
472,0.12266789949291912,2.0,-3.877332100507081,0.012711864406779662,-70.05857965011569,-1830.1007514393423,,,0,1,lightgbm,long,60000,0.05,0,2.0,2026-08-19
579,0.0803062097394247,2.0,-3.9196937902605753,0.0051813471502590676,-96.27518603223379,-2269.502704560873,,,0,0,lightgbm,long,60000,0.05,1,2.0,2026-08-20
505,0.1484756765900972,2.0,-3.851524323409903,0.009900990099009901,-70.29323937185418,-1945.0197833220009,,,0,0,lightgbm,long,60000,0.05,2,2.0,2026-08-21
267,0.008039874951215609,2.0,-3.9919601250487844,0.00749063670411985,-49.64343299525796,-1065.8533533880254,,,0,0,lightgbm,long,60000,0.05,3,2.0,2026-08-22
472,0.12266789949291912,3.0,-5.877332100507081,0.00423728813559322,-106.19609783740397,-2774.1007514393423,,,0,1,lightgbm,long,60000,0.05,0,3.0,2026-08-19
579,0.08030620973942426,3.0,-5.919693790260576,0.0,-145.39901620052535,-3427.502704560873,,,0,0,lightgbm,long,60000,0.05,1,3.0,2026-08-20
505,0.1484756765900972,3.0,-5.851524323409903,0.005940594059405941,-106.79475589849571,-2955.019783322001,,,0,0,lightgbm,long,60000,0.05,2,3.0,2026-08-21
267,0.008039874951215609,3.0,-5.991960125048784,0.003745318352059925,-74.515140848127,-1599.8533533880254,,,0,0,lightgbm,long,60000,0.05,3,3.0,2026-08-22
472,0.12266789949291912,5.0,-9.87733210050708,0.00211864406779661,-178.47113421198054,-4662.100751439342,,,0,1,lightgbm,long,60000,0.05,0,5.0,2026-08-19
579,0.08030620973942426,5.0,-9.919693790260576,0.0,-243.64667653710853,-5743.502704560873,,,0,0,lightgbm,long,60000,0.05,1,5.0,2026-08-20
505,0.1484756765900972,5.0,-9.851524323409903,0.0,-179.79778895177876,-4975.019783322001,,,0,0,lightgbm,long,60000,0.05,2,5.0,2026-08-21
267,0.008039874951215609,5.0,-9.991960125048784,0.0,-124.25855655386509,-2667.8533533880254,,,0,0,lightgbm,long,60000,0.05,3,5.0,2026-08-22
207,0.03364373900272977,1.0,-1.9663562609972702,0.06280193236714976,-16.851662216468508,-407.03574602643494,,,0,1,lightgbm,long,60000,0.02,0,1.0,2026-08-19
392,0.151029244787535,1.0,-1.848970755212465,0.04591836734693878,-34.84659831961385,-724.7965360432863,,,0,0,lightgbm,long,60000,0.02,1,1.0,2026-08-20
213,0.14060577539237373,1.0,-1.8593942246076263,0.04225352112676056,-21.157023780443897,-396.0509698414244,,,0,0,lightgbm,long,60000,0.02,2,1.0,2026-08-21
103,-0.1276560070759447,1.0,-2.1276560070759447,0.04854368932038835,-10.98194555309081,-219.14856872882228,,,0,0,lightgbm,long,60000,0.02,3,1.0,2026-08-22
207,0.03364373900272977,2.0,-3.9663562609972702,0.00966183574879227,-33.99165108900568,-821.0357460264349,,,0,1,lightgbm,long,60000,0.02,0,2.0,2026-08-19
392,0.151029244787535,2.0,-3.848970755212465,0.00510204081632653,-72.53956693080167,-1508.7965360432863,,,0,0,lightgbm,long,60000,0.02,1,2.0,2026-08-20
213,0.14060577539237373,2.0,-3.8593942246076263,0.009389671361502348,-43.9139233130414,-822.0509698414244,,,0,0,lightgbm,long,60000,0.02,2,2.0,2026-08-21
103,-0.12765600707594427,2.0,-4.127656007075944,0.009708737864077669,-21.304991681382376,-425.1485687288223,,,0,0,lightgbm,long,60000,0.02,3,2.0,2026-08-22
207,0.03364373900272977,3.0,-5.96635626099727,0.004830917874396135,-51.13163996154286,-1235.035746026435,,,0,1,lightgbm,long,60000,0.02,0,3.0,2026-08-19
392,0.15102924478753454,3.0,-5.8489707552124655,0.002551020408163265,-110.23253554198949,-2292.7965360432863,,,0,0,lightgbm,long,60000,0.02,1,3.0,2026-08-20
213,0.14060577539237418,3.0,-5.859394224607626,0.009389671361502348,-66.6708228456389,-1248.0509698414244,,,0,0,lightgbm,long,60000,0.02,2,3.0,2026-08-21
103,-0.12765600707594427,3.0,-6.127656007075944,0.009708737864077669,-31.628037809673938,-631.1485687288223,,,0,0,lightgbm,long,60000,0.02,3,3.0,2026-08-22
207,0.033643739002730655,5.0,-9.96635626099727,0.004830917874396135,-85.41161770661719,-2063.035746026435,,,0,1,lightgbm,long,60000,0.02,0,5.0,2026-08-19
392,0.15102924478753543,5.0,-9.848970755212465,0.0,-185.61847276436512,-3860.7965360432863,,,0,0,lightgbm,long,60000,0.02,1,5.0,2026-08-20
213,0.1406057753923733,5.0,-9.859394224607627,0.0,-112.18462191083391,-2100.0509698414244,,,0,0,lightgbm,long,60000,0.02,2,5.0,2026-08-21
103,-0.12765600707594515,5.0,-10.127656007075945,0.0,-52.274130066257065,-1043.1485687288223,,,0,0,lightgbm,long,60000,0.02,3,5.0,2026-08-22
74,0.3700631513335817,1.0,-1.6299368486664183,0.0945945945945946,-4.4736106310214705,-120.61532680131495,,,0,1,lightgbm,long,60000,0.01,0,1.0,2026-08-19
257,0.17854841339586724,1.0,-1.8214515866041328,0.04669260700389105,-24.025037822552544,-468.11305775726214,,,0,0,lightgbm,long,60000,0.01,1,1.0,2026-08-20
97,0.07543689099418893,1.0,-1.924563109005811,0.010309278350515464,-22.01046398265309,-186.68262157356367,,,0,0,lightgbm,long,60000,0.01,2,1.0,2026-08-21
75,-0.23980107652178662,1.0,-2.2398010765217866,0.04,-9.150254759157262,-167.985080739134,,,0,0,lightgbm,long,60000,0.01,3,1.0,2026-08-22
74,0.3700631513335817,2.0,-3.6299368486664183,0.02702702702702703,-9.962916102803016,-268.61532680131495,,,0,1,lightgbm,long,60000,0.01,0,2.0,2026-08-19
257,0.17854841339586702,2.0,-3.821451586604133,0.007782101167315175,-50.40513817684656,-982.1130577572621,,,0,0,lightgbm,long,60000,0.01,1,2.0,2026-08-20
97,0.07543689099418893,2.0,-3.924563109005811,0.0,-44.88366972961685,-380.68262157356367,,,0,0,lightgbm,long,60000,0.01,2,2.0,2026-08-21
75,-0.23980107652178617,2.0,-4.239801076521786,0.013333333333333334,-17.32085067061811,-317.985080739134,,,0,0,lightgbm,long,60000,0.01,3,2.0,2026-08-22
74,0.37006315133358214,3.0,-5.629936848666418,0.013513513513513514,-15.452221574584563,-416.61532680131495,,,0,1,lightgbm,long,60000,0.01,0,3.0,2026-08-19
257,0.17854841339586702,3.0,-5.821451586604133,0.007782101167315175,-76.78523853114059,-1496.1130577572621,,,0,0,lightgbm,long,60000,0.01,1,3.0,2026-08-20
97,0.07543689099418938,3.0,-5.924563109005811,0.0,-67.75687547658062,-574.6826215735637,,,0,0,lightgbm,long,60000,0.01,2,3.0,2026-08-21
75,-0.23980107652178617,3.0,-6.239801076521786,0.013333333333333334,-25.49144658207896,-467.985080739134,,,0,0,lightgbm,long,60000,0.01,3,3.0,2026-08-22
74,0.37006315133358214,5.0,-9.629936848666418,0.013513513513513514,-26.430832518147657,-712.615326801315,,,0,1,lightgbm,long,60000,0.01,0,5.0,2026-08-19
257,0.1785484133958679,5.0,-9.821451586604132,0.0,-129.54543923972864,-2524.113057757262,,,0,0,lightgbm,long,60000,0.01,1,5.0,2026-08-20
97,0.07543689099418849,5.0,-9.924563109005812,0.0,-113.50328697050817,-962.6826215735637,,,0,0,lightgbm,long,60000,0.01,2,5.0,2026-08-21
75,-0.23980107652178617,5.0,-10.239801076521786,0.0,-41.83263840500066,-767.985080739134,,,0,0,lightgbm,long,60000,0.01,3,5.0,2026-08-22
8640,-0.0018232433155018768,1.0,-2.001823243315502,0.0,-3421.0907003243583,-17295.752822245937,,,0,1,lightgbm,short,250,0.1,0,1.0,2026-08-19
8639,-0.0011271065323672502,1.0,-2.0011271065323673,0.0,-6554.00439694888,-17287.73707333312,,,0,0,lightgbm,short,250,0.1,1,1.0,2026-08-20
8640,0.0033310712851677415,1.0,-1.9966689287148323,0.0,-3278.0956392252006,-17251.21954409615,,,0,0,lightgbm,short,250,0.1,2,1.0,2026-08-21
8640,0.0009944775058101651,1.0,-1.9990055224941898,0.0,-5171.339630843366,-17271.4077143498,,,0,0,lightgbm,short,250,0.1,3,1.0,2026-08-22
8640,-0.0018232433155018768,2.0,-4.001823243315502,0.0,-6839.065500794961,-34575.75282224594,,,0,1,lightgbm,short,250,0.1,0,2.0,2026-08-19
8639,-0.0011271065323672502,2.0,-4.001127106532367,0.0,-13104.317343642126,-34565.73707333312,,,0,0,lightgbm,short,250,0.1,1,2.0,2026-08-20
8640,0.0033310712851677415,2.0,-3.9966689287148323,0.0,-6561.660172214819,-34531.21954409615,,,0,0,lightgbm,short,250,0.1,2,2.0,2026-08-21
8640,0.0009944775058103872,2.0,-3.9990055224941896,0.0,-10345.251931386694,-34551.4077143498,,,0,0,lightgbm,short,250,0.1,3,2.0,2026-08-22
8640,-0.0018232433155018768,3.0,-6.001823243315502,0.0,-10257.040301265564,-51855.75282224594,,,0,1,lightgbm,short,250,0.1,0,3.0,2026-08-19
8639,-0.0011271065323672502,3.0,-6.001127106532367,0.0,-19654.63029033537,-51843.73707333312,,,0,0,lightgbm,short,250,0.1,1,3.0,2026-08-20
8640,0.0033310712851672974,3.0,-5.996668928714833,0.0,-9845.224705204439,-51811.21954409615,,,0,0,lightgbm,short,250,0.1,2,3.0,2026-08-21
8640,0.0009944775058103872,3.0,-5.99900552249419,0.0,-15519.16423193002,-51831.4077143498,,,0,0,lightgbm,short,250,0.1,3,3.0,2026-08-22
8640,-0.001823243315502765,5.0,-10.001823243315503,0.0,-17092.98990220677,-86415.75282224594,,,0,1,lightgbm,short,250,0.1,0,5.0,2026-08-19
8639,-0.0011271065323672502,5.0,-10.001127106532367,0.0,-32755.256183721864,-86399.73707333312,,,0,0,lightgbm,short,250,0.1,1,5.0,2026-08-20
8640,0.0033310712851672974,5.0,-9.996668928714833,0.0,-16412.353771183676,-86371.21954409615,,,0,0,lightgbm,short,250,0.1,2,5.0,2026-08-21
8640,0.000994477505809499,5.0,-9.99900552249419,0.0,-25866.98883301668,-86391.4077143498,,,0,0,lightgbm,short,250,0.1,3,5.0,2026-08-22
4320,-0.001658061637000774,1.0,-2.0016580616370008,0.0,-2274.882786165995,-8647.162826271844,,,0,1,lightgbm,short,250,0.05,0,1.0,2026-08-19
4320,-0.0011658103022824662,1.0,-2.0011658103022825,0.0,-4945.645378108525,-8645.03630050586,,,0,0,lightgbm,short,250,0.05,1,1.0,2026-08-20
4320,0.004700686895348971,1.0,-1.995299313104651,0.0,-2512.5670288434576,-8619.693032612093,,,0,0,lightgbm,short,250,0.05,2,1.0,2026-08-21
4320,0.0008987579676074109,1.0,-1.9991012420323926,0.0,-3990.202651895528,-8636.117365579936,,,0,0,lightgbm,short,250,0.05,3,1.0,2026-08-22
4320,-0.001658061637001218,2.0,-4.001658061637001,0.0,-4547.881186607623,-17287.162826271844,,,0,1,lightgbm,short,250,0.05,0,2.0,2026-08-19
4320,-0.0011658103022824662,2.0,-4.0011658103022825,0.0,-9888.409593495024,-17285.03630050586,,,0,0,lightgbm,short,250,0.05,1,2.0,2026-08-20
4320,0.004700686895348749,2.0,-3.9952993131046513,0.0,-5031.053365546443,-17259.693032612093,,,0,0,lightgbm,short,250,0.05,2,2.0,2026-08-21
4320,0.0008987579676076329,2.0,-3.9991012420323924,0.0,-7982.199223153595,-17276.117365579936,,,0,0,lightgbm,short,250,0.05,3,2.0,2026-08-22
4320,-0.001658061637001218,3.0,-6.001658061637001,0.0,-6820.8795870492495,-25927.162826271844,,,0,1,lightgbm,short,250,0.05,0,3.0,2026-08-19
4320,-0.0011658103022824662,3.0,-6.0011658103022825,0.0,-14831.173808881524,-25925.03630050586,,,0,0,lightgbm,short,250,0.05,1,3.0,2026-08-20
4320,0.004700686895349193,3.0,-5.995299313104651,0.0,-7549.539702249429,-25899.693032612093,,,0,0,lightgbm,short,250,0.05,2,3.0,2026-08-21
4320,0.0008987579676071888,3.0,-5.999101242032393,0.0,-11974.195794411664,-25916.117365579936,,,0,0,lightgbm,short,250,0.05,3,3.0,2026-08-22
4320,-0.0016580616370003298,5.0,-10.001658061637,0.0,-11366.876387932502,-43207.162826271844,,,0,1,lightgbm,short,250,0.05,0,5.0,2026-08-19
4320,-0.0011658103022824662,5.0,-10.001165810302282,0.0,-24716.70223965452,-43205.03630050586,,,0,0,lightgbm,short,250,0.05,1,5.0,2026-08-20
4320,0.004700686895349193,5.0,-9.99529931310465,0.0,-12586.5123756554,-43179.69303261209,,,0,0,lightgbm,short,250,0.05,2,5.0,2026-08-21
4320,0.000898757967608077,5.0,-9.999101242032392,0.0,-19958.188936927796,-43196.117365579936,,,0,0,lightgbm,short,250,0.05,3,5.0,2026-08-22
1728,-0.002187470613636222,1.0,-2.0021874706136362,0.0,-1742.0225192001456,-3459.779949220363,,,0,1,lightgbm,short,250,0.02,0,1.0,2026-08-19
1728,-0.001735561864768087,1.0,-2.001735561864768,0.0,-3290.0744500999785,-3458.999050902319,,,0,0,lightgbm,short,250,0.02,1,1.0,2026-08-20
1728,0.006537205402006974,1.0,-1.993462794597993,0.0,-1821.8012907621055,-3444.703709065332,,,0,0,lightgbm,short,250,0.02,2,1.0,2026-08-21
1729,0.0007709126272188449,1.0,-1.9992290873727812,0.0,-3079.5904762217565,-3456.6670920675388,,,0,0,lightgbm,short,250,0.02,3,1.0,2026-08-22
1728,-0.002187470613636222,2.0,-4.002187470613636,0.0,-3482.1418084955135,-6915.779949220363,,,0,1,lightgbm,short,250,0.02,0,2.0,2026-08-19
1728,-0.001735561864768087,2.0,-4.001735561864768,0.0,-6577.296311747904,-6914.999050902319,,,0,0,lightgbm,short,250,0.02,1,2.0,2026-08-20
1728,0.006537205402006752,2.0,-3.9934627945979932,0.0,-3649.5768536659466,-6900.703709065332,,,0,0,lightgbm,short,250,0.02,2,2.0,2026-08-21
1729,0.0007709126272188449,2.0,-3.999229087372781,0.0,-6160.368457767328,-6914.667092067539,,,0,0,lightgbm,short,250,0.02,3,2.0,2026-08-22
1728,-0.002187470613636222,3.0,-6.002187470613636,0.0,-5222.261097790882,-10371.779949220363,,,0,1,lightgbm,short,250,0.02,0,3.0,2026-08-19
1728,-0.001735561864768087,3.0,-6.001735561864768,0.0,-9864.518173395829,-10370.99905090232,,,0,0,lightgbm,short,250,0.02,1,3.0,2026-08-20
1728,0.006537205402007196,3.0,-5.993462794597993,0.0,-5477.352416569788,-10356.703709065332,,,0,0,lightgbm,short,250,0.02,2,3.0,2026-08-21
1729,0.0007709126272184008,3.0,-5.999229087372782,0.0,-9241.1464393129,-10372.667092067539,,,0,0,lightgbm,short,250,0.02,3,3.0,2026-08-22
1728,-0.002187470613636222,5.0,-10.002187470613636,0.0,-8702.499676381616,-17283.779949220363,,,0,1,lightgbm,short,250,0.02,0,5.0,2026-08-19
1728,-0.001735561864768087,5.0,-10.001735561864768,0.0,-16438.96189669168,-17282.99905090232,,,0,0,lightgbm,short,250,0.02,1,5.0,2026-08-20
1728,0.0065372054020063075,5.0,-9.993462794597994,0.0,-9132.903542377473,-17268.703709065332,,,0,0,lightgbm,short,250,0.02,2,5.0,2026-08-21
1729,0.000770912627219289,5.0,-9.99922908737278,0.0,-15402.702402404042,-17288.66709206754,,,0,0,lightgbm,short,250,0.02,3,5.0,2026-08-22
864,-0.003917810664090915,1.0,-2.003917810664091,0.0,-1200.2612163305341,-1731.3849884137744,,,0,1,lightgbm,short,250,0.01,0,1.0,2026-08-19
864,-0.0017811322369971627,1.0,-2.001781132236997,0.0,-2113.9738821501765,-1729.5388982527656,,,0,0,lightgbm,short,250,0.01,1,1.0,2026-08-20
864,0.00737360034690937,1.0,-1.9926263996530906,0.0,-1639.8721582241608,-1721.6292093002703,,,0,0,lightgbm,short,250,0.01,2,1.0,2026-08-21
864,0.00016124970082920242,1.0,-1.9998387502991708,0.0,-2010.3092486957898,-1727.8606802584836,,,0,0,lightgbm,short,250,0.01,3,1.0,2026-08-22
864,-0.003917810664090915,2.0,-4.003917810664091,0.0,-2398.175831334402,-3459.3849884137744,,,0,1,lightgbm,short,250,0.01,0,2.0,2026-08-19
864,-0.0017811322369976068,2.0,-4.001781132236998,0.0,-4226.066805903338,-3457.5388982527656,,,0,0,lightgbm,short,250,0.01,1,2.0,2026-08-20
864,0.00737360034690937,2.0,-3.9926263996530906,0.0,-3285.8125698433755,-3449.6292093002703,,,0,0,lightgbm,short,250,0.01,2,2.0,2026-08-21
864,0.00016124970082920242,2.0,-3.999838750299171,0.0,-4020.7805913428433,-3455.8606802584836,,,0,0,lightgbm,short,250,0.01,3,2.0,2026-08-22
864,-0.003917810664090915,3.0,-6.003917810664091,0.0,-3596.09044633827,-5187.384988413774,,,0,1,lightgbm,short,250,0.01,0,3.0,2026-08-19
864,-0.0017811322369976068,3.0,-6.001781132236998,0.0,-6338.159729656499,-5185.538898252766,,,0,0,lightgbm,short,250,0.01,1,3.0,2026-08-20
864,0.00737360034690937,3.0,-5.992626399653091,0.0,-4931.75298146259,-5177.62920930027,,,0,0,lightgbm,short,250,0.01,2,3.0,2026-08-21
864,0.00016124970082920242,3.0,-5.999838750299171,0.0,-6031.251933989897,-5183.860680258484,,,0,0,lightgbm,short,250,0.01,3,3.0,2026-08-22
864,-0.003917810664090027,5.0,-10.00391781066409,0.0,-5991.919676346005,-8643.384988413774,,,0,1,lightgbm,short,250,0.01,0,5.0,2026-08-19
864,-0.0017811322369976068,5.0,-10.001781132236998,0.0,-10562.345577162821,-8641.538898252766,,,0,0,lightgbm,short,250,0.01,1,5.0,2026-08-20
864,0.00737360034690937,5.0,-9.99262639965309,0.0,-8223.63380470102,-8633.62920930027,,,0,0,lightgbm,short,250,0.01,2,5.0,2026-08-21
864,0.00016124970082920242,5.0,-9.99983875029917,0.0,-10052.194619284004,-8639.860680258484,,,0,0,lightgbm,short,250,0.01,3,5.0,2026-08-22
4798,0.002485853868790633,1.0,-1.9975141461312094,0.0,-1050.388069008536,-9584.072873137542,,,0,1,lightgbm,short,1000,0.1,0,1.0,2026-08-19
6057,0.016638996112949167,1.0,-1.9833610038870508,0.0,-1619.444352801707,-12013.217600543867,,,0,0,lightgbm,short,1000,0.1,1,1.0,2026-08-20
6518,0.020952723872514678,1.0,-1.9790472761274853,0.0,-897.3125214320897,-12899.43014579895,,,0,0,lightgbm,short,1000,0.1,2,1.0,2026-08-21
6224,0.022910029711570745,1.0,-1.9770899702884293,0.0,-1502.6621587388715,-12305.407975075184,,,0,0,lightgbm,short,1000,0.1,3,1.0,2026-08-22
4798,0.002485853868790855,2.0,-3.997514146131209,0.0,-2102.083318369278,-19180.072873137542,,,0,1,lightgbm,short,1000,0.1,0,2.0,2026-08-19
6057,0.01663899611294939,2.0,-3.9833610038870506,0.0,-3252.4746983896976,-24127.217600543867,,,0,0,lightgbm,short,1000,0.1,1,2.0,2026-08-20
6518,0.020952723872514678,2.0,-3.9790472761274853,0.0,-1804.1251400653466,-25935.43014579895,,,0,0,lightgbm,short,1000,0.1,2,2.0,2026-08-21
6224,0.022910029711570523,2.0,-3.9770899702884295,0.0,-3022.736795018225,-24753.407975075184,,,0,0,lightgbm,short,1000,0.1,3,2.0,2026-08-22
4798,0.002485853868790855,3.0,-5.997514146131209,0.0,-3153.77856773002,-28776.072873137542,,,0,1,lightgbm,short,1000,0.1,0,3.0,2026-08-19
6057,0.016638996112948945,3.0,-5.983361003887051,0.0,-4885.505043977688,-36241.21760054387,,,0,0,lightgbm,short,1000,0.1,1,3.0,2026-08-20
6518,0.020952723872514234,3.0,-5.979047276127486,0.0,-2710.9377586986034,-38971.43014579895,,,0,0,lightgbm,short,1000,0.1,2,3.0,2026-08-21
6224,0.022910029711570523,3.0,-5.9770899702884295,0.0,-4542.811431297579,-37201.407975075184,,,0,0,lightgbm,short,1000,0.1,3,3.0,2026-08-22
4798,0.002485853868790855,5.0,-9.99751414613121,0.0,-5257.1690664515045,-47968.07287313754,,,0,1,lightgbm,short,1000,0.1,0,5.0,2026-08-19
6057,0.016638996112948945,5.0,-9.983361003887051,0.0,-8151.565735153668,-60469.21760054387,,,0,0,lightgbm,short,1000,0.1,1,5.0,2026-08-20
6518,0.020952723872515122,5.0,-9.979047276127485,0.0,-4524.562995965118,-65043.43014579895,,,0,0,lightgbm,short,1000,0.1,2,5.0,2026-08-21
6224,0.02291002971157141,5.0,-9.977089970288429,0.0,-7582.960703856286,-62097.407975075184,,,0,0,lightgbm,short,1000,0.1,3,5.0,2026-08-22
2420,0.0013805492035947609,1.0,-1.9986194507964052,0.0,-706.6670420565272,-4836.6590709273005,,,0,1,lightgbm,short,1000,0.05,0,1.0,2026-08-19
3605,0.026347760433762524,1.0,-1.9736522395662375,0.0,-1084.3325852844132,-7115.016323636286,,,0,0,lightgbm,short,1000,0.05,1,1.0,2026-08-20
3614,0.02208574892856152,1.0,-1.9779142510714385,0.0,-600.1686041568341,-7148.182103372179,,,0,0,lightgbm,short,1000,0.05,2,1.0,2026-08-21
3451,0.028435020903338604,1.0,-1.9715649790966614,0.0,-965.9075220164692,-6803.8707428625785,,,0,0,lightgbm,short,1000,0.05,3,1.0,2026-08-22
2420,0.0013805492035947609,2.0,-3.9986194507964052,0.0,-1413.8222153687211,-9676.6590709273,,,0,1,lightgbm,short,1000,0.05,0,2.0,2026-08-19
3605,0.026347760433762524,2.0,-3.9736522395662375,0.0,-2183.140737548081,-14325.016323636286,,,0,0,lightgbm,short,1000,0.05,1,2.0,2026-08-20
3614,0.02208574892856152,2.0,-3.9779142510714385,0.0,-1207.0387996991556,-14376.182103372179,,,0,0,lightgbm,short,1000,0.05,2,2.0,2026-08-21
3451,0.028435020903338604,2.0,-3.9715649790966614,0.0,-1945.7459065053558,-13705.870742862578,,,0,0,lightgbm,short,1000,0.05,3,2.0,2026-08-22
2420,0.0013805492035947609,3.0,-5.998619450796405,0.0,-2120.9773886809153,-14516.6590709273,,,0,1,lightgbm,short,1000,0.05,0,3.0,2026-08-19
3605,0.026347760433762524,3.0,-5.9736522395662375,0.0,-3281.9488898117484,-21535.016323636286,,,0,0,lightgbm,short,1000,0.05,1,3.0,2026-08-20
3614,0.02208574892856152,3.0,-5.9779142510714385,0.0,-1813.908995241477,-21604.18210337218,,,0,0,lightgbm,short,1000,0.05,2,3.0,2026-08-21
3451,0.028435020903338604,3.0,-5.971564979096661,0.0,-2925.5842909942426,-20607.87074286258,,,0,0,lightgbm,short,1000,0.05,3,3.0,2026-08-22
2420,0.001380549203595649,5.0,-9.998619450796404,0.0,-3535.287735305304,-24196.6590709273,,,0,1,lightgbm,short,1000,0.05,0,5.0,2026-08-19
3605,0.026347760433763412,5.0,-9.973652239566237,0.0,-5479.565194339083,-35955.016323636286,,,0,0,lightgbm,short,1000,0.05,1,5.0,2026-08-20
3614,0.022085748928560633,5.0,-9.97791425107144,0.0,-3027.6493863261203,-36060.18210337218,,,0,0,lightgbm,short,1000,0.05,2,5.0,2026-08-21
3451,0.028435020903337715,5.0,-9.971564979096662,0.0,-4885.2610599720165,-34411.87074286258,,,0,0,lightgbm,short,1000,0.05,3,5.0,2026-08-22
999,0.0018469971519343709,1.0,-1.9981530028480656,0.0,-569.9909992693865,-1996.1548498452175,,,0,1,lightgbm,short,1000,0.02,0,1.0,2026-08-19
1567,0.02749391383136035,1.0,-1.9725060861686396,0.0,-597.0416536406757,-3090.917037026258,,,0,0,lightgbm,short,1000,0.02,1,1.0,2026-08-20
1567,0.02683265643517041,1.0,-1.9731673435648296,0.0,-459.93961610628867,-3091.953227366088,,,0,0,lightgbm,short,1000,0.02,2,1.0,2026-08-21
1527,0.029771222259599828,1.0,-1.9702287777404002,0.0,-561.4706450214787,-3008.539343609591,,,0,0,lightgbm,short,1000,0.02,3,1.0,2026-08-22
999,0.0018469971519343709,2.0,-3.9981530028480656,0.0,-1140.5088709808624,-3994.1548498452175,,,0,1,lightgbm,short,1000,0.02,0,2.0,2026-08-19
1567,0.027493913831360572,2.0,-3.9725060861686394,0.0,-1202.4052140648248,-6224.917037026258,,,0,0,lightgbm,short,1000,0.02,1,2.0,2026-08-20
1567,0.02683265643517041,2.0,-3.9731673435648296,0.0,-926.1338470277645,-6225.953227366088,,,0,0,lightgbm,short,1000,0.02,2,2.0,2026-08-21
1527,0.029771222259599828,2.0,-3.9702287777404,0.0,-1131.425415112101,-6062.539343609591,,,0,0,lightgbm,short,1000,0.02,3,2.0,2026-08-22
999,0.001846997151934815,3.0,-5.998153002848065,0.0,-1711.026742692338,-5992.1548498452175,,,0,1,lightgbm,short,1000,0.02,0,3.0,2026-08-19
1567,0.027493913831360572,3.0,-5.972506086168639,0.0,-1807.768774488974,-9358.917037026258,,,0,0,lightgbm,short,1000,0.02,1,3.0,2026-08-20
1567,0.026832656435170854,3.0,-5.973167343564829,0.0,-1392.3280779492402,-9359.953227366088,,,0,0,lightgbm,short,1000,0.02,2,3.0,2026-08-21
1527,0.029771222259600272,3.0,-5.9702287777404,0.0,-1701.3801852027232,-9116.539343609591,,,0,0,lightgbm,short,1000,0.02,3,3.0,2026-08-22
999,0.001846997151934815,5.0,-9.998153002848065,0.0,-2852.06248611529,-9988.154849845218,,,0,1,lightgbm,short,1000,0.02,0,5.0,2026-08-19
1567,0.027493913831360572,5.0,-9.97250608616864,0.0,-3018.4958953372725,-15626.917037026258,,,0,0,lightgbm,short,1000,0.02,1,5.0,2026-08-20
1567,0.026832656435169966,5.0,-9.97316734356483,0.0,-2324.716539792192,-15627.953227366088,,,0,0,lightgbm,short,1000,0.02,2,5.0,2026-08-21
1527,0.029771222259599384,5.0,-9.9702287777404,0.0,-2841.289725383968,-15224.539343609591,,,0,0,lightgbm,short,1000,0.02,3,5.0,2026-08-22
541,0.011883169813503347,1.0,-1.9881168301864967,0.0,-404.2189018701548,-1075.5712051308947,,,0,1,lightgbm,short,1000,0.01,0,1.0,2026-08-19
784,0.02883384726500271,1.0,-1.9711661527349973,0.0,-405.6443642574645,-1545.3942637442378,,,0,0,lightgbm,short,1000,0.01,1,1.0,2026-08-20
796,0.027421032008071444,1.0,-1.9725789679919286,0.0,-295.8867408697031,-1570.172858521575,,,0,0,lightgbm,short,1000,0.01,2,1.0,2026-08-21
772,0.029804308703012428,1.0,-1.9701956912969876,0.0,-314.6954336303246,-1520.9910736812744,,,0,0,lightgbm,short,1000,0.01,3,1.0,2026-08-22
541,0.011883169813503347,2.0,-3.9881168301864967,0.0,-810.8538598693151,-2157.5712051308947,,,0,1,lightgbm,short,1000,0.01,0,2.0,2026-08-19
784,0.02883384726500271,2.0,-3.9711661527349973,0.0,-817.2224178828599,-3113.394263744238,,,0,0,lightgbm,short,1000,0.01,1,2.0,2026-08-20
796,0.027421032008071666,2.0,-3.9725789679919283,0.0,-595.886635090327,-3162.172858521575,,,0,0,lightgbm,short,1000,0.01,2,2.0,2026-08-21
772,0.029804308703012428,2.0,-3.9701956912969876,0.0,-634.151450127,-3064.9910736812744,,,0,0,lightgbm,short,1000,0.01,3,2.0,2026-08-22
541,0.011883169813503791,3.0,-5.988116830186496,0.0,-1217.4888178684753,-3239.5712051308947,,,0,1,lightgbm,short,1000,0.01,0,3.0,2026-08-19
784,0.02883384726500271,3.0,-5.971166152734997,0.0,-1228.8004715082552,-4681.394263744238,,,0,0,lightgbm,short,1000,0.01,1,3.0,2026-08-20
796,0.027421032008071222,3.0,-5.972578967991929,0.0,-895.886529310951,-4754.172858521575,,,0,0,lightgbm,short,1000,0.01,2,3.0,2026-08-21
772,0.029804308703011984,3.0,-5.970195691296988,0.0,-953.6074666236755,-4608.991073681274,,,0,0,lightgbm,short,1000,0.01,3,3.0,2026-08-22
541,0.011883169813502903,5.0,-9.988116830186497,0.0,-2030.7587338667959,-5403.571205130895,,,0,1,lightgbm,short,1000,0.01,0,5.0,2026-08-19
784,0.028833847265003598,5.0,-9.971166152734996,0.0,-2051.9565787590454,-7817.394263744238,,,0,0,lightgbm,short,1000,0.01,1,5.0,2026-08-20
796,0.027421032008071222,5.0,-9.972578967991929,0.0,-1495.886317752199,-7938.172858521575,,,0,0,lightgbm,short,1000,0.01,2,5.0,2026-08-21
772,0.029804308703011984,5.0,-9.970195691296988,0.0,-1592.5194996170262,-7696.991073681274,,,0,0,lightgbm,short,1000,0.01,3,5.0,2026-08-22
3616,0.03746280017325243,1.0,-1.9625371998267476,0.00165929203539823,-328.553320853982,-7096.534514573519,,,0,1,lightgbm,short,5000,0.1,0,1.0,2026-08-19
4395,0.042940433285796775,1.0,-1.9570595667142032,0.0,-554.991848333036,-8601.276795708924,,,0,0,lightgbm,short,5000,0.1,1,1.0,2026-08-20
4237,0.026128200171796623,1.0,-1.9738717998282034,0.0002360160490913382,-409.37223709996533,-8363.294815872097,,,0,0,lightgbm,short,5000,0.1,2,1.0,2026-08-21
3886,0.04328242197643695,1.0,-1.956717578023563,0.0002573340195573855,-641.9802934830128,-7603.804508199566,,,0,0,lightgbm,short,5000,0.1,3,1.0,2026-08-22
3616,0.03746280017325265,2.0,-3.9625371998267473,0.0002765486725663717,-663.3783839233461,-14328.53451457352,,,0,1,lightgbm,short,5000,0.1,0,2.0,2026-08-19
4395,0.042940433285796775,2.0,-3.9570595667142032,0.0,-1122.1609399359425,-17391.276795708924,,,0,0,lightgbm,short,5000,0.1,1,2.0,2026-08-20
4237,0.026128200171796845,2.0,-3.973871799828203,0.0,-824.1633467714194,-16837.294815872097,,,0,0,lightgbm,short,5000,0.1,2,2.0,2026-08-21
3886,0.04328242197643695,2.0,-3.956717578023563,0.0,-1298.161135003804,-15375.804508199566,,,0,0,lightgbm,short,5000,0.1,3,2.0,2026-08-22
3616,0.03746280017325265,3.0,-5.962537199826747,0.0002765486725663717,-998.2034469927102,-21560.53451457352,,,0,1,lightgbm,short,5000,0.1,0,3.0,2026-08-19
4395,0.04294043328579633,3.0,-5.957059566714204,0.0,-1689.330031538849,-26181.276795708924,,,0,0,lightgbm,short,5000,0.1,1,3.0,2026-08-20
4237,0.0261282001717964,3.0,-5.973871799828204,0.0,-1238.9544564428736,-25311.294815872097,,,0,0,lightgbm,short,5000,0.1,2,3.0,2026-08-21
3886,0.0432824219764365,3.0,-5.9567175780235635,0.0,-1954.341976524595,-23147.804508199566,,,0,0,lightgbm,short,5000,0.1,3,3.0,2026-08-22
3616,0.037462800173251765,5.0,-9.962537199826748,0.0,-1667.8535731314385,-36024.53451457352,,,0,1,lightgbm,short,5000,0.1,0,5.0,2026-08-19
4395,0.04294043328579633,5.0,-9.957059566714204,0.0,-2823.668214744662,-43761.27679570892,,,0,0,lightgbm,short,5000,0.1,1,5.0,2026-08-20
4237,0.02612820017179729,5.0,-9.973871799828203,0.0,-2068.5366757857814,-42259.2948158721,,,0,0,lightgbm,short,5000,0.1,2,5.0,2026-08-21
3886,0.04328242197643739,5.0,-9.956717578023563,0.0,-3266.703659566177,-38691.804508199566,,,0,0,lightgbm,short,5000,0.1,3,5.0,2026-08-22
2378,0.04486882619938082,1.0,-1.9551311738006192,0.002523128679562658,-221.35254241758102,-4649.301931297872,,,0,1,lightgbm,short,5000,0.05,0,1.0,2026-08-19
2699,0.04771919715379225,1.0,-1.9522808028462078,0.0,-479.1897655392683,-5269.205886881915,,,0,0,lightgbm,short,5000,0.05,1,1.0,2026-08-20
2306,0.034400002782718486,1.0,-1.9655999972172815,0.0,-324.75989045383966,-4532.673593583051,,,0,0,lightgbm,short,5000,0.05,2,1.0,2026-08-21
2245,0.049163062505129584,1.0,-1.9508369374948704,0.0,-535.2151644513508,-4379.628924675984,,,0,0,lightgbm,short,5000,0.05,3,1.0,2026-08-22
2378,0.04486882619938104,2.0,-3.955131173800619,0.00042052144659377626,-447.7849633045021,-9405.301931297872,,,0,1,lightgbm,short,5000,0.05,0,2.0,2026-08-19
2699,0.04771919715379225,2.0,-3.9522808028462078,0.0,-970.0922677209862,-10667.205886881915,,,0,0,lightgbm,short,5000,0.05,1,2.0,2026-08-20
2306,0.03440000278271871,2.0,-3.9655999972172813,0.0,-655.2034099019525,-9144.673593583051,,,0,0,lightgbm,short,5000,0.05,2,2.0,2026-08-21
2245,0.049163062505129584,2.0,-3.9508369374948704,0.0,-1083.9182919804377,-8869.628924675984,,,0,0,lightgbm,short,5000,0.05,3,2.0,2026-08-22
2378,0.04486882619938104,3.0,-5.955131173800619,0.00042052144659377626,-674.2173841914233,-14161.301931297872,,,0,1,lightgbm,short,5000,0.05,0,3.0,2026-08-19
2699,0.047719197153791804,3.0,-5.952280802846208,0.0,-1460.9947699027043,-16065.205886881915,,,0,0,lightgbm,short,5000,0.05,1,3.0,2026-08-20
2306,0.03440000278271871,3.0,-5.965599997217281,0.0,-985.6469293500653,-13756.673593583051,,,0,0,lightgbm,short,5000,0.05,2,3.0,2026-08-21
2245,0.04916306250512914,3.0,-5.950836937494871,0.0,-1632.6214195095247,-13359.628924675984,,,0,0,lightgbm,short,5000,0.05,3,3.0,2026-08-22
2378,0.04486882619938015,5.0,-9.95513117380062,0.0,-1127.0822259652657,-23673.301931297872,,,0,1,lightgbm,short,5000,0.05,0,5.0,2026-08-19
2699,0.04771919715379269,5.0,-9.952280802846207,0.0,-2442.7997742661405,-26861.205886881915,,,0,0,lightgbm,short,5000,0.05,1,5.0,2026-08-20
2306,0.03440000278271782,5.0,-9.965599997217282,0.0,-1646.5339682462911,-22980.67359358305,,,0,0,lightgbm,short,5000,0.05,2,5.0,2026-08-21
2245,0.04916306250513003,5.0,-9.95083693749487,0.0,-2730.027674567699,-22339.628924675984,,,0,0,lightgbm,short,5000,0.05,3,5.0,2026-08-22
1235,0.03140537518308495,1.0,-1.968594624816915,0.0024291497975708503,-164.2766904749718,-2431.21436164889,,,0,1,lightgbm,short,5000,0.02,0,1.0,2026-08-19
1244,0.05073036606769055,1.0,-1.9492696339323095,0.0,-347.9840942982784,-2424.891424611793,,,0,0,lightgbm,short,5000,0.02,1,1.0,2026-08-20
1077,0.04381226393804494,1.0,-1.956187736061955,0.0,-287.5315258906182,-2106.8141917387256,,,0,0,lightgbm,short,5000,0.02,2,1.0,2026-08-21
974,0.04331743323748061,1.0,-1.9566825667625194,0.0,-353.42330767781414,-1905.8088200266939,,,0,0,lightgbm,short,5000,0.02,3,1.0,2026-08-22
1235,0.03140537518308495,2.0,-3.968594624816915,0.0,-331.1741191319763,-4901.21436164889,,,0,1,lightgbm,short,5000,0.02,0,2.0,2026-08-19
1244,0.05073036606769055,2.0,-3.9492696339323095,0.0,-705.0245860195612,-4912.891424611793,,,0,0,lightgbm,short,5000,0.02,1,2.0,2026-08-20
1077,0.043812263938044715,2.0,-3.9561877360619553,0.0,-581.5028258737724,-4260.814191738726,,,0,0,lightgbm,short,5000,0.02,2,2.0,2026-08-21
974,0.04331743323748061,2.0,-3.9566825667625194,0.0,-714.6707718105171,-3853.808820026694,,,0,0,lightgbm,short,5000,0.02,3,2.0,2026-08-22
1235,0.03140537518308495,3.0,-5.968594624816915,0.0,-498.0715477889808,-7371.21436164889,,,0,1,lightgbm,short,5000,0.02,0,3.0,2026-08-19
1244,0.05073036606769055,3.0,-5.9492696339323095,0.0,-1062.0650777408441,-7400.891424611793,,,0,0,lightgbm,short,5000,0.02,1,3.0,2026-08-20
1077,0.043812263938044715,3.0,-5.956187736061955,0.0,-875.4741258569267,-6414.814191738726,,,0,0,lightgbm,short,5000,0.02,2,3.0,2026-08-21
974,0.04331743323748061,3.0,-5.956682566762519,0.0,-1075.91823594322,-5801.808820026694,,,0,0,lightgbm,short,5000,0.02,3,3.0,2026-08-22
1235,0.03140537518308406,5.0,-9.968594624816916,0.0,-831.8664051029898,-12311.21436164889,,,0,1,lightgbm,short,5000,0.02,0,5.0,2026-08-19
1244,0.050730366067691435,5.0,-9.949269633932309,0.0,-1776.1460611834098,-12376.891424611793,,,0,0,lightgbm,short,5000,0.02,1,5.0,2026-08-20
1077,0.043812263938045604,5.0,-9.956187736061954,0.0,-1463.416725823235,-10722.814191738726,,,0,0,lightgbm,short,5000,0.02,2,5.0,2026-08-21
974,0.043317433237481495,5.0,-9.956682566762519,0.0,-1798.4131642086256,-9697.808820026694,,,0,0,lightgbm,short,5000,0.02,3,5.0,2026-08-22
692,0.05229055909241409,1.0,-1.947709440907586,0.002890173410404624,-224.5511597157408,-1347.8149331080494,,,0,1,lightgbm,short,5000,0.01,0,1.0,2026-08-19
636,0.046512699325396145,1.0,-1.9534873006746039,0.0,-280.59373486031376,-1242.417923229048,,,0,0,lightgbm,short,5000,0.01,1,1.0,2026-08-20
587,0.03959178339846248,1.0,-1.9604082166015375,0.0,-221.56020524628278,-1150.7596231451025,,,0,0,lightgbm,short,5000,0.01,2,1.0,2026-08-21
615,0.048260970196754904,1.0,-1.951739029803245,0.0,-283.47973739752126,-1200.3195033289958,,,0,0,lightgbm,short,5000,0.01,3,1.0,2026-08-22
692,0.05229055909241431,2.0,-3.9477094409075857,0.0,-455.1308909626206,-2731.8149331080494,,,0,1,lightgbm,short,5000,0.01,0,2.0,2026-08-19
636,0.046512699325396145,2.0,-3.953487300674604,0.0,-567.8684304914708,-2514.417923229048,,,0,0,lightgbm,short,5000,0.01,1,2.0,2026-08-20
587,0.0395917833984627,2.0,-3.9604082166015373,0.0,-447.5949702202514,-2324.7596231451025,,,0,0,lightgbm,short,5000,0.01,2,2.0,2026-08-21
615,0.048260970196754904,2.0,-3.951739029803245,0.0,-573.9691246247663,-2430.319503328996,,,0,0,lightgbm,short,5000,0.01,3,2.0,2026-08-22
692,0.05229055909241431,3.0,-5.947709440907586,0.0,-685.7106222095003,-4115.814933108049,,,0,1,lightgbm,short,5000,0.01,0,3.0,2026-08-19
636,0.04651269932539659,3.0,-5.953487300674603,0.0,-855.1431261226279,-3786.417923229048,,,0,0,lightgbm,short,5000,0.01,1,3.0,2026-08-20
587,0.039591783398462255,3.0,-5.960408216601538,0.0,-673.6297351942201,-3498.7596231451025,,,0,0,lightgbm,short,5000,0.01,2,3.0,2026-08-21
615,0.048260970196754904,3.0,-5.951739029803245,0.0,-864.4585118520114,-3660.319503328996,,,0,0,lightgbm,short,5000,0.01,3,3.0,2026-08-22
692,0.05229055909241431,5.0,-9.947709440907586,0.0,-1146.87008470326,-6883.814933108049,,,0,1,lightgbm,short,5000,0.01,0,5.0,2026-08-19
636,0.0465126993253957,5.0,-9.953487300674604,0.0,-1429.6925173849422,-6330.417923229048,,,0,0,lightgbm,short,5000,0.01,1,5.0,2026-08-20
587,0.039591783398462255,5.0,-9.960408216601538,0.0,-1125.6992651421574,-5846.7596231451025,,,0,0,lightgbm,short,5000,0.01,2,5.0,2026-08-21
615,0.048260970196754016,5.0,-9.951739029803246,0.0,-1445.4372863065018,-6120.319503328996,,,0,0,lightgbm,short,5000,0.01,3,5.0,2026-08-22
2674,0.03316716366824002,1.0,-1.96683283633176,0.0029917726252804786,-215.7337351880486,-5259.311004351126,,,0,1,lightgbm,short,10000,0.1,0,1.0,2026-08-19
3220,0.04396143496967131,1.0,-1.9560385650303287,0.0006211180124223603,-349.8852698967414,-6298.444179397658,,,0,0,lightgbm,short,10000,0.1,1,1.0,2026-08-20
2993,0.040792180812775136,1.0,-1.9592078191872249,0.005679919812896759,-200.78525080827495,-5863.909002827364,,,0,0,lightgbm,short,10000,0.1,2,1.0,2026-08-21
3037,0.049679946530166275,1.0,-1.9503200534698337,0.0,-437.1321934692007,-5923.122002387885,,,0,0,lightgbm,short,10000,0.1,3,1.0,2026-08-22
2674,0.03316716366824002,2.0,-3.96683283633176,0.00037397157816005983,-435.10543897798794,-10607.311004351126,,,0,1,lightgbm,short,10000,0.1,0,2.0,2026-08-19
3220,0.04396143496967131,2.0,-3.9560385650303287,0.0,-707.6341161126813,-12738.444179397658,,,0,0,lightgbm,short,10000,0.1,1,2.0,2026-08-20
2993,0.040792180812775136,2.0,-3.959207819187225,0.0003341129301703976,-405.7510015999092,-11849.909002827364,,,0,0,lightgbm,short,10000,0.1,2,2.0,2026-08-21
3037,0.0496799465301665,2.0,-3.9503200534698335,0.0,-885.3993306413736,-11997.122002387885,,,0,0,lightgbm,short,10000,0.1,3,2.0,2026-08-22
2674,0.03316716366824046,3.0,-5.9668328363317595,0.00037397157816005983,-654.4771427679273,-15955.311004351126,,,0,1,lightgbm,short,10000,0.1,0,3.0,2026-08-19
3220,0.04396143496967131,3.0,-5.956038565030329,0.0,-1065.3829623286213,-19178.44417939766,,,0,0,lightgbm,short,10000,0.1,1,3.0,2026-08-20
2993,0.040792180812775136,3.0,-5.959207819187225,0.0,-610.7167523915434,-17835.909002827364,,,0,0,lightgbm,short,10000,0.1,2,3.0,2026-08-21
3037,0.0496799465301665,3.0,-5.9503200534698335,0.0,-1333.6664678135462,-18071.122002387885,,,0,0,lightgbm,short,10000,0.1,3,3.0,2026-08-22
2674,0.03316716366824046,5.0,-9.96683283633176,0.0,-1093.220550347806,-26651.311004351126,,,0,1,lightgbm,short,10000,0.1,0,5.0,2026-08-19
3220,0.04396143496967042,5.0,-9.95603856503033,0.0,-1780.8806547605013,-32058.44417939766,,,0,0,lightgbm,short,10000,0.1,1,5.0,2026-08-20
2993,0.04079218081277425,5.0,-9.959207819187226,0.0,-1020.6482539748121,-29807.909002827364,,,0,0,lightgbm,short,10000,0.1,2,5.0,2026-08-21
3037,0.04967994653016561,5.0,-9.950320053469834,0.0,-2230.2007421578924,-30219.122002387885,,,0,0,lightgbm,short,10000,0.1,3,5.0,2026-08-22
1884,0.02874732873497199,1.0,-1.971252671265028,0.0037154989384288748,-150.08259304726224,-3713.8400326633127,,,0,1,lightgbm,short,10000,0.05,0,1.0,2026-08-19
1959,0.05042429934120296,1.0,-1.949575700658797,0.0005104645227156713,-302.4806198644086,-3819.2187975905836,,,0,0,lightgbm,short,10000,0.05,1,1.0,2026-08-20
1560,0.047413973368477524,1.0,-1.9525860266315225,0.011538461538461539,-122.54749467230303,-3046.034201545175,,,0,0,lightgbm,short,10000,0.05,2,1.0,2026-08-21
1896,0.059922722701775566,1.0,-1.9400772772982244,0.0,-367.71545785598227,-3678.3865177574335,,,0,0,lightgbm,short,10000,0.05,3,1.0,2026-08-22
1884,0.02874732873497221,2.0,-3.971252671265028,0.0005307855626326964,-302.35388250195047,-7481.840032663313,,,0,1,lightgbm,short,10000,0.05,0,2.0,2026-08-19
1959,0.05042429934120296,2.0,-3.949575700658797,0.0,-612.7846719329636,-7737.218797590584,,,0,0,lightgbm,short,10000,0.05,1,2.0,2026-08-20
1560,0.047413973368477524,2.0,-3.9525860266315225,0.001282051282051282,-248.07076791185827,-6166.034201545175,,,0,0,lightgbm,short,10000,0.05,2,2.0,2026-08-21
1896,0.059922722701775566,2.0,-3.9400772772982244,0.0,-746.7884588738257,-7470.3865177574335,,,0,0,lightgbm,short,10000,0.05,3,2.0,2026-08-22
1884,0.028747328734971767,3.0,-5.971252671265028,0.0,-454.6251719566387,-11249.840032663313,,,0,1,lightgbm,short,10000,0.05,0,3.0,2026-08-19
1959,0.05042429934120296,3.0,-5.949575700658797,0.0,-923.0887240015187,-11655.218797590584,,,0,0,lightgbm,short,10000,0.05,1,3.0,2026-08-20
1560,0.04741397336847708,3.0,-5.952586026631523,0.0,-373.59404115141353,-9286.034201545175,,,0,0,lightgbm,short,10000,0.05,2,3.0,2026-08-21
1896,0.05992272270177601,3.0,-5.940077277298224,0.0,-1125.8614598916688,-11262.386517757433,,,0,0,lightgbm,short,10000,0.05,3,3.0,2026-08-22
1884,0.028747328734972655,5.0,-9.971252671265027,0.0,-759.167750866015,-18785.840032663313,,,0,1,lightgbm,short,10000,0.05,0,5.0,2026-08-19
1959,0.05042429934120207,5.0,-9.949575700658798,0.0,-1543.6968281386294,-19491.218797590584,,,0,0,lightgbm,short,10000,0.05,1,5.0,2026-08-20
1560,0.04741397336847797,5.0,-9.952586026631522,0.0,-624.6405876305239,-15526.034201545175,,,0,0,lightgbm,short,10000,0.05,2,5.0,2026-08-21
1896,0.05992272270177601,5.0,-9.940077277298224,0.0,-1884.0074619273555,-18846.386517757433,,,0,0,lightgbm,short,10000,0.05,3,5.0,2026-08-22
1020,0.008965718028747238,1.0,-1.9910342819712528,0.000980392156862745,-98.42351905514022,-2030.8549676106777,,,0,1,lightgbm,short,10000,0.02,0,1.0,2026-08-19
865,0.05866373481815734,1.0,-1.9413362651818427,0.0,-218.23139915515213,-1679.255869382294,,,0,0,lightgbm,short,10000,0.02,1,1.0,2026-08-20
448,0.03621499734929645,1.0,-1.9637850026507035,0.029017857142857144,-40.87299510171438,-879.7756811875151,,,0,0,lightgbm,short,10000,0.02,2,1.0,2026-08-21
936,0.057437175507363714,1.0,-1.9425628244926363,0.0,-271.9205682144095,-1818.2388037251076,,,0,0,lightgbm,short,10000,0.02,3,1.0,2026-08-22
1020,0.00896571802874746,2.0,-3.9910342819712525,0.0,-197.2902436980676,-4070.8549676106777,,,0,1,lightgbm,short,10000,0.02,0,2.0,2026-08-19
865,0.058663734818157565,2.0,-3.9413362651818424,0.0,-443.0573636922239,-3409.255869382294,,,0,0,lightgbm,short,10000,0.02,1,2.0,2026-08-20
448,0.036214997349296674,2.0,-3.9637850026507033,0.002232142857142857,-82.4997465501105,-1775.7756811875151,,,0,0,lightgbm,short,10000,0.02,2,2.0,2026-08-21
936,0.05743717550736349,2.0,-3.9425628244926365,0.0,-551.8812107078438,-3690.2388037251076,,,0,0,lightgbm,short,10000,0.02,3,2.0,2026-08-22
1020,0.00896571802874746,3.0,-5.9910342819712525,0.0,-296.156968340995,-6110.854967610678,,,0,1,lightgbm,short,10000,0.02,0,3.0,2026-08-19
865,0.058663734818157565,3.0,-5.941336265181842,0.0,-667.8833282292956,-5139.255869382294,,,0,0,lightgbm,short,10000,0.02,1,3.0,2026-08-20
448,0.036214997349296674,3.0,-5.963785002650703,0.0,-124.12649799850662,-2671.775681187515,,,0,0,lightgbm,short,10000,0.02,2,3.0,2026-08-21
936,0.05743717550736349,3.0,-5.9425628244926365,0.0,-831.8418532012782,-5562.238803725108,,,0,0,lightgbm,short,10000,0.02,3,3.0,2026-08-22
1020,0.00896571802874746,5.0,-9.991034281971253,0.0,-493.89041762684974,-10190.854967610678,,,0,1,lightgbm,short,10000,0.02,0,5.0,2026-08-19
865,0.058663734818157565,5.0,-9.941336265181842,0.0,-1117.535257303439,-8599.255869382294,,,0,0,lightgbm,short,10000,0.02,1,5.0,2026-08-20
448,0.036214997349295786,5.0,-9.963785002650704,0.0,-207.38000089529888,-4463.775681187515,,,0,0,lightgbm,short,10000,0.02,2,5.0,2026-08-21
936,0.05743717550736349,5.0,-9.942562824492637,0.0,-1391.763138188147,-9306.238803725108,,,0,0,lightgbm,short,10000,0.02,3,5.0,2026-08-22
534,0.03140172850792311,1.0,-1.968598271492077,0.0018726591760299626,-119.94975732620519,-1051.231476976769,,,0,1,lightgbm,short,10000,0.01,0,1.0,2026-08-19
514,0.049547267224547165,1.0,-1.9504527327754528,0.0,-169.26633704388408,-1002.5327046465827,,,0,0,lightgbm,short,10000,0.01,1,1.0,2026-08-20
248,0.000334429244356782,1.0,-1.9996655707556432,0.028225806451612902,-24.87715022330742,-495.9170615473995,,,0,0,lightgbm,short,10000,0.01,2,1.0,2026-08-21
504,0.07128060517817847,1.0,-1.9287193948218215,0.0,-204.67553769700152,-972.074574990198,,,0,0,lightgbm,short,10000,0.01,3,1.0,2026-08-22
534,0.03140172850792311,2.0,-3.968598271492077,0.0,-241.81287085549891,-2119.231476976769,,,0,1,lightgbm,short,10000,0.01,0,2.0,2026-08-19
514,0.04954726722454739,2.0,-3.9504527327754526,0.0,-342.8325395973002,-2030.5327046465827,,,0,0,lightgbm,short,10000,0.01,1,2.0,2026-08-20
248,0.00033442924435700405,2.0,-3.999665570755643,0.004032258064516129,-49.758460965589926,-991.9170615473995,,,0,0,lightgbm,short,10000,0.01,2,2.0,2026-08-21
504,0.07128060517817847,2.0,-3.9287193948218215,0.0,-416.9153671366902,-1980.074574990198,,,0,0,lightgbm,short,10000,0.01,3,2.0,2026-08-22
534,0.03140172850792311,3.0,-5.968598271492077,0.0,-363.6759843847927,-3187.231476976769,,,0,1,lightgbm,short,10000,0.01,0,3.0,2026-08-19
514,0.04954726722454694,3.0,-5.950452732775453,0.0,-516.3987421507162,-3058.5327046465827,,,0,0,lightgbm,short,10000,0.01,1,3.0,2026-08-20
248,0.00033442924435700405,3.0,-5.999665570755643,0.0,-74.63977170787241,-1487.9170615473995,,,0,0,lightgbm,short,10000,0.01,2,3.0,2026-08-21
504,0.07128060517817847,3.0,-5.9287193948218215,0.0,-629.1551965763789,-2988.074574990198,,,0,0,lightgbm,short,10000,0.01,3,3.0,2026-08-22
534,0.03140172850792311,5.0,-9.968598271492077,0.0,-607.4022114433801,-5323.231476976769,,,0,1,lightgbm,short,10000,0.01,0,5.0,2026-08-19
514,0.04954726722454694,5.0,-9.950452732775453,0.0,-863.5311472575485,-5114.532704646583,,,0,0,lightgbm,short,10000,0.01,1,5.0,2026-08-20
248,0.0003344292443561159,5.0,-9.999665570755644,0.0,-124.40239319243743,-2479.9170615473995,,,0,0,lightgbm,short,10000,0.01,2,5.0,2026-08-21
504,0.07128060517817936,5.0,-9.92871939482182,0.0,-1053.6348554557565,-5004.074574990198,,,0,0,lightgbm,short,10000,0.01,3,5.0,2026-08-22
1303,0.03575308645990738,1.0,-1.9642469135400926,0.0015349194167306216,-165.74940145555408,-2559.413728342741,,,0,1,lightgbm,short,30000,0.1,0,1.0,2026-08-19
1444,0.0365825010621772,1.0,-1.9634174989378228,0.004847645429362881,-128.36306677141016,-2835.174868466216,,,0,0,lightgbm,short,30000,0.1,1,1.0,2026-08-20
1502,0.03278077476710317,1.0,-1.9672192252328968,0.013981358189081226,-94.66183593110895,-2954.763276299811,,,0,0,lightgbm,short,30000,0.1,2,1.0,2026-08-21
1566,0.060815292251466424,1.0,-1.9391847077485336,0.004469987228607918,-154.80304005227774,-3036.7632523342036,,,0,0,lightgbm,short,30000,0.1,3,1.0,2026-08-22
1303,0.03575308645990738,2.0,-3.9642469135400926,0.0007674597083653108,-334.5157620520738,-5165.413728342741,,,0,1,lightgbm,short,30000,0.1,0,2.0,2026-08-19
1444,0.0365825010621772,2.0,-3.963417498937823,0.0006925207756232687,-259.1178011474178,-5723.174868466216,,,0,0,lightgbm,short,30000,0.1,1,2.0,2026-08-20
1502,0.03278077476710317,2.0,-3.967219225232897,0.0013315579227696406,-190.90107019327112,-5958.763276299811,,,0,0,lightgbm,short,30000,0.1,2,2.0,2026-08-21
1566,0.060815292251466424,2.0,-3.9391847077485336,0.0006385696040868455,-314.4608998051116,-6168.763252334204,,,0,0,lightgbm,short,30000,0.1,3,2.0,2026-08-22
1303,0.03575308645990738,3.0,-5.964246913540093,0.0,-503.2821226485935,-7771.413728342741,,,0,1,lightgbm,short,30000,0.1,0,3.0,2026-08-19
1444,0.03658250106217675,3.0,-5.963417498937823,0.0,-389.8725355234255,-8611.174868466216,,,0,0,lightgbm,short,30000,0.1,1,3.0,2026-08-20
1502,0.032780774767103615,3.0,-5.967219225232896,0.0006657789613848203,-287.14030445543324,-8962.763276299811,,,0,0,lightgbm,short,30000,0.1,2,3.0,2026-08-21
1566,0.060815292251466424,3.0,-5.939184707748534,0.0006385696040868455,-474.1187595579455,-9300.763252334204,,,0,0,lightgbm,short,30000,0.1,3,3.0,2026-08-22
1303,0.03575308645990738,5.0,-9.964246913540093,0.0,-840.814843841633,-12983.41372834274,,,0,1,lightgbm,short,30000,0.1,0,5.0,2026-08-19
1444,0.03658250106217764,5.0,-9.963417498937822,0.0,-651.3820042754407,-14387.174868466216,,,0,0,lightgbm,short,30000,0.1,1,5.0,2026-08-20
1502,0.03278077476710273,5.0,-9.967219225232897,0.0,-479.61877297975764,-14970.763276299811,,,0,0,lightgbm,short,30000,0.1,2,5.0,2026-08-21
1566,0.06081529225146731,5.0,-9.939184707748533,0.0,-793.4344790636131,-15564.763252334204,,,0,0,lightgbm,short,30000,0.1,3,5.0,2026-08-22
828,0.02651837226037146,1.0,-1.9734816277396285,0.0,-133.75105111395078,-1634.0427877684124,,,0,1,lightgbm,short,30000,0.05,0,1.0,2026-08-19
820,0.03010441718293677,1.0,-1.9698955828170632,0.006097560975609756,-89.32875084688892,-1615.314377909992,,,0,0,lightgbm,short,30000,0.05,1,1.0,2026-08-20
809,0.03378354922185656,1.0,-1.9662164507781434,0.0173053152039555,-61.18802717189613,-1590.669108679518,,,0,0,lightgbm,short,30000,0.05,2,1.0,2026-08-21
1091,0.08178052865875762,1.0,-1.9182194713412424,0.005499541704857928,-121.79232574934078,-2092.7774432332953,,,0,0,lightgbm,short,30000,0.05,3,1.0,2026-08-22
828,0.02651837226037168,2.0,-3.9734816277396283,0.0,-269.2993625184461,-3290.0427877684124,,,0,1,lightgbm,short,30000,0.05,0,2.0,2026-08-19
820,0.03010441718293677,2.0,-3.9698955828170632,0.0012195121951219512,-180.02264510817125,-3255.314377909992,,,0,0,lightgbm,short,30000,0.05,1,2.0,2026-08-20
809,0.03378354922185656,2.0,-3.9662164507781434,0.003708281829419036,-123.42738759193591,-3208.669108679518,,,0,0,lightgbm,short,30000,0.05,2,2.0,2026-08-21
1091,0.08178052865875785,2.0,-3.918219471341242,0.0009165902841429881,-248.7770921631465,-4274.777443233295,,,0,0,lightgbm,short,30000,0.05,3,2.0,2026-08-22
828,0.026518372260371237,3.0,-5.973481627739629,0.0,-404.8476739229415,-4946.042787768412,,,0,1,lightgbm,short,30000,0.05,0,3.0,2026-08-19
820,0.03010441718293677,3.0,-5.969895582817063,0.0,-270.7165393694536,-4895.314377909992,,,0,0,lightgbm,short,30000,0.05,1,3.0,2026-08-20
809,0.03378354922185611,3.0,-5.966216450778144,0.0012360939431396785,-185.6667480119757,-4826.669108679518,,,0,0,lightgbm,short,30000,0.05,2,3.0,2026-08-21
1091,0.08178052865875785,3.0,-5.918219471341242,0.0009165902841429881,-375.7618585769522,-6456.777443233295,,,0,0,lightgbm,short,30000,0.05,3,3.0,2026-08-22
828,0.026518372260371237,5.0,-9.973481627739629,0.0,-675.9442967319322,-8258.042787768412,,,0,1,lightgbm,short,30000,0.05,0,5.0,2026-08-19
820,0.03010441718293677,5.0,-9.969895582817063,0.0,-452.10432789201826,-8175.314377909992,,,0,0,lightgbm,short,30000,0.05,1,5.0,2026-08-20
809,0.033783549221857,5.0,-9.966216450778143,0.0,-310.1454688520552,-8062.669108679518,,,0,0,lightgbm,short,30000,0.05,2,5.0,2026-08-21
1091,0.08178052865875785,5.0,-9.918219471341242,0.0,-629.7313914045636,-10820.777443233295,,,0,0,lightgbm,short,30000,0.05,3,5.0,2026-08-22
375,0.028643910303091102,1.0,-1.971356089696909,0.0,-111.39894223754871,-739.2585336363409,,,0,1,lightgbm,short,30000,0.02,0,1.0,2026-08-19
408,0.026573479811571987,1.0,-1.973426520188428,0.00980392156862745,-52.76913389927852,-805.1580202368787,,,0,0,lightgbm,short,30000,0.02,1,1.0,2026-08-20
158,-0.06774263359205435,1.0,-2.0677426335920543,0.08227848101265822,-15.119169126279454,-326.7033361075446,,,0,0,lightgbm,short,30000,0.02,2,1.0,2026-08-21
516,0.06987836765411459,1.0,-1.9301216323458854,0.007751937984496124,-71.9846847259481,-995.9427622904768,,,0,0,lightgbm,short,30000,0.02,3,1.0,2026-08-22
375,0.02864391030309088,2.0,-3.971356089696909,0.0,-224.4165171138117,-1489.2585336363409,,,0,1,lightgbm,short,30000,0.02,0,2.0,2026-08-19
408,0.026573479811571765,2.0,-3.9734265201884282,0.0024509803921568627,-106.24883872683904,-1621.1580202368787,,,0,0,lightgbm,short,30000,0.02,1,2.0,2026-08-20
158,-0.06774263359205435,2.0,-4.067742633592054,0.02531645569620253,-29.743009521749403,-642.7033361075446,,,0,0,lightgbm,short,30000,0.02,2,2.0,2026-08-21
516,0.06987836765411481,2.0,-3.930121632345885,0.001937984496124031,-146.57551208065456,-2027.9427622904768,,,0,0,lightgbm,short,30000,0.02,3,2.0,2026-08-22
375,0.028643910303091324,3.0,-5.971356089696909,0.0,-337.4340919900747,-2239.258533636341,,,0,1,lightgbm,short,30000,0.02,0,3.0,2026-08-19
408,0.026573479811571765,3.0,-5.973426520188428,0.0,-159.72854355439955,-2437.1580202368787,,,0,0,lightgbm,short,30000,0.02,1,3.0,2026-08-20
158,-0.06774263359205435,3.0,-6.067742633592054,0.006329113924050633,-44.366849917219355,-958.7033361075446,,,0,0,lightgbm,short,30000,0.02,2,3.0,2026-08-21
516,0.06987836765411437,3.0,-5.930121632345886,0.001937984496124031,-221.16633943536107,-3059.942762290477,,,0,0,lightgbm,short,30000,0.02,3,3.0,2026-08-22
375,0.028643910303090436,5.0,-9.97135608969691,0.0,-563.4692417426006,-3739.258533636341,,,0,1,lightgbm,short,30000,0.02,0,5.0,2026-08-19
408,0.026573479811572653,5.0,-9.973426520188427,0.0,-266.6879532095206,-4069.1580202368787,,,0,0,lightgbm,short,30000,0.02,1,5.0,2026-08-20
158,-0.06774263359205435,5.0,-10.067742633592054,0.0,-73.61453070815926,-1590.7033361075446,,,0,0,lightgbm,short,30000,0.02,2,5.0,2026-08-21
516,0.06987836765411437,5.0,-9.930121632345886,0.0,-370.347994144774,-5123.942762290477,,,0,0,lightgbm,short,30000,0.02,3,5.0,2026-08-22
234,0.04064257067685917,1.0,-1.9593574293231408,0.0,-101.2063172693582,-458.48963846161496,,,0,1,lightgbm,short,30000,0.01,0,1.0,2026-08-19
127,0.005969354622505918,1.0,-1.994030645377494,0.031496062992125984,-19.833920811345394,-253.24189196294174,,,0,0,lightgbm,short,30000,0.01,1,1.0,2026-08-20
107,0.1019060676656316,1.0,-1.8980939323343684,0.1308411214953271,-9.847432274314299,-203.09605075977743,,,0,0,lightgbm,short,30000,0.01,2,1.0,2026-08-21
274,0.10259456266895484,1.0,-1.8974054373310452,0.014598540145985401,-39.602106766921864,-519.8890898287063,,,0,0,lightgbm,short,30000,0.01,3,1.0,2026-08-22
234,0.04064257067685917,2.0,-3.959357429323141,0.0,-204.5119375249946,-926.489638461615,,,0,1,lightgbm,short,30000,0.01,0,2.0,2026-08-19
127,0.005969354622505918,2.0,-3.994030645377494,0.0,-39.727216691550474,-507.24189196294174,,,0,0,lightgbm,short,30000,0.01,1,2.0,2026-08-20
107,0.10190606766563137,2.0,-3.8980939323343686,0.037383177570093455,-20.22355972149859,-417.0960507597774,,,0,0,lightgbm,short,30000,0.01,2,2.0,2026-08-21
274,0.10259456266895484,2.0,-3.897405437331045,0.0036496350364963502,-81.34553807344065,-1067.8890898287063,,,0,0,lightgbm,short,30000,0.01,3,2.0,2026-08-22
234,0.040642570676858725,3.0,-5.959357429323141,0.0,-307.81755778063103,-1394.489638461615,,,0,1,lightgbm,short,30000,0.01,0,3.0,2026-08-19
127,0.005969354622505918,3.0,-5.994030645377494,0.0,-59.62051257175557,-761.2418919629417,,,0,0,lightgbm,short,30000,0.01,1,3.0,2026-08-20
107,0.10190606766563182,3.0,-5.898093932334368,0.009345794392523364,-30.59968716868287,-631.0960507597774,,,0,0,lightgbm,short,30000,0.01,2,3.0,2026-08-21
274,0.10259456266895484,3.0,-5.897405437331045,0.0036496350364963502,-123.08896937995945,-1615.8890898287063,,,0,0,lightgbm,short,30000,0.01,3,3.0,2026-08-22
234,0.040642570676858725,5.0,-9.959357429323141,0.0,-514.4287982919038,-2330.489638461615,,,0,1,lightgbm,short,30000,0.01,0,5.0,2026-08-19
127,0.005969354622505918,5.0,-9.994030645377494,0.0,-99.40710433216573,-1269.2418919629417,,,0,0,lightgbm,short,30000,0.01,1,5.0,2026-08-20
107,0.10190606766563093,5.0,-9.898093932334369,0.0,-51.35194206305145,-1059.0960507597774,,,0,0,lightgbm,short,30000,0.01,2,5.0,2026-08-21
274,0.10259456266895484,5.0,-9.897405437331045,0.0,-206.57583199299702,-2711.8890898287063,,,0,0,lightgbm,short,30000,0.01,3,5.0,2026-08-22
798,0.026733276846364618,1.0,-1.9732667231536354,0.002506265664160401,-96.8397187248648,-1574.666845076601,,,0,1,lightgbm,short,60000,0.1,0,1.0,2026-08-19
728,0.04155106729412683,1.0,-1.9584489327058732,0.01098901098901099,-71.29977917719481,-1425.7508230098756,,,0,0,lightgbm,short,60000,0.1,1,1.0,2026-08-20
852,-0.019443972108660557,1.0,-2.0194439721086606,0.025821596244131457,-51.30284154033613,-1720.5662642365787,,,0,0,lightgbm,short,60000,0.1,2,1.0,2026-08-21
769,0.06899540277587923,1.0,-1.9310045972241208,0.009102730819245773,-79.95354708562445,-1484.9425352653489,,,0,0,lightgbm,short,60000,0.1,3,1.0,2026-08-22
798,0.026733276846364618,2.0,-3.9732667231536354,0.0,-194.99139542277968,-3170.666845076601,,,0,1,lightgbm,short,60000,0.1,0,2.0,2026-08-19
728,0.04155106729412683,2.0,-3.958448932705873,0.0013736263736263737,-144.11227684971172,-2881.7508230098756,,,0,0,lightgbm,short,60000,0.1,1,2.0,2026-08-20
852,-0.019443972108660112,2.0,-4.01944397210866,0.005868544600938967,-102.11171987407549,-3424.5662642365787,,,0,0,lightgbm,short,60000,0.1,2,2.0,2026-08-21
769,0.06899540277587946,2.0,-3.9310045972241205,0.002600780234070221,-162.76385960436227,-3022.942535265349,,,0,0,lightgbm,short,60000,0.1,3,2.0,2026-08-22
798,0.026733276846364618,3.0,-5.973266723153635,0.0,-293.1430721206946,-4766.666845076601,,,0,1,lightgbm,short,60000,0.1,0,3.0,2026-08-19
728,0.04155106729412683,3.0,-5.958448932705873,0.0,-216.92477452222863,-4337.750823009876,,,0,0,lightgbm,short,60000,0.1,1,3.0,2026-08-20
852,-0.019443972108660112,3.0,-6.01944397210866,0.002347417840375587,-152.92059820781486,-5128.566264236579,,,0,0,lightgbm,short,60000,0.1,2,3.0,2026-08-21
769,0.06899540277587946,3.0,-5.9310045972241205,0.0013003901170351106,-245.57417212310006,-4560.942535265349,,,0,0,lightgbm,short,60000,0.1,3,3.0,2026-08-22
798,0.026733276846364618,5.0,-9.973266723153635,0.0,-489.44642551652447,-7958.666845076601,,,0,1,lightgbm,short,60000,0.1,0,5.0,2026-08-19
728,0.04155106729412772,5.0,-9.958448932705872,0.0,-362.5497698672624,-7249.750823009876,,,0,0,lightgbm,short,60000,0.1,1,5.0,2026-08-20
852,-0.019443972108661,5.0,-10.019443972108661,0.0,-254.5383548752936,-8536.566264236579,,,0,0,lightgbm,short,60000,0.1,2,5.0,2026-08-21
769,0.06899540277587946,5.0,-9.93100459722412,0.0,-411.1947971605757,-7636.942535265349,,,0,0,lightgbm,short,60000,0.1,3,5.0,2026-08-22
562,0.02063784908003652,1.0,-1.9793621509199635,0.0035587188612099642,-88.41327962454427,-1112.4015288170194,,,0,1,lightgbm,short,60000,0.05,0,1.0,2026-08-19
450,0.06588926488093816,1.0,-1.9341107351190618,0.015555555555555555,-52.59259310871211,-870.3498308035778,,,0,0,lightgbm,short,60000,0.05,1,1.0,2026-08-20
455,0.0006806257805163085,1.0,-1.9993193742194837,0.041758241758241756,-33.734641700977754,-909.6903152698651,,,0,0,lightgbm,short,60000,0.05,2,1.0,2026-08-21
391,0.04823620676192819,1.0,-1.9517637932380718,0.0076726342710997444,-52.05206534286882,-763.1396431560861,,,0,0,lightgbm,short,60000,0.05,3,1.0,2026-08-22
562,0.02063784908003674,2.0,-3.9793621509199633,0.0,-177.74840163185533,-2236.4015288170194,,,0,1,lightgbm,short,60000,0.05,0,2.0,2026-08-19
450,0.06588926488093838,2.0,-3.9341107351190616,0.0022222222222222222,-106.97685576105148,-1770.3498308035778,,,0,0,lightgbm,short,60000,0.05,1,2.0,2026-08-20
455,0.0006806257805163085,2.0,-3.9993193742194837,0.01098901098901099,-67.48076764361006,-1819.690315269865,,,0,0,lightgbm,short,60000,0.05,2,2.0,2026-08-21
391,0.04823620676192819,2.0,-3.951763793238072,0.005115089514066497,-105.39055386612594,-1545.139643156086,,,0,0,lightgbm,short,60000,0.05,3,2.0,2026-08-22
562,0.020637849080036297,3.0,-5.979362150919964,0.0,-267.08352363916634,-3360.4015288170194,,,0,1,lightgbm,short,60000,0.05,0,3.0,2026-08-19
450,0.06588926488093794,3.0,-5.934110735119062,0.0,-161.36111841339084,-2670.349830803578,,,0,0,lightgbm,short,60000,0.05,1,3.0,2026-08-20
455,0.0006806257805163085,3.0,-5.999319374219484,0.004395604395604396,-101.22689358624238,-2729.690315269865,,,0,0,lightgbm,short,60000,0.05,2,3.0,2026-08-21
391,0.04823620676192775,3.0,-5.951763793238072,0.0025575447570332483,-158.72904238938304,-2327.139643156086,,,0,0,lightgbm,short,60000,0.05,3,3.0,2026-08-22
562,0.020637849080037185,5.0,-9.979362150919963,0.0,-445.7537676537884,-5608.401528817019,,,0,1,lightgbm,short,60000,0.05,0,5.0,2026-08-19
450,0.06588926488093882,5.0,-9.934110735119061,0.0,-270.1296437180696,-4470.349830803578,,,0,0,lightgbm,short,60000,0.05,1,5.0,2026-08-20
455,0.0006806257805163085,5.0,-9.999319374219484,0.0,-168.71914547150698,-4549.690315269865,,,0,0,lightgbm,short,60000,0.05,2,5.0,2026-08-21
391,0.04823620676192775,5.0,-9.951763793238072,0.0,-265.4060194358973,-3891.139643156086,,,0,0,lightgbm,short,60000,0.05,3,5.0,2026-08-22
244,0.028993849549537876,1.0,-1.9710061504504621,0.004098360655737705,-77.0525792198157,-480.92550070991274,,,0,1,lightgbm,short,60000,0.02,0,1.0,2026-08-19
228,0.05223999201093399,1.0,-1.947760007989066,0.02631578947368421,-31.07538196912515,-444.08928182150703,,,0,0,lightgbm,short,60000,0.02,1,1.0,2026-08-20
110,-0.03442689261653209,1.0,-2.034426892616532,0.11818181818181818,-9.765095039465946,-223.78695818781853,,,0,0,lightgbm,short,60000,0.02,2,1.0,2026-08-21
157,0.0706984043836143,1.0,-1.9293015956163857,0.012738853503184714,-24.06926447238809,-302.90035051177256,,,0,0,lightgbm,short,60000,0.02,3,1.0,2026-08-22
244,0.028993849549538098,2.0,-3.971006150450462,0.0,-155.23861552640537,-968.9255007099127,,,0,1,lightgbm,short,60000,0.02,0,2.0,2026-08-19
228,0.05223999201093399,2.0,-3.947760007989066,0.0043859649122807015,-62.98422273150268,-900.089281821507,,,0,0,lightgbm,short,60000,0.02,1,2.0,2026-08-20
110,-0.034426892616531646,2.0,-4.034426892616532,0.03636363636363636,-19.364943601147893,-443.7869581878185,,,0,0,lightgbm,short,60000,0.02,2,2.0,2026-08-21
157,0.0706984043836143,2.0,-3.9293015956163857,0.012738853503184714,-49.020536504792425,-616.9003505117726,,,0,0,lightgbm,short,60000,0.02,3,2.0,2026-08-22
244,0.028993849549538098,3.0,-5.971006150450462,0.0,-233.42465183299504,-1456.9255007099127,,,0,1,lightgbm,short,60000,0.02,0,3.0,2026-08-19
228,0.05223999201093399,3.0,-5.947760007989066,0.0,-94.89306349388022,-1356.089281821507,,,0,0,lightgbm,short,60000,0.02,1,3.0,2026-08-20
110,-0.034426892616531646,3.0,-6.034426892616532,0.00909090909090909,-28.96479216282984,-663.7869581878185,,,0,0,lightgbm,short,60000,0.02,2,3.0,2026-08-21
157,0.07069840438361386,3.0,-5.929301595616386,0.006369426751592357,-73.97180853719676,-930.9003505117726,,,0,0,lightgbm,short,60000,0.02,3,3.0,2026-08-22
244,0.028993849549538098,5.0,-9.971006150450462,0.0,-389.7967244461744,-2432.9255007099127,,,0,1,lightgbm,short,60000,0.02,0,5.0,2026-08-19
228,0.05223999201093399,5.0,-9.947760007989066,0.0,-158.71074501863527,-2268.089281821507,,,0,0,lightgbm,short,60000,0.02,1,5.0,2026-08-20
110,-0.034426892616531646,5.0,-10.034426892616532,0.00909090909090909,-48.164489286193735,-1103.7869581878185,,,0,0,lightgbm,short,60000,0.02,2,5.0,2026-08-21
157,0.07069840438361474,5.0,-9.929301595616385,0.0,-123.87435260200542,-1558.9003505117726,,,0,0,lightgbm,short,60000,0.02,3,5.0,2026-08-22
117,0.031154780294427864,1.0,-1.9688452197055721,0.0,-70.50687515494577,-230.35489070555195,,,0,1,lightgbm,short,60000,0.01,0,1.0,2026-08-19
131,0.12197463061546787,1.0,-1.8780253693845321,0.04580152671755725,-18.931973405362935,-246.02132338937372,,,0,0,lightgbm,short,60000,0.01,1,1.0,2026-08-20
78,0.22844305443458057,1.0,-1.7715569455654194,0.16666666666666666,-6.853245591657958,-138.1814417541027,,,0,0,lightgbm,short,60000,0.01,2,1.0,2026-08-21
49,0.05291856960298458,1.0,-1.9470814303970154,0.061224489795918366,-7.938490366646697,-95.40699008945376,,,0,0,lightgbm,short,60000,0.01,3,1.0,2026-08-22
117,0.031154780294427642,2.0,-3.9688452197055724,0.0,-142.1294429924415,-464.35489070555195,,,0,1,lightgbm,short,60000,0.01,0,2.0,2026-08-19
131,0.12197463061546765,2.0,-3.8780253693845324,0.0,-39.093547060320894,-508.0213233893737,,,0,0,lightgbm,short,60000,0.01,1,2.0,2026-08-20
78,0.2284430544345808,2.0,-3.771556945565419,0.02564102564102564,-14.590220244166963,-294.1814417541027,,,0,0,lightgbm,short,60000,0.01,2,2.0,2026-08-21
49,0.052918569602984356,2.0,-3.9470814303970156,0.04081632653061224,-16.092736247393468,-193.40699008945376,,,0,0,lightgbm,short,60000,0.01,3,2.0,2026-08-22
117,0.031154780294428086,3.0,-5.968845219705572,0.0,-213.75201082993726,-698.354890705552,,,0,1,lightgbm,short,60000,0.01,0,3.0,2026-08-19
131,0.1219746306154681,3.0,-5.878025369384532,0.0,-59.25512071527885,-770.0213233893737,,,0,0,lightgbm,short,60000,0.01,1,3.0,2026-08-20
78,0.2284430544345808,3.0,-5.771556945565419,0.02564102564102564,-22.327194896675962,-450.1814417541027,,,0,0,lightgbm,short,60000,0.01,2,3.0,2026-08-21
49,0.052918569602984356,3.0,-5.947081430397016,0.02040816326530612,-24.24698212814024,-291.40699008945376,,,0,0,lightgbm,short,60000,0.01,3,3.0,2026-08-22
117,0.031154780294427198,5.0,-9.968845219705573,0.0,-356.99714650492876,-1166.354890705552,,,0,1,lightgbm,short,60000,0.01,0,5.0,2026-08-19
131,0.1219746306154672,5.0,-9.878025369384533,0.0,-99.57826802519475,-1294.0213233893737,,,0,0,lightgbm,short,60000,0.01,1,5.0,2026-08-20
78,0.2284430544345799,5.0,-9.77155694556542,0.01282051282051282,-37.801144201693965,-762.1814417541027,,,0,0,lightgbm,short,60000,0.01,2,5.0,2026-08-21
49,0.052918569602985244,5.0,-9.947081430397015,0.0,-40.555473889633774,-487.40699008945376,,,0,0,lightgbm,short,60000,0.01,3,5.0,2026-08-22
