executed_trade_count,gross_executable_edge_bp_per_trade,additional_cost_bp_per_side,net_edge_bp_per_trade,hit_rate,net_trade_sharpe,cumulative_net_pnl_bp,best_day_pnl_fraction,best_5pct_trade_pnl_fraction,positive_days,days,view,model,side,horizon_ms,tail,eligible_oof_observations
34559,0.008357165036125602,1.0,-1.9916428349638744,2.8936022454353425e-05,-5181.065991316495,-68829.18473351654,,,0,4,predictive_all_eligible,obi_only,long,250,0.1,345578
34559,0.008357165036125602,1.0,-1.9916428349638744,2.8936022454353425e-05,-5181.065991316495,-68829.18473351654,,,0,4,non_overlapping_trade_tape,obi_only,long,250,0.1,345578
34559,0.00835716503612538,2.0,-3.9916428349638746,2.8936022454353425e-05,-10383.872338279276,-137947.18473351654,,,0,4,predictive_all_eligible,obi_only,long,250,0.1,345578
34559,0.00835716503612538,2.0,-3.9916428349638746,2.8936022454353425e-05,-10383.872338279276,-137947.18473351654,,,0,4,non_overlapping_trade_tape,obi_only,long,250,0.1,345578
34559,0.00835716503612538,3.0,-5.991642834963875,2.8936022454353425e-05,-15586.678685242056,-207065.18473351654,,,0,4,predictive_all_eligible,obi_only,long,250,0.1,345578
34559,0.00835716503612538,3.0,-5.991642834963875,2.8936022454353425e-05,-15586.678685242056,-207065.18473351654,,,0,4,non_overlapping_trade_tape,obi_only,long,250,0.1,345578
34559,0.00835716503612538,5.0,-9.991642834963875,2.8936022454353425e-05,-25992.291379167615,-345301.18473351654,,,0,4,predictive_all_eligible,obi_only,long,250,0.1,345578
34559,0.00835716503612538,5.0,-9.991642834963875,2.8936022454353425e-05,-25992.291379167615,-345301.18473351654,,,0,4,non_overlapping_trade_tape,obi_only,long,250,0.1,345578
17280,0.0105845183928035,1.0,-1.9894154816071965,5.787037037037037e-05,-2828.827788310181,-34377.09952217236,,,0,4,predictive_all_eligible,obi_only,long,250,0.05,345578
17280,0.0105845183928035,1.0,-1.9894154816071965,5.787037037037037e-05,-2828.827788310181,-34377.09952217236,,,0,4,non_overlapping_trade_tape,obi_only,long,250,0.05,345578
17280,0.0105845183928035,2.0,-3.9894154816071965,5.787037037037037e-05,-5672.706117863387,-68937.09952217236,,,0,4,predictive_all_eligible,obi_only,long,250,0.05,345578
17280,0.0105845183928035,2.0,-3.9894154816071965,5.787037037037037e-05,-5672.706117863387,-68937.09952217236,,,0,4,non_overlapping_trade_tape,obi_only,long,250,0.05,345578
17280,0.010584518392803055,3.0,-5.989415481607197,5.787037037037037e-05,-8516.584447416595,-103497.09952217236,,,0,4,predictive_all_eligible,obi_only,long,250,0.05,345578
17280,0.010584518392803055,3.0,-5.989415481607197,5.787037037037037e-05,-8516.584447416595,-103497.09952217236,,,0,4,non_overlapping_trade_tape,obi_only,long,250,0.05,345578
17280,0.010584518392803943,5.0,-9.989415481607196,5.787037037037037e-05,-14204.341106523003,-172617.09952217236,,,0,4,predictive_all_eligible,obi_only,long,250,0.05,345578
17280,0.010584518392803943,5.0,-9.989415481607196,5.787037037037037e-05,-14204.341106523003,-172617.09952217236,,,0,4,non_overlapping_trade_tape,obi_only,long,250,0.05,345578
6912,0.011404527565867184,1.0,-1.9885954724341328,0.0,-3209.598844210799,-13745.171905464726,,,0,4,predictive_all_eligible,obi_only,long,250,0.02,345578
6912,0.011404527565867184,1.0,-1.9885954724341328,0.0,-3209.598844210799,-13745.171905464726,,,0,4,non_overlapping_trade_tape,obi_only,long,250,0.02,345578
6912,0.011404527565867184,2.0,-3.988595472434133,0.0,-6437.6046288987245,-27569.171905464726,,,0,4,predictive_all_eligible,obi_only,long,250,0.02,345578
6912,0.011404527565867184,2.0,-3.988595472434133,0.0,-6437.6046288987245,-27569.171905464726,,,0,4,non_overlapping_trade_tape,obi_only,long,250,0.02,345578
6912,0.011404527565867184,3.0,-5.988595472434133,0.0,-9665.61041358665,-41393.171905464726,,,0,4,predictive_all_eligible,obi_only,long,250,0.02,345578
6912,0.011404527565867184,3.0,-5.988595472434133,0.0,-9665.61041358665,-41393.171905464726,,,0,4,non_overlapping_trade_tape,obi_only,long,250,0.02,345578
6912,0.011404527565867184,5.0,-9.988595472434133,0.0,-16121.6219829625,-69041.17190546473,,,0,4,predictive_all_eligible,obi_only,long,250,0.02,345578
6912,0.011404527565867184,5.0,-9.988595472434133,0.0,-16121.6219829625,-69041.17190546473,,,0,4,non_overlapping_trade_tape,obi_only,long,250,0.02,345578
3456,0.013135769269562614,1.0,-1.9868642307304374,0.0,-2063.8021460618806,-6866.602781404392,,,0,4,predictive_all_eligible,obi_only,long,250,0.01,345578
3456,0.013135769269562614,1.0,-1.9868642307304374,0.0,-2063.8021460618806,-6866.602781404392,,,0,4,non_overlapping_trade_tape,obi_only,long,250,0.01,345578
3456,0.013135769269562392,2.0,-3.9868642307304376,0.0,-4141.248721566598,-13778.602781404392,,,0,4,predictive_all_eligible,obi_only,long,250,0.01,345578
3456,0.013135769269562392,2.0,-3.9868642307304376,0.0,-4141.248721566598,-13778.602781404392,,,0,4,non_overlapping_trade_tape,obi_only,long,250,0.01,345578
3456,0.013135769269562836,3.0,-5.986864230730437,0.0,-6218.695297071315,-20690.602781404392,,,0,4,predictive_all_eligible,obi_only,long,250,0.01,345578
3456,0.013135769269562836,3.0,-5.986864230730437,0.0,-6218.695297071315,-20690.602781404392,,,0,4,non_overlapping_trade_tape,obi_only,long,250,0.01,345578
3456,0.013135769269561948,5.0,-9.986864230730438,0.0,-10373.588448080749,-34514.60278140439,,,0,4,predictive_all_eligible,obi_only,long,250,0.01,345578
3456,0.013135769269561948,5.0,-9.986864230730438,0.0,-10373.588448080749,-34514.60278140439,,,0,4,non_overlapping_trade_tape,obi_only,long,250,0.01,345578
34559,0.024724100620875378,1.0,-1.9752758993791246,0.00017361613472612056,-3338.1722766370444,-68263.55980664317,,,0,4,predictive_all_eligible,obi_only,long,1000,0.1,345569
25206,0.025566305219371532,1.0,-1.9744336947806285,0.0001983654685392367,-2664.2766884406774,-49767.57571064052,,,0,3,non_overlapping_trade_tape,obi_only,long,1000,0.1,345569
34559,0.024724100620875156,2.0,-3.975275899379125,2.8936022454353425e-05,-6718.12773266859,-137381.55980664317,,,0,4,predictive_all_eligible,obi_only,long,1000,0.1,345569
25206,0.025566305219371532,2.0,-3.9744336947806285,3.967309370784734e-05,-5363.052236572411,-100179.57571064052,,,0,3,non_overlapping_trade_tape,obi_only,long,1000,0.1,345569
34559,0.024724100620875156,3.0,-5.975275899379125,2.8936022454353425e-05,-10098.083188700135,-206499.55980664317,,,0,4,predictive_all_eligible,obi_only,long,1000,0.1,345569
25206,0.025566305219371088,3.0,-5.974433694780629,3.967309370784734e-05,-8061.827784704145,-150591.57571064052,,,0,3,non_overlapping_trade_tape,obi_only,long,1000,0.1,345569
34559,0.024724100620876044,5.0,-9.975275899379124,0.0,-16857.994100763226,-344735.55980664317,,,0,4,predictive_all_eligible,obi_only,long,1000,0.1,345569
25206,0.025566305219371088,5.0,-9.974433694780629,0.0,-13459.378880967612,-251415.57571064052,,,0,3,non_overlapping_trade_tape,obi_only,long,1000,0.1,345569
17280,0.028589083992503372,1.0,-1.9714109160074966,0.00028935185185185184,-2102.385229203727,-34065.98062860954,,,0,4,predictive_all_eligible,obi_only,long,1000,0.05,345569
13742,0.029315834472362523,1.0,-1.9706841655276375,0.00029107844564110026,-1774.0779403543906,-27081.141802680795,,,0,4,non_overlapping_trade_tape,obi_only,long,1000,0.05,345569
17280,0.028589083992503372,2.0,-3.9714109160074966,5.787037037037037e-05,-4235.258910822047,-68625.98062860954,,,0,4,predictive_all_eligible,obi_only,long,1000,0.05,345569
13742,0.0293158344723623,2.0,-3.9706841655276377,7.276961141027506e-05,-3574.547007278053,-54565.141802680795,,,0,4,non_overlapping_trade_tape,obi_only,long,1000,0.05,345569
17280,0.028589083992503816,3.0,-5.971410916007496,5.787037037037037e-05,-6368.132592440365,-103185.98062860954,,,0,4,predictive_all_eligible,obi_only,long,1000,0.05,345569
13742,0.029315834472362745,3.0,-5.970684165527637,7.276961141027506e-05,-5375.016074201715,-82049.1418026808,,,0,4,non_overlapping_trade_tape,obi_only,long,1000,0.05,345569
17280,0.028589083992503816,5.0,-9.971410916007496,0.0,-10633.879955677005,-172305.98062860954,,,0,4,predictive_all_eligible,obi_only,long,1000,0.05,345569
13742,0.029315834472361857,5.0,-9.970684165527638,0.0,-8975.954208049041,-137017.1418026808,,,0,4,non_overlapping_trade_tape,obi_only,long,1000,0.05,345569
6912,0.030879107861117694,1.0,-1.9691208921388823,0.00043402777777777775,-1315.82656471755,-13610.563606463955,,,0,4,predictive_all_eligible,obi_only,long,1000,0.02,345569
6032,0.03121007827786615,1.0,-1.9687899217221339,0.0004973474801061008,-1183.0450903979506,-11875.740807827911,,,0,4,non_overlapping_trade_tape,obi_only,long,1000,0.02,345569
6912,0.030879107861117472,2.0,-3.9691208921388825,0.0,-2652.287489966567,-27434.563606463955,,,0,4,predictive_all_eligible,obi_only,long,1000,0.02,345569
6032,0.03121007827786615,2.0,-3.968789921722134,0.0,-2384.8443045701983,-23939.74080782791,,,0,4,non_overlapping_trade_tape,obi_only,long,1000,0.02,345569
6912,0.030879107861117916,3.0,-5.969120892138882,0.0,-3988.748415215583,-41258.563606463955,,,0,4,predictive_all_eligible,obi_only,long,1000,0.02,345569
6032,0.031210078277866593,3.0,-5.968789921722133,0.0,-3586.6435187424454,-36003.74080782791,,,0,4,non_overlapping_trade_tape,obi_only,long,1000,0.02,345569
6912,0.030879107861117916,5.0,-9.969120892138882,0.0,-6661.670265713617,-68906.56360646395,,,0,4,predictive_all_eligible,obi_only,long,1000,0.02,345569
6032,0.031210078277865705,5.0,-9.968789921722134,0.0,-5990.241947086942,-60131.74080782791,,,0,4,non_overlapping_trade_tape,obi_only,long,1000,0.02,345569
3456,0.0321575121011779,1.0,-1.967842487898822,0.0008680555555555555,-809.6416916271456,-6800.863638178329,,,0,4,predictive_all_eligible,obi_only,long,1000,0.01,345569
3193,0.03205354010433692,1.0,-1.967946459895663,0.0009395552771688068,-761.4453203514739,-6283.653046446852,,,0,4,non_overlapping_trade_tape,obi_only,long,1000,0.01,345569
3456,0.03215751210117812,2.0,-3.967842487898822,0.0,-1632.5141487531691,-13712.863638178329,,,0,4,predictive_all_eligible,obi_only,long,1000,0.01,345569
3193,0.0320535401043367,2.0,-3.9679464598956633,0.0,-1535.292918209237,-12669.653046446852,,,0,4,non_overlapping_trade_tape,obi_only,long,1000,0.01,345569
3456,0.03215751210117812,3.0,-5.967842487898822,0.0,-2455.3866058791923,-20624.86363817833,,,0,4,predictive_all_eligible,obi_only,long,1000,0.01,345569
3193,0.0320535401043367,3.0,-5.967946459895663,0.0,-2309.140516067,-19055.653046446852,,,0,4,non_overlapping_trade_tape,obi_only,long,1000,0.01,345569
3456,0.03215751210117723,5.0,-9.967842487898823,0.0,-4101.13152013124,-34448.86363817833,,,0,4,predictive_all_eligible,obi_only,long,1000,0.01,345569
3193,0.032053540104337586,5.0,-9.967946459895662,0.0,-3856.835711782526,-31827.653046446852,,,0,4,non_overlapping_trade_tape,obi_only,long,1000,0.01,345569
34553,0.04558263869260104,1.0,-1.954417361307399,0.000810349318438341,-1423.8497068563267,-67530.98308525456,,,0,4,predictive_all_eligible,obi_only,long,5000,0.1,345521
16356,0.0451943849083567,1.0,-1.9548056150916433,0.0006725360723893372,-926.6977254348955,-31972.800640438916,,,0,2,non_overlapping_trade_tape,obi_only,long,5000,0.1,345521
34553,0.04558263869260104,2.0,-3.954417361307399,0.00017364628252250166,-2880.907687454543,-136636.98308525456,,,0,4,predictive_all_eligible,obi_only,long,5000,0.1,345521
16356,0.0451943849083567,2.0,-3.9548056150916433,0.00012227928588897041,-1874.8203605250867,-64684.800640438916,,,0,2,non_overlapping_trade_tape,obi_only,long,5000,0.1,345521
34553,0.0455826386926006,3.0,-5.954417361307399,8.682314126125083e-05,-4337.96566805276,-205742.98308525456,,,0,4,predictive_all_eligible,obi_only,long,5000,0.1,345521
16356,0.045194384908357144,3.0,-5.954805615091643,6.113964294448521e-05,-2822.9429956152776,-97396.80064043892,,,0,2,non_overlapping_trade_tape,obi_only,long,5000,0.1,345521
34553,0.0455826386926006,5.0,-9.9544173613074,0.0,-7252.081629249193,-343954.98308525456,,,0,4,predictive_all_eligible,obi_only,long,5000,0.1,345521
16356,0.045194384908356255,5.0,-9.954805615091644,0.0,-4719.188265795661,-162820.80064043892,,,0,2,non_overlapping_trade_tape,obi_only,long,5000,0.1,345521
17278,0.05268904583365375,1.0,-1.9473109541663463,0.0010417872438939692,-920.3289081677805,-33645.63866608613,,,0,4,predictive_all_eligible,obi_only,long,5000,0.05,345521
10223,0.05048448054149013,1.0,-1.9495155194585099,0.0007825491538687273,-685.88699384773,-19929.897155424347,,,0,3,non_overlapping_trade_tape,obi_only,long,5000,0.05,345521
17278,0.05268904583365375,2.0,-3.9473109541663463,0.00028938534552610254,-1865.559464385524,-68201.63866608613,,,0,4,predictive_all_eligible,obi_only,long,5000,0.05,345521
10223,0.05048448054149013,2.0,-3.94951551945851,0.00019563728846718183,-1389.5356562992495,-40375.89715542435,,,0,3,non_overlapping_trade_tape,obi_only,long,5000,0.05,345521
17278,0.0526890458336533,3.0,-5.947310954166347,0.00017363120731566154,-2810.790020603268,-102757.63866608613,,,0,4,predictive_all_eligible,obi_only,long,5000,0.05,345521
10223,0.05048448054149013,3.0,-5.94951551945851,9.781864423359092e-05,-2093.184318750769,-60821.89715542435,,,0,3,non_overlapping_trade_tape,obi_only,long,5000,0.05,345521
17278,0.05268904583365419,5.0,-9.947310954166346,0.0,-4701.251133038755,-171869.63866608613,,,0,4,predictive_all_eligible,obi_only,long,5000,0.05,345521
10223,0.05048448054149013,5.0,-9.94951551945851,0.0,-3500.481643653808,-101713.89715542435,,,0,3,non_overlapping_trade_tape,obi_only,long,5000,0.05,345521
6912,0.05541850706598517,1.0,-1.9445814929340148,0.0014467592592592592,-525.2809963006556,-13440.947279159911,,,0,4,predictive_all_eligible,obi_only,long,5000,0.02,345521
5049,0.05378655881323868,1.0,-1.9462134411867613,0.0015844721727074668,-444.3888763899712,-9826.431664551958,,,0,3,non_overlapping_trade_tape,obi_only,long,5000,0.02,345521
6912,0.05541850706598517,2.0,-3.944581492934015,0.00028935185185185184,-1065.5319430564055,-27264.94727915991,,,0,4,predictive_all_eligible,obi_only,long,5000,0.02,345521
5049,0.053786558813238905,2.0,-3.946213441186761,0.00019805902158843335,-901.0591130511589,-19924.431664551958,,,0,3,non_overlapping_trade_tape,obi_only,long,5000,0.02,345521
6912,0.05541850706598517,3.0,-5.944581492934015,0.00028935185185185184,-1605.7828898121556,-41088.94727915991,,,0,4,predictive_all_eligible,obi_only,long,5000,0.02,345521
5049,0.053786558813238905,3.0,-5.946213441186761,0.00019805902158843335,-1357.7293497123464,-30022.431664551958,,,0,3,non_overlapping_trade_tape,obi_only,long,5000,0.02,345521
6912,0.05541850706598517,5.0,-9.944581492934015,0.0,-2686.284783323655,-68736.94727915991,,,0,4,predictive_all_eligible,obi_only,long,5000,0.02,345521
5049,0.05378655881323802,5.0,-9.946213441186762,0.0,-2271.0698230347216,-50218.43166455196,,,0,3,non_overlapping_trade_tape,obi_only,long,5000,0.02,345521
3456,0.0541043488151951,1.0,-1.945895651184805,0.002025462962962963,-321.6011741453426,-6725.015370494686,,,0,4,predictive_all_eligible,obi_only,long,5000,0.01,345521
2832,0.051462929611698405,1.0,-1.9485370703883016,0.00211864406779661,-301.53055217956535,-5518.25698333967,,,0,4,non_overlapping_trade_tape,obi_only,long,5000,0.01,345521
3456,0.0541043488151951,2.0,-3.945895651184805,0.0005787037037037037,-652.1442574288969,-13637.015370494686,,,0,4,predictive_all_eligible,obi_only,long,5000,0.01,345521
2832,0.05146292961169863,2.0,-3.9485370703883014,0.00035310734463276836,-611.0248458852292,-11182.25698333967,,,0,4,non_overlapping_trade_tape,obi_only,long,5000,0.01,345521
3456,0.0541043488151951,3.0,-5.945895651184805,0.0005787037037037037,-982.6873407124511,-20549.015370494686,,,0,4,predictive_all_eligible,obi_only,long,5000,0.01,345521
2832,0.05146292961169863,3.0,-5.948537070388301,0.00035310734463276836,-920.5191395908929,-16846.25698333967,,,0,4,non_overlapping_trade_tape,obi_only,long,5000,0.01,345521
3456,0.054104348815194214,5.0,-9.945895651184806,0.0,-1643.7735072795601,-34373.015370494686,,,0,4,predictive_all_eligible,obi_only,long,5000,0.01,345521
2832,0.05146292961169863,5.0,-9.948537070388301,0.0,-1539.5077270022205,-28174.25698333967,,,0,4,non_overlapping_trade_tape,obi_only,long,5000,0.01,345521
34547,0.05447833954093806,1.0,-1.945521660459062,0.0019972790690942774,-939.4759383850694,-67211.93680387922,,,0,4,predictive_all_eligible,obi_only,long,10000,0.1,345461
12438,0.05340625803243104,1.0,-1.946593741967569,0.001929570670525808,-552.3805723644343,-24211.73296259262,,,0,2,non_overlapping_trade_tape,obi_only,long,10000,0.1,345461
34547,0.05447833954093806,2.0,-3.945521660459062,0.00040524502851188235,-1905.2590057022353,-136305.93680387922,,,0,4,predictive_all_eligible,obi_only,long,10000,0.1,345461
12438,0.053406258032431264,2.0,-3.9465937419675687,0.0004019938896928767,-1119.9161196698537,-49087.73296259262,,,0,2,non_overlapping_trade_tape,obi_only,long,10000,0.1,345461
34547,0.05447833954093806,3.0,-5.945521660459062,0.00017367644079080674,-2871.0420730194014,-205399.93680387922,,,0,4,predictive_all_eligible,obi_only,long,10000,0.1,345461
12438,0.05340625803243082,3.0,-5.946593741967569,0.00016079755587715066,-1687.4516669752734,-73963.73296259262,,,0,2,non_overlapping_trade_tape,obi_only,long,10000,0.1,345461
34547,0.05447833954093717,5.0,-9.945521660459063,8.683822039540337e-05,-4802.608207653733,-343587.9368038792,,,0,4,predictive_all_eligible,obi_only,long,10000,0.1,345461
12438,0.05340625803243171,5.0,-9.946593741967568,0.0,-2822.522761586112,-123715.73296259262,,,0,2,non_overlapping_trade_tape,obi_only,long,10000,0.1,345461
17274,0.061165610885154376,1.0,-1.9388343891148456,0.0027787426189649182,-590.8747511408418,-33491.42523756984,,,0,4,predictive_all_eligible,obi_only,long,10000,0.05,345461
8443,0.057792997710708116,1.0,-1.9422070022892919,0.003079474120573256,-411.3119121256734,-16398.05372032849,,,0,2,non_overlapping_trade_tape,obi_only,long,10000,0.05,345461
17274,0.061165610885154376,2.0,-3.9388343891148456,0.000578904712284358,-1200.390194500189,-68039.42523756984,,,0,4,predictive_all_eligible,obi_only,long,10000,0.05,345461
8443,0.05779299771070834,2.0,-3.9422070022892917,0.00047376524931896246,-834.8629668184608,-33284.05372032849,,,0,2,non_overlapping_trade_tape,obi_only,long,10000,0.05,345461
17274,0.06116561088515482,3.0,-5.938834389114845,0.000289452356142179,-1809.9056378595358,-102587.42523756984,,,0,4,predictive_all_eligible,obi_only,long,10000,0.05,345461
8443,0.057792997710707894,3.0,-5.942207002289292,0.00011844131232974062,-1258.4140215112484,-50170.05372032849,,,0,2,non_overlapping_trade_tape,obi_only,long,10000,0.05,345461
17274,0.06116561088515482,5.0,-9.938834389114845,0.0001736714136853074,-3028.9365245782296,-171683.42523756984,,,0,4,predictive_all_eligible,obi_only,long,10000,0.05,345461
8443,0.057792997710707894,5.0,-9.942207002289292,0.00011844131232974062,-2105.5161308968236,-83942.05372032849,,,0,2,non_overlapping_trade_tape,obi_only,long,10000,0.05,345461
6911,0.06560752366427858,1.0,-1.9343924763357214,0.0036174215019534077,-334.8890543188266,-13368.586403956171,,,0,4,predictive_all_eligible,obi_only,long,10000,0.02,345461
4487,0.061829426374219176,1.0,-1.9381705736257808,0.0046801872074883,-274.0864820755993,-8696.571363858879,,,0,3,non_overlapping_trade_tape,obi_only,long,10000,0.02,345461
6911,0.06560752366427858,2.0,-3.9343924763357214,0.0007234843003906816,-681.1363215261514,-27190.58640395617,,,0,4,predictive_all_eligible,obi_only,long,10000,0.02,345461
4487,0.061829426374218954,2.0,-3.938170573625781,0.0006685981724983285,-556.9165753659532,-17670.57136385888,,,0,3,non_overlapping_trade_tape,obi_only,long,10000,0.02,345461
6911,0.06560752366427813,3.0,-5.934392476335722,0.0004340905802344089,-1027.3835887334762,-41012.58640395617,,,0,4,predictive_all_eligible,obi_only,long,10000,0.02,345461
4487,0.061829426374218954,3.0,-5.938170573625781,0.00022286605749944285,-839.7466686563073,-26644.57136385888,,,0,3,non_overlapping_trade_tape,obi_only,long,10000,0.02,345461
6911,0.06560752366427813,5.0,-9.934392476335722,0.0002893937201562726,-1719.878123148126,-68656.58640395617,,,0,4,predictive_all_eligible,obi_only,long,10000,0.02,345461
4487,0.061829426374218954,5.0,-9.938170573625781,0.00022286605749944285,-1405.4068552370154,-44592.57136385888,,,0,3,non_overlapping_trade_tape,obi_only,long,10000,0.02,345461
3456,0.06359913833896114,1.0,-1.9364008616610389,0.004050925925925926,-208.06242156071144,-6692.20137790055,,,0,4,predictive_all_eligible,obi_only,long,10000,0.01,345461
2637,0.06222387828216425,1.0,-1.9377761217178358,0.004550625711035267,-194.72067121624812,-5109.915632969933,,,0,4,non_overlapping_trade_tape,obi_only,long,10000,0.01,345461
3456,0.06359913833896114,2.0,-3.936400861661039,0.0008680555555555555,-422.9584440529098,-13604.20137790055,,,0,4,predictive_all_eligible,obi_only,long,10000,0.01,345461
2637,0.06222387828216425,2.0,-3.9377761217178358,0.0007584376185058779,-395.69401280498494,-10383.915632969933,,,0,4,non_overlapping_trade_tape,obi_only,long,10000,0.01,345461
3456,0.06359913833896158,3.0,-5.936400861661038,0.0005787037037037037,-637.8544665451082,-20516.20137790055,,,0,4,predictive_all_eligible,obi_only,long,10000,0.01,345461
2637,0.06222387828216469,3.0,-5.937776121717835,0.0003792188092529389,-596.6673543937217,-15657.915632969933,,,0,4,non_overlapping_trade_tape,obi_only,long,10000,0.01,345461
3456,0.06359913833896158,5.0,-9.936400861661038,0.0005787037037037037,-1067.646511529505,-34340.20137790055,,,0,4,predictive_all_eligible,obi_only,long,10000,0.01,345461
2637,0.06222387828216469,5.0,-9.937776121717835,0.0003792188092529389,-998.6140375711954,-26205.915632969933,,,0,4,non_overlapping_trade_tape,obi_only,long,10000,0.01,345461
34523,0.0776245274311016,1.0,-1.9223754725688984,0.007009819540596125,-507.8282811637257,-66366.16843949608,,,0,4,predictive_all_eligible,obi_only,long,30000,0.1,345221
6831,0.06544280632809674,1.0,-1.9345571936719033,0.007465963987703118,-212.22766574320698,-13214.960189972771,,,0,1,non_overlapping_trade_tape,obi_only,long,30000,0.1,345221
34523,0.0776245274311016,2.0,-3.9223754725688984,0.0017669379833734032,-1036.1624056988328,-135412.16843949608,,,0,4,predictive_all_eligible,obi_only,long,30000,0.1,345221
6831,0.06544280632809674,2.0,-3.9345571936719033,0.001610305958132045,-431.63463539747335,-26876.96018997277,,,0,1,non_overlapping_trade_tape,obi_only,long,30000,0.1,345221
34523,0.0776245274311016,3.0,-5.922375472568898,0.0007241549112186079,-1564.4965302339397,-204458.16843949608,,,0,4,predictive_all_eligible,obi_only,long,30000,0.1,345221
6831,0.06544280632809674,3.0,-5.934557193671903,0.00029278290147855365,-651.0416050517397,-40538.96018997277,,,0,1,non_overlapping_trade_tape,obi_only,long,30000,0.1,345221
34523,0.0776245274311016,5.0,-9.922375472568898,0.00023172957158995453,-2621.1647793041534,-342550.1684394961,,,0,4,predictive_all_eligible,obi_only,long,30000,0.1,345221
6831,0.06544280632809674,5.0,-9.934557193671903,0.00014639145073927682,-1089.8555443602722,-67862.96018997277,,,0,1,non_overlapping_trade_tape,obi_only,long,30000,0.1,345221
17262,0.08679038114774018,1.0,-1.9132096188522598,0.007762715791912872,-337.2324638738426,-33025.82444062771,,,0,4,predictive_all_eligible,obi_only,long,30000,0.05,345221
5323,0.06828233315808863,1.0,-1.9317176668419114,0.00882960736426827,-184.23603621034465,-10282.533140599495,,,0,2,non_overlapping_trade_tape,obi_only,long,30000,0.05,345221
17262,0.08679038114774018,2.0,-3.91320961885226,0.001969644305410729,-689.7630601564907,-67549.82444062771,,,0,4,predictive_all_eligible,obi_only,long,30000,0.05,345221
5323,0.06828233315808863,2.0,-3.9317176668419114,0.0016907758782641368,-374.98444564177555,-20928.533140599495,,,0,2,non_overlapping_trade_tape,obi_only,long,30000,0.05,345221
17262,0.08679038114774063,3.0,-5.913209618852259,0.000926891437840343,-1042.2936564391387,-102073.82444062771,,,0,4,predictive_all_eligible,obi_only,long,30000,0.05,345221
5323,0.06828233315808863,3.0,-5.931717666841911,0.0007514559458951719,-565.7328550732065,-31574.533140599495,,,0,2,non_overlapping_trade_tape,obi_only,long,30000,0.05,345221
17262,0.08679038114773974,5.0,-9.91320961885226,0.0003475842891901286,-1747.3548490044352,-171121.8244406277,,,0,4,predictive_all_eligible,obi_only,long,30000,0.05,345221
5323,0.06828233315808774,5.0,-9.931717666841912,0.00018786398647379298,-947.2296739360683,-52866.533140599495,,,0,2,non_overlapping_trade_tape,obi_only,long,30000,0.05,345221
6906,0.09508873067289225,1.0,-1.9049112693271077,0.008253692441355343,-189.3722443870655,-13155.317225973005,,,0,4,predictive_all_eligible,obi_only,long,30000,0.02,345221
3278,0.08043634270374955,1.0,-1.9195636572962504,0.008541793776693106,-129.23073072954227,-6292.329668617109,,,0,2,non_overlapping_trade_tape,obi_only,long,30000,0.02,345221
6906,0.09508873067289247,2.0,-3.9049112693271075,0.0027512308137851143,-388.1975098325889,-26967.317225973005,,,0,4,predictive_all_eligible,obi_only,long,30000,0.02,345221
3278,0.08043634270374955,2.0,-3.9195636572962504,0.003050640634533252,-263.8766751225162,-12848.329668617109,,,0,2,non_overlapping_trade_tape,obi_only,long,30000,0.02,345221
6906,0.09508873067289247,3.0,-5.9049112693271075,0.001592817839559803,-587.0227752781121,-40779.317225973005,,,0,4,predictive_all_eligible,obi_only,long,30000,0.02,345221
3278,0.08043634270374955,3.0,-5.9195636572962504,0.0018303843807199512,-398.5226195154901,-19404.32966861711,,,0,2,non_overlapping_trade_tape,obi_only,long,30000,0.02,345221
6906,0.09508873067289159,5.0,-9.904911269327108,0.0005792064871126556,-984.673306169159,-68403.317225973,,,0,4,predictive_all_eligible,obi_only,long,30000,0.02,345221
3278,0.08043634270375044,5.0,-9.91956365729625,0.0003050640634533252,-667.8145083014379,-32516.32966861711,,,0,2,non_overlapping_trade_tape,obi_only,long,30000,0.02,345221
3455,0.090536151892457,1.0,-1.909463848107543,0.010709117221418235,-134.37250542175772,-6597.197595211561,,,0,4,predictive_all_eligible,obi_only,long,30000,0.01,345221
2120,0.08454653577602311,1.0,-1.9154534642239769,0.010377358490566037,-101.79832080885143,-4060.761344154831,,,0,3,non_overlapping_trade_tape,obi_only,long,30000,0.01,345221
3455,0.090536151892457,2.0,-3.909463848107543,0.0037626628075253256,-275.11620743521394,-13507.19759521156,,,0,4,predictive_all_eligible,obi_only,long,30000,0.01,345221
2120,0.08454653577602311,2.0,-3.915453464223977,0.0042452830188679245,-208.08993552066462,-8300.761344154831,,,0,3,non_overlapping_trade_tape,obi_only,long,30000,0.01,345221
3455,0.090536151892457,3.0,-5.909463848107543,0.0017366136034732273,-415.8599094486701,-20417.19759521156,,,0,4,predictive_all_eligible,obi_only,long,30000,0.01,345221
2120,0.08454653577602311,3.0,-5.915453464223977,0.0023584905660377358,-314.3815502324778,-12540.761344154831,,,0,3,non_overlapping_trade_tape,obi_only,long,30000,0.01,345221
3455,0.0905361518924579,5.0,-9.909463848107542,0.0005788712011577424,-697.3473134755825,-34237.19759521156,,,0,4,predictive_all_eligible,obi_only,long,30000,0.01,345221
2120,0.08454653577602222,5.0,-9.915453464223978,0.0004716981132075472,-526.9647796561044,-21020.76134415483,,,0,3,non_overlapping_trade_tape,obi_only,long,30000,0.01,345221
34487,0.09047235674714393,1.0,-1.909527643252856,0.019050656769217387,-380.72838835397044,-65853.87983286125,,,0,4,predictive_all_eligible,obi_only,long,60000,0.1,344861
4179,0.08893655444160875,1.0,-1.9110634455583912,0.021775544388609715,-132.20644060098505,-7986.334138988517,,,0,1,non_overlapping_trade_tape,obi_only,long,60000,0.1,344861
34487,0.09047235674714393,2.0,-3.909527643252856,0.0033345898454490096,-779.4954758054037,-134827.87983286125,,,0,4,predictive_all_eligible,obi_only,long,60000,0.1,344861
4179,0.08893655444160853,2.0,-3.9110634455583915,0.0031107920555156735,-270.5654688250384,-16344.334138988517,,,0,1,non_overlapping_trade_tape,obi_only,long,60000,0.1,344861
34487,0.09047235674714393,3.0,-5.909527643252856,0.0014498216719343521,-1178.262563256837,-203801.87983286125,,,0,4,predictive_all_eligible,obi_only,long,60000,0.1,344861
4179,0.08893655444160853,3.0,-5.9110634455583915,0.00191433357262503,-408.92449704909177,-24702.334138988517,,,0,1,non_overlapping_trade_tape,obi_only,long,60000,0.1,344861
34487,0.09047235674714393,5.0,-9.909527643252856,0.00031896076782555744,-1975.7967381597036,-341749.87983286125,,,0,4,predictive_all_eligible,obi_only,long,60000,0.1,344861
4179,0.08893655444160942,5.0,-9.91106344555839,0.00023929169657812874,-685.6425534971984,-41418.33413898852,,,0,1,non_overlapping_trade_tape,obi_only,long,60000,0.1,344861
17244,0.094198722296577,1.0,-1.905801277703423,0.02093481790767803,-263.1541712131215,-32863.637232717825,,,0,4,predictive_all_eligible,obi_only,long,60000,0.05,344861
3532,0.0902209114764212,1.0,-1.9097790885235788,0.022650056625141562,-111.31381782577357,-6745.33974066528,,,0,1,non_overlapping_trade_tape,obi_only,long,60000,0.05,344861
17244,0.09419872229657722,2.0,-3.905801277703423,0.0035954534910693572,-539.3153578928095,-67351.63723271783,,,0,4,predictive_all_eligible,obi_only,long,60000,0.05,344861
3532,0.09022091147642142,2.0,-3.9097790885235786,0.003963759909399773,-227.88627219464885,-13809.33974066528,,,0,1,non_overlapping_trade_tape,obi_only,long,60000,0.05,344861
17244,0.09419872229657678,3.0,-5.905801277703423,0.001681744374855022,-815.4765445724977,-101839.63723271783,,,0,4,predictive_all_eligible,obi_only,long,60000,0.05,344861
3532,0.09022091147642097,3.0,-5.909779088523579,0.0014156285390713476,-344.4587265635241,-20873.33974066528,,,0,1,non_overlapping_trade_tape,obi_only,long,60000,0.05,344861
17244,0.09419872229657678,5.0,-9.905801277703423,0.0003479471120389701,-1367.7989179318738,-170815.63723271783,,,0,4,predictive_all_eligible,obi_only,long,60000,0.05,344861
3532,0.09022091147642186,5.0,-9.909779088523578,0.0005662514156285391,-577.6036353012747,-35001.33974066528,,,0,1,non_overlapping_trade_tape,obi_only,long,60000,0.05,344861
6899,0.09109765811426285,1.0,-1.9089023418857372,0.022177127119872447,-157.40952483129809,-13169.5172566697,,,0,4,predictive_all_eligible,obi_only,long,60000,0.02,344861
2465,0.09733066876389618,1.0,-1.9026693312361038,0.02150101419878296,-90.96827309735558,-4690.079901496996,,,0,2,non_overlapping_trade_tape,obi_only,long,60000,0.02,344861
6899,0.09109765811426307,2.0,-3.908902341885737,0.003913610668212784,-322.3310311623121,-26967.5172566697,,,0,4,predictive_all_eligible,obi_only,long,60000,0.02,344861
2465,0.09733066876389618,2.0,-3.902669331236104,0.00486815415821501,-186.5900099950186,-9620.079901496996,,,0,2,non_overlapping_trade_tape,obi_only,long,60000,0.02,344861
6899,0.09109765811426307,3.0,-5.908902341885737,0.002464125235541383,-487.25253749332626,-40765.5172566697,,,0,4,predictive_all_eligible,obi_only,long,60000,0.02,344861
2465,0.09733066876389618,3.0,-5.902669331236104,0.002839756592292089,-282.2117468926816,-14550.079901496996,,,0,2,non_overlapping_trade_tape,obi_only,long,60000,0.02,344861
6899,0.09109765811426307,5.0,-9.908902341885737,0.0004348456298014205,-817.0955501553543,-68361.5172566697,,,0,4,predictive_all_eligible,obi_only,long,60000,0.02,344861
2465,0.09733066876389529,5.0,-9.902669331236105,0.00040567951318458417,-473.45522068800767,-24410.079901496996,,,0,2,non_overlapping_trade_tape,obi_only,long,60000,0.02,344861
3450,0.07698486527357162,1.0,-1.9230151347264284,0.02463768115942029,-109.3386146693968,-6634.402214806178,,,0,4,predictive_all_eligible,obi_only,long,60000,0.01,344861
1715,0.09336572256470066,1.0,-1.9066342774352993,0.026239067055393587,-77.27049016754052,-3269.8777858015383,,,0,2,non_overlapping_trade_tape,obi_only,long,60000,0.01,344861
3450,0.07698486527357185,2.0,-3.923015134726428,0.00463768115942029,-223.05442760807298,-13534.402214806178,,,0,4,predictive_all_eligible,obi_only,long,60000,0.01,344861
1715,0.09336572256470088,2.0,-3.906634277435299,0.0058309037900874635,-158.32482878090119,-6699.877785801538,,,0,2,non_overlapping_trade_tape,obi_only,long,60000,0.01,344861
3450,0.0769848652735714,3.0,-5.923015134726429,0.003188405797101449,-336.77024054674905,-20434.402214806178,,,0,4,predictive_all_eligible,obi_only,long,60000,0.01,344861
1715,0.09336572256470088,3.0,-5.906634277435299,0.004081632653061225,-239.37916739426186,-10129.877785801538,,,0,2,non_overlapping_trade_tape,obi_only,long,60000,0.01,344861
3450,0.0769848652735714,5.0,-9.923015134726429,0.0002898550724637681,-564.2018664241014,-34234.40221480618,,,0,4,predictive_all_eligible,obi_only,long,60000,0.01,344861
1715,0.0933657225647,5.0,-9.9066342774353,0.0,-401.4878446209833,-16989.87778580154,,,0,2,non_overlapping_trade_tape,obi_only,long,60000,0.01,344861
34559,0.008242022068206678,1.0,-1.9917579779317933,0.0,-8121.773495575818,-68833.16395934485,,,0,4,predictive_all_eligible,obi_only,short,250,0.1,345578
34559,0.008242022068206678,1.0,-1.9917579779317933,0.0,-8121.773495575818,-68833.16395934485,,,0,4,non_overlapping_trade_tape,obi_only,short,250,0.1,345578
34559,0.008242022068206456,2.0,-3.9917579779317935,0.0,-16277.155410008345,-137951.16395934485,,,0,4,predictive_all_eligible,obi_only,short,250,0.1,345578
34559,0.008242022068206456,2.0,-3.9917579779317935,0.0,-16277.155410008345,-137951.16395934485,,,0,4,non_overlapping_trade_tape,obi_only,short,250,0.1,345578
34559,0.0082420220682069,3.0,-5.991757977931793,0.0,-24432.537324440862,-207069.16395934485,,,0,4,predictive_all_eligible,obi_only,short,250,0.1,345578
34559,0.0082420220682069,3.0,-5.991757977931793,0.0,-24432.537324440862,-207069.16395934485,,,0,4,non_overlapping_trade_tape,obi_only,short,250,0.1,345578
34559,0.008242022068206012,5.0,-9.991757977931794,0.0,-40743.30115330591,-345305.16395934485,,,0,4,predictive_all_eligible,obi_only,short,250,0.1,345578
34559,0.008242022068206012,5.0,-9.991757977931794,0.0,-40743.30115330591,-345305.16395934485,,,0,4,non_overlapping_trade_tape,obi_only,short,250,0.1,345578
17280,0.009949452548426052,1.0,-1.990050547451574,0.0,-5248.019436070137,-34388.0734599632,,,0,4,predictive_all_eligible,obi_only,short,250,0.05,345578
17280,0.009949452548426052,1.0,-1.990050547451574,0.0,-5248.019436070137,-34388.0734599632,,,0,4,non_overlapping_trade_tape,obi_only,short,250,0.05,345578
17280,0.009949452548426052,2.0,-3.990050547451574,0.0,-10522.276859119682,-68948.0734599632,,,0,4,predictive_all_eligible,obi_only,short,250,0.05,345578
17280,0.009949452548426052,2.0,-3.990050547451574,0.0,-10522.276859119682,-68948.0734599632,,,0,4,non_overlapping_trade_tape,obi_only,short,250,0.05,345578
17280,0.009949452548426052,3.0,-5.990050547451574,0.0,-15796.534282169227,-103508.0734599632,,,0,4,predictive_all_eligible,obi_only,short,250,0.05,345578
17280,0.009949452548426052,3.0,-5.990050547451574,0.0,-15796.534282169227,-103508.0734599632,,,0,4,non_overlapping_trade_tape,obi_only,short,250,0.05,345578
17280,0.009949452548426052,5.0,-9.990050547451574,0.0,-26345.049128268314,-172628.0734599632,,,0,4,predictive_all_eligible,obi_only,short,250,0.05,345578
17280,0.009949452548426052,5.0,-9.990050547451574,0.0,-26345.049128268314,-172628.0734599632,,,0,4,non_overlapping_trade_tape,obi_only,short,250,0.05,345578
6912,0.011034497458627834,1.0,-1.9889655025413722,0.0,-2934.866438624684,-13747.729553565965,,,0,4,predictive_all_eligible,obi_only,short,250,0.02,345578
6912,0.011034497458627834,1.0,-1.9889655025413722,0.0,-2934.866438624684,-13747.729553565965,,,0,4,non_overlapping_trade_tape,obi_only,short,250,0.02,345578
6912,0.011034497458627612,2.0,-3.9889655025413724,0.0,-5886.015098442766,-27571.729553565965,,,0,4,predictive_all_eligible,obi_only,short,250,0.02,345578
6912,0.011034497458627612,2.0,-3.9889655025413724,0.0,-5886.015098442766,-27571.729553565965,,,0,4,non_overlapping_trade_tape,obi_only,short,250,0.02,345578
6912,0.011034497458627612,3.0,-5.988965502541372,0.0,-8837.16375826085,-41395.729553565965,,,0,4,predictive_all_eligible,obi_only,short,250,0.02,345578
6912,0.011034497458627612,3.0,-5.988965502541372,0.0,-8837.16375826085,-41395.729553565965,,,0,4,non_overlapping_trade_tape,obi_only,short,250,0.02,345578
6912,0.011034497458627612,5.0,-9.988965502541372,0.0,-14739.461077897013,-69043.72955356597,,,0,4,predictive_all_eligible,obi_only,short,250,0.02,345578
6912,0.011034497458627612,5.0,-9.988965502541372,0.0,-14739.461077897013,-69043.72955356597,,,0,4,non_overlapping_trade_tape,obi_only,short,250,0.02,345578
3456,0.012749764978656764,1.0,-1.9872502350213432,0.0,-1802.8964860129006,-6867.936812233762,,,0,4,predictive_all_eligible,obi_only,short,250,0.01,345578
3456,0.012749764978656764,1.0,-1.9872502350213432,0.0,-1802.8964860129006,-6867.936812233762,,,0,4,non_overlapping_trade_tape,obi_only,short,250,0.01,345578
3456,0.012749764978656764,2.0,-3.9872502350213432,0.0,-3617.359963475805,-13779.936812233762,,,0,4,predictive_all_eligible,obi_only,short,250,0.01,345578
3456,0.012749764978656764,2.0,-3.9872502350213432,0.0,-3617.359963475805,-13779.936812233762,,,0,4,non_overlapping_trade_tape,obi_only,short,250,0.01,345578
3456,0.012749764978656764,3.0,-5.987250235021343,0.0,-5431.82344093871,-20691.936812233762,,,0,4,predictive_all_eligible,obi_only,short,250,0.01,345578
3456,0.012749764978656764,3.0,-5.987250235021343,0.0,-5431.82344093871,-20691.936812233762,,,0,4,non_overlapping_trade_tape,obi_only,short,250,0.01,345578
3456,0.012749764978657652,5.0,-9.987250235021342,0.0,-9060.75039586452,-34515.93681223376,,,0,4,predictive_all_eligible,obi_only,short,250,0.01,345578
3456,0.012749764978657652,5.0,-9.987250235021342,0.0,-9060.75039586452,-34515.93681223376,,,0,4,non_overlapping_trade_tape,obi_only,short,250,0.01,345578
34559,0.023979076979425473,1.0,-1.9760209230205745,2.8936022454353425e-05,-3388.8315929125233,-68289.30707866803,,,0,4,predictive_all_eligible,obi_only,short,1000,0.1,345569
25235,0.025098558776950775,1.0,-1.9749014412230492,3.962750148603131e-05,-2774.784345243304,-49836.63786926365,,,0,3,non_overlapping_trade_tape,obi_only,short,1000,0.1,345569
34559,0.023979076979425695,2.0,-3.9760209230205743,0.0,-6818.786765383375,-137407.30707866803,,,0,4,predictive_all_eligible,obi_only,short,1000,0.1,345569
25235,0.025098558776950775,2.0,-3.9749014412230492,0.0,-5584.8327733055075,-100306.63786926365,,,0,3,non_overlapping_trade_tape,obi_only,short,1000,0.1,345569
34559,0.02397907697942525,3.0,-5.976020923020575,0.0,-10248.741937854227,-206525.30707866803,,,0,4,predictive_all_eligible,obi_only,short,1000,0.1,345569
25235,0.025098558776950775,3.0,-5.974901441223049,0.0,-8394.88120136771,-150776.63786926365,,,0,3,non_overlapping_trade_tape,obi_only,short,1000,0.1,345569
34559,0.02397907697942614,5.0,-9.976020923020574,0.0,-17108.65228279593,-344761.30707866803,,,0,4,predictive_all_eligible,obi_only,short,1000,0.1,345569
25235,0.025098558776949886,5.0,-9.97490144122305,0.0,-14014.978057492115,-251716.63786926365,,,0,3,non_overlapping_trade_tape,obi_only,short,1000,0.1,345569
17280,0.027647243191892823,1.0,-1.9723527568081072,5.787037037037037e-05,-2217.1922726720636,-34082.25563764409,,,0,4,predictive_all_eligible,obi_only,short,1000,0.05,345569
13762,0.02810903115991925,1.0,-1.9718909688400807,7.266385699752942e-05,-1918.7524784716884,-27137.16351317719,,,0,4,non_overlapping_trade_tape,obi_only,short,1000,0.05,345569
17280,0.027647243191892823,2.0,-3.972352756808107,0.0,-4465.463800185413,-68642.25563764409,,,0,4,predictive_all_eligible,obi_only,short,1000,0.05,345569
13762,0.02810903115991925,2.0,-3.9718909688400807,0.0,-3864.8565063230353,-54661.16351317719,,,0,4,non_overlapping_trade_tape,obi_only,short,1000,0.05,345569
17280,0.027647243191893267,3.0,-5.972352756808107,0.0,-6713.735327698761,-103202.25563764409,,,0,4,predictive_all_eligible,obi_only,short,1000,0.05,345569
13762,0.028109031159919695,3.0,-5.97189096884008,0.0,-5810.960534174383,-82185.16351317719,,,0,4,non_overlapping_trade_tape,obi_only,short,1000,0.05,345569
17280,0.027647243191893267,5.0,-9.972352756808107,0.0,-11210.278382725459,-172322.2556376441,,,0,4,predictive_all_eligible,obi_only,short,1000,0.05,345569
13762,0.028109031159919695,5.0,-9.97189096884008,0.0,-9703.168589877077,-137233.1635131772,,,0,4,non_overlapping_trade_tape,obi_only,short,1000,0.05,345569
6912,0.027998155905034183,1.0,-1.9720018440949658,0.0,-1275.8168382699348,-13630.476746384404,,,0,4,predictive_all_eligible,obi_only,short,1000,0.02,345569
6013,0.028031461125751056,1.0,-1.971968538874249,0.0,-1149.505404434847,-11857.44682425086,,,0,4,non_overlapping_trade_tape,obi_only,short,1000,0.02,345569
6912,0.027998155905034405,2.0,-3.9720018440949656,0.0,-2569.747512919441,-27454.476746384404,,,0,4,predictive_all_eligible,obi_only,short,1000,0.02,345569
6013,0.028031461125750834,2.0,-3.971968538874249,0.0,-2315.350986424784,-23883.44682425086,,,0,4,non_overlapping_trade_tape,obi_only,short,1000,0.02,345569
6912,0.02799815590503396,3.0,-5.972001844094966,0.0,-3863.678187568946,-41278.476746384404,,,0,4,predictive_all_eligible,obi_only,short,1000,0.02,345569
6013,0.028031461125751278,3.0,-5.971968538874249,0.0,-3481.19656841472,-35909.44682425086,,,0,4,non_overlapping_trade_tape,obi_only,short,1000,0.02,345569
6912,0.02799815590503485,5.0,-9.972001844094965,0.0,-6451.539536867959,-68926.4767463844,,,0,4,predictive_all_eligible,obi_only,short,1000,0.02,345569
6013,0.028031461125751278,5.0,-9.971968538874249,0.0,-5812.8877323945935,-59961.44682425086,,,0,4,non_overlapping_trade_tape,obi_only,short,1000,0.02,345569
3457,0.028064231748393897,1.0,-1.971935768251606,0.0,-804.1964060405778,-6816.981950845802,,,0,4,predictive_all_eligible,obi_only,short,1000,0.01,345569
3166,0.02907797913479615,1.0,-1.9709220208652038,0.0,-755.9410551809449,-6239.939118059236,,,0,4,non_overlapping_trade_tape,obi_only,short,1000,0.01,345569
3457,0.028064231748393897,2.0,-3.971935768251606,0.0,-1619.8379892891123,-13730.981950845802,,,0,4,predictive_all_eligible,obi_only,short,1000,0.01,345569
3166,0.029077979134795928,2.0,-3.970922020865204,0.0,-1523.0348794704505,-12571.939118059236,,,0,4,non_overlapping_trade_tape,obi_only,short,1000,0.01,345569
3457,0.02806423174839434,3.0,-5.971935768251606,0.0,-2435.479572537647,-20644.981950845802,,,0,4,predictive_all_eligible,obi_only,short,1000,0.01,345569
3166,0.029077979134796372,3.0,-5.970922020865204,0.0,-2290.1287037599554,-18903.939118059236,,,0,4,non_overlapping_trade_tape,obi_only,short,1000,0.01,345569
3457,0.028064231748393453,5.0,-9.971935768251607,0.0,-4066.762739034716,-34472.9819508458,,,0,4,predictive_all_eligible,obi_only,short,1000,0.01,345569
3166,0.029077979134795484,5.0,-9.970922020865205,0.0,-3824.3163523389667,-31567.939118059236,,,0,4,non_overlapping_trade_tape,obi_only,short,1000,0.01,345569
34553,0.03757705168414316,1.0,-1.9624229483158568,0.0007814082713512575,-1355.8728278123913,-67807.6001331578,,,0,4,predictive_all_eligible,obi_only,short,5000,0.1,345521
16375,0.038093731020157895,1.0,-1.961906268979842,0.0010381679389312977,-864.1564967283838,-32126.215154544916,,,0,2,non_overlapping_trade_tape,obi_only,short,5000,0.1,345521
34553,0.03757705168414338,2.0,-3.9624229483158566,0.00011576418834833445,-2737.7083072394903,-136913.6001331578,,,0,4,predictive_all_eligible,obi_only,short,5000,0.1,345521
16375,0.03809373102015767,2.0,-3.9619062689798423,0.00012213740458015266,-1745.0920545496353,-64876.215154544916,,,0,2,non_overlapping_trade_tape,obi_only,short,5000,0.1,345521
34553,0.03757705168414294,3.0,-5.962422948315857,5.788209417416722e-05,-4119.54378666659,-206019.6001331578,,,0,4,predictive_all_eligible,obi_only,short,5000,0.1,345521
16375,0.03809373102015812,3.0,-5.961906268979842,0.00012213740458015266,-2626.027612370887,-97626.21515454492,,,0,2,non_overlapping_trade_tape,obi_only,short,5000,0.1,345521
34553,0.037577051684143825,5.0,-9.962422948315856,0.0,-6883.214745520787,-344231.6001331578,,,0,4,predictive_all_eligible,obi_only,short,5000,0.1,345521
16375,0.03809373102015812,5.0,-9.961906268979842,0.0,-4387.89872801339,-163126.21515454492,,,0,2,non_overlapping_trade_tape,obi_only,short,5000,0.1,345521
17278,0.041468248417099396,1.0,-1.9585317515829006,0.0011575413821044102,-883.3347919560813,-33839.51160384936,,,0,4,predictive_all_eligible,obi_only,short,5000,0.05,345521
10173,0.04138977686521139,1.0,-1.9586102231347886,0.0012778924604344834,-662.6344890110371,-19924.941799950204,,,0,3,non_overlapping_trade_tape,obi_only,short,5000,0.05,345521
17278,0.041468248417099396,2.0,-3.9585317515829006,0.00011575413821044102,-1785.372546761091,-68395.51160384936,,,0,4,predictive_all_eligible,obi_only,short,5000,0.05,345521
10173,0.04138977686521139,2.0,-3.9586102231347886,9.82994200334218e-05,-1339.2719140424244,-40270.941799950204,,,0,3,non_overlapping_trade_tape,obi_only,short,5000,0.05,345521
17278,0.041468248417099396,3.0,-5.958531751582901,5.787706910522051e-05,-2687.4103015661003,-102951.51160384936,,,0,4,predictive_all_eligible,obi_only,short,5000,0.05,345521
10173,0.041389776865211836,3.0,-5.958610223134788,9.82994200334218e-05,-2015.9093390738117,-60616.941799950204,,,0,3,non_overlapping_trade_tape,obi_only,short,5000,0.05,345521
17278,0.04146824841709851,5.0,-9.958531751582901,0.0,-4491.48581117612,-172063.51160384936,,,0,4,predictive_all_eligible,obi_only,short,5000,0.05,345521
10173,0.04138977686521095,5.0,-9.958610223134789,0.0,-3369.1841891365866,-101308.9417999502,,,0,3,non_overlapping_trade_tape,obi_only,short,5000,0.05,345521
6912,0.03667042996148995,1.0,-1.96332957003851,0.0010127314814814814,-526.0621509519947,-13570.533988106181,,,0,4,predictive_all_eligible,obi_only,short,5000,0.02,345521
5066,0.03700128182684903,1.0,-1.962998718173151,0.0011843663639952626,-455.4305029194248,-9944.551506265183,,,0,3,non_overlapping_trade_tape,obi_only,short,5000,0.02,345521
6912,0.03667042996148995,2.0,-3.96332957003851,0.0,-1061.94991934299,-27394.53398810618,,,0,4,predictive_all_eligible,obi_only,short,5000,0.02,345521
5066,0.03700128182684903,2.0,-3.962998718173151,0.0,-919.4455821990155,-20076.551506265183,,,0,3,non_overlapping_trade_tape,obi_only,short,5000,0.02,345521
6912,0.03667042996149039,3.0,-5.96332957003851,0.0,-1597.8376877339851,-41218.53398810618,,,0,4,predictive_all_eligible,obi_only,short,5000,0.02,345521
5066,0.03700128182684903,3.0,-5.962998718173151,0.0,-1383.4606614786062,-30208.551506265183,,,0,3,non_overlapping_trade_tape,obi_only,short,5000,0.02,345521
6912,0.036670429961489504,5.0,-9.96332957003851,0.0,-2669.613224515976,-68866.53398810618,,,0,4,predictive_all_eligible,obi_only,short,5000,0.02,345521
5066,0.03700128182684814,5.0,-9.962998718173152,0.0,-2311.4908200377877,-50472.55150626518,,,0,3,non_overlapping_trade_tape,obi_only,short,5000,0.02,345521
3457,0.03184739228939182,1.0,-1.9681526077106082,0.0017356089094590686,-318.4101600717354,-6803.903564855573,,,0,4,predictive_all_eligible,obi_only,short,5000,0.01,345521
2844,0.034254499474908995,1.0,-1.965745500525091,0.0017580872011251757,-302.6709751484166,-5590.580203493359,,,0,4,non_overlapping_trade_tape,obi_only,short,5000,0.01,345521
3457,0.031847392289391596,2.0,-3.9681526077106084,0.0,-641.9726306081192,-13717.903564855573,,,0,4,predictive_all_eligible,obi_only,short,5000,0.01,345521
2844,0.03425449947490922,2.0,-3.965745500525091,0.0,-610.6162051566419,-11278.580203493359,,,0,4,non_overlapping_trade_tape,obi_only,short,5000,0.01,345521
3457,0.03184739228939204,3.0,-5.968152607710608,0.0,-965.5351011445028,-20631.903564855573,,,0,4,predictive_all_eligible,obi_only,short,5000,0.01,345521
2844,0.03425449947490922,3.0,-5.965745500525091,0.0,-918.5614351648671,-16966.58020349336,,,0,4,non_overlapping_trade_tape,obi_only,short,5000,0.01,345521
3457,0.03184739228939115,5.0,-9.968152607710609,0.0,-1612.6600422172708,-34459.90356485557,,,0,4,predictive_all_eligible,obi_only,short,5000,0.01,345521
2844,0.03425449947490833,5.0,-9.965745500525092,0.0,-1534.4518951813177,-28342.58020349336,,,0,4,non_overlapping_trade_tape,obi_only,short,5000,0.01,345521
34547,0.03625779963548603,1.0,-1.963742200364514,0.0018236026283034706,-926.9767048238775,-67841.40179599286,,,0,4,predictive_all_eligible,obi_only,short,10000,0.1,345461
12483,0.036432987966981356,1.0,-1.9635670120330186,0.0018425058078987422,-533.6972808190325,-24511.20701120817,,,0,2,non_overlapping_trade_tape,obi_only,short,10000,0.1,345461
34547,0.036257799635486254,2.0,-3.9637422003645137,0.00020262251425594117,-1871.0687599335656,-136935.40179599286,,,0,4,predictive_all_eligible,obi_only,short,10000,0.1,345461
12483,0.03643298796698158,2.0,-3.9635670120330184,0.0002403268445085316,-1077.2970434433375,-49477.20701120817,,,0,2,non_overlapping_trade_tape,obi_only,short,10000,0.1,345461
34547,0.03625779963548581,3.0,-5.963742200364514,8.683822039540337e-05,-2815.160815043254,-206029.40179599286,,,0,4,predictive_all_eligible,obi_only,short,10000,0.1,345461
12483,0.03643298796698158,3.0,-5.963567012033018,8.010894816951053e-05,-1620.8968060676427,-74443.20701120817,,,0,2,non_overlapping_trade_tape,obi_only,short,10000,0.1,345461
34547,0.03625779963548581,5.0,-9.963742200364514,0.0,-4703.34492526263,-344217.40179599286,,,0,4,predictive_all_eligible,obi_only,short,10000,0.1,345461
12483,0.03643298796698069,5.0,-9.96356701203302,0.0,-2708.0963313162533,-124375.20701120817,,,0,2,non_overlapping_trade_tape,obi_only,short,10000,0.1,345461
17274,0.04029704873882012,1.0,-1.9597029512611799,0.002489290262822739,-602.8424327597061,-33851.90878008562,,,0,4,predictive_all_eligible,obi_only,short,10000,0.05,345461
8329,0.04003410158443632,1.0,-1.9599658984155637,0.003121623244086925,-402.19919319774243,-16324.55596790323,,,0,2,non_overlapping_trade_tape,obi_only,short,10000,0.05,345461
17274,0.040297048738819896,2.0,-3.95970295126118,0.000289452356142179,-1218.0810150884645,-68399.90878008562,,,0,4,predictive_all_eligible,obi_only,short,10000,0.05,345461
8329,0.04003410158443632,2.0,-3.9599658984155637,0.0003601872973946452,-812.6136739015957,-32982.55596790323,,,0,2,non_overlapping_trade_tape,obi_only,short,10000,0.05,345461
17274,0.040297048738819896,3.0,-5.95970295126118,0.0001736714136853074,-1833.319597417223,-102947.90878008562,,,0,4,predictive_all_eligible,obi_only,short,10000,0.05,345461
8329,0.04003410158443632,3.0,-5.959965898415564,0.00024012486492976348,-1223.0281546054491,-49640.55596790323,,,0,2,non_overlapping_trade_tape,obi_only,short,10000,0.05,345461
17274,0.040297048738819896,5.0,-9.95970295126118,0.0,-3063.7967620747395,-172043.90878008562,,,0,4,predictive_all_eligible,obi_only,short,10000,0.05,345461
8329,0.04003410158443543,5.0,-9.959965898415565,0.0,-2043.8571160131557,-82956.55596790323,,,0,2,non_overlapping_trade_tape,obi_only,short,10000,0.05,345461
6911,0.03510770187182932,1.0,-1.9648922981281707,0.0021704529011720448,-342.65077443305086,-13579.370672363788,,,0,4,predictive_all_eligible,obi_only,short,10000,0.02,345461
4451,0.032335560864177104,1.0,-1.967664439135823,0.001797348910357223,-273.54810502686354,-8758.074418593547,,,0,3,non_overlapping_trade_tape,obi_only,short,10000,0.02,345461
6911,0.0351077018718291,2.0,-3.964892298128171,0.0,-691.4238596138243,-27401.370672363788,,,0,4,predictive_all_eligible,obi_only,short,10000,0.02,345461
4451,0.032335560864177104,2.0,-3.967664439135823,0.0,-551.5915555117471,-17660.074418593547,,,0,3,non_overlapping_trade_tape,obi_only,short,10000,0.02,345461
6911,0.0351077018718291,3.0,-5.964892298128171,0.0,-1040.1969447945976,-41223.37067236379,,,0,4,predictive_all_eligible,obi_only,short,10000,0.02,345461
4451,0.032335560864177104,3.0,-5.967664439135823,0.0,-829.6350059966304,-26562.074418593547,,,0,3,non_overlapping_trade_tape,obi_only,short,10000,0.02,345461
6911,0.03510770187182999,5.0,-9.96489229812817,0.0,-1737.7431151561439,-68867.37067236379,,,0,4,predictive_all_eligible,obi_only,short,10000,0.02,345461
4451,0.03233556086417799,5.0,-9.967664439135822,0.0,-1385.7219069663972,-44366.07441859355,,,0,3,non_overlapping_trade_tape,obi_only,short,10000,0.02,345461
3456,0.02982145799254532,1.0,-1.9701785420074547,0.003761574074074074,-201.56590442085977,-6808.937041177764,,,0,4,predictive_all_eligible,obi_only,short,10000,0.01,345461
2608,0.0286141773657691,1.0,-1.971385822634231,0.003834355828220859,-177.02704796459292,-5141.374225430074,,,0,4,non_overlapping_trade_tape,obi_only,short,10000,0.01,345461
3456,0.02982145799254532,2.0,-3.9701785420074547,0.0,-406.1827958579985,-13720.937041177764,,,0,4,predictive_all_eligible,obi_only,short,10000,0.01,345461
2608,0.028614177365769322,2.0,-3.9713858226342307,0.0,-356.62359972232395,-10357.374225430074,,,0,4,non_overlapping_trade_tape,obi_only,short,10000,0.01,345461
3456,0.02982145799254532,3.0,-5.970178542007455,0.0,-610.7996872951371,-20632.937041177764,,,0,4,predictive_all_eligible,obi_only,short,10000,0.01,345461
2608,0.028614177365769322,3.0,-5.971385822634231,0.0,-536.220151480055,-15573.374225430074,,,0,4,non_overlapping_trade_tape,obi_only,short,10000,0.01,345461
3456,0.02982145799254532,5.0,-9.970178542007455,0.0,-1020.0334701694145,-34456.93704117776,,,0,4,predictive_all_eligible,obi_only,short,10000,0.01,345461
2608,0.028614177365769322,5.0,-9.97138582263423,0.0,-895.4132549955171,-26005.374225430074,,,0,4,non_overlapping_trade_tape,obi_only,short,10000,0.01,345461
34523,0.03198004383113817,1.0,-1.9680199561688618,0.007589143469571011,-556.8618767696613,-67941.95294681762,,,0,4,predictive_all_eligible,obi_only,short,30000,0.1,345221
6854,0.029264857352653273,1.0,-1.9707351426473467,0.00685730960023344,-228.265261187848,-13507.418667704915,,,0,1,non_overlapping_trade_tape,obi_only,short,30000,0.1,345221
34523,0.03198004383113817,2.0,-3.968019956168862,0.0012745126437447498,-1122.772679680118,-136987.95294681762,,,0,4,predictive_all_eligible,obi_only,short,30000,0.1,345221
6854,0.029264857352653273,2.0,-3.9707351426473467,0.0010213014298220018,-459.92019669705354,-27215.418667704915,,,0,1,non_overlapping_trade_tape,obi_only,short,30000,0.1,345221
34523,0.03198004383113773,3.0,-5.968019956168862,0.00043449294673116474,-1688.683482590575,-206033.95294681762,,,0,4,predictive_all_eligible,obi_only,short,30000,0.1,345221
6854,0.029264857352653273,3.0,-5.970735142647347,0.0007295010213014298,-691.575132206259,-40923.418667704915,,,0,1,non_overlapping_trade_tape,obi_only,short,30000,0.1,345221
34523,0.031980043831138616,5.0,-9.968019956168861,5.793239289748863e-05,-2820.505088411489,-344125.9529468176,,,0,4,predictive_all_eligible,obi_only,short,30000,0.1,345221
6854,0.029264857352652385,5.0,-9.970735142647348,0.00014590020426028595,-1154.88500322467,-68339.41866770491,,,0,1,non_overlapping_trade_tape,obi_only,short,30000,0.1,345221
17262,0.03643717560241799,1.0,-1.963562824397582,0.008631676514888194,-377.664551302967,-33895.02147475106,,,0,4,predictive_all_eligible,obi_only,short,30000,0.05,345221
5253,0.023346876935625094,1.0,-1.976653123064375,0.006662859318484675,-210.9934015183026,-10383.358855457162,,,0,2,non_overlapping_trade_tape,obi_only,short,30000,0.05,345221
17262,0.03643717560241777,2.0,-3.9635628243975822,0.001737921445950643,-762.3372967944019,-68419.02147475106,,,0,4,predictive_all_eligible,obi_only,short,30000,0.05,345221
5253,0.023346876935625094,2.0,-3.976653123064375,0.0009518370454978108,-424.4789130188766,-20889.35885545716,,,0,2,non_overlapping_trade_tape,obi_only,short,30000,0.05,345221
17262,0.036437175602418215,3.0,-5.963562824397582,0.0005213764337851929,-1147.0100422858368,-102943.02147475106,,,0,4,predictive_all_eligible,obi_only,short,30000,0.05,345221
5253,0.02334687693562465,3.0,-5.976653123064375,0.00019036740909956216,-637.9644245194506,-31395.35885545716,,,0,2,non_overlapping_trade_tape,obi_only,short,30000,0.05,345221
17262,0.03643717560241733,5.0,-9.963562824397583,5.7930714865021436e-05,-1916.355533268707,-171991.02147475106,,,0,4,predictive_all_eligible,obi_only,short,30000,0.05,345221
5253,0.02334687693562465,5.0,-9.976653123064375,0.0,-1064.9354475205987,-52407.35885545716,,,0,2,non_overlapping_trade_tape,obi_only,short,30000,0.05,345221
6906,0.03768144359360304,1.0,-1.962318556406397,0.010860121633362294,-219.30957436337664,-13551.771950542578,,,0,4,predictive_all_eligible,obi_only,short,30000,0.02,345221
3268,0.021860078184469556,1.0,-1.9781399218155304,0.00795593635250918,-153.7116698098441,-6464.561264493153,,,0,2,non_overlapping_trade_tape,obi_only,short,30000,0.02,345221
6906,0.037681443593602815,2.0,-3.962318556406397,0.0024616275702287866,-442.83044323290335,-27363.771950542578,,,0,4,predictive_all_eligible,obi_only,short,30000,0.02,345221
3268,0.021860078184469778,2.0,-3.9781399218155302,0.0012239902080783353,-309.121980389662,-13000.561264493153,,,0,2,non_overlapping_trade_tape,obi_only,short,30000,0.02,345221
6906,0.037681443593602815,3.0,-5.962318556406397,0.0005792064871126556,-666.35131210243,-41175.77195054258,,,0,4,predictive_all_eligible,obi_only,short,30000,0.02,345221
3268,0.021860078184469778,3.0,-5.97813992181553,0.0003059975520195838,-464.5322909694798,-19536.561264493153,,,0,2,non_overlapping_trade_tape,obi_only,short,30000,0.02,345221
6906,0.0376814435936037,5.0,-9.962318556406396,0.0,-1113.3930498414834,-68799.77195054258,,,0,4,predictive_all_eligible,obi_only,short,30000,0.02,345221
3268,0.02186007818446889,5.0,-9.978139921815531,0.0,-775.3529121291157,-32608.561264493153,,,0,2,non_overlapping_trade_tape,obi_only,short,30000,0.02,345221
3455,0.03913352541388293,1.0,-1.960866474586117,0.013024602026049204,-140.51036044745234,-6774.793669695035,,,0,4,predictive_all_eligible,obi_only,short,30000,0.01,345221
2097,0.009545145675632805,1.0,-1.9904548543243672,0.00715307582260372,-111.70406461232395,-4173.983829518198,,,0,3,non_overlapping_trade_tape,obi_only,short,30000,0.01,345221
3455,0.03913352541388271,2.0,-3.9608664745861173,0.0031837916063675834,-283.82492293147874,-13684.793669695035,,,0,4,predictive_all_eligible,obi_only,short,30000,0.01,345221
2097,0.009545145675632583,2.0,-3.9904548543243674,0.001430615164520744,-223.94380154445386,-8367.983829518198,,,0,3,non_overlapping_trade_tape,obi_only,short,30000,0.01,345221
3455,0.03913352541388271,3.0,-5.960866474586117,0.0008683068017366136,-427.1394854155052,-20594.793669695035,,,0,4,predictive_all_eligible,obi_only,short,30000,0.01,345221
2097,0.009545145675632583,3.0,-5.990454854324367,0.0004768717215069146,-336.18353847658375,-12561.983829518198,,,0,3,non_overlapping_trade_tape,obi_only,short,30000,0.01,345221
3455,0.03913352541388271,5.0,-9.960866474586117,0.0,-713.768610383558,-34414.793669695035,,,0,4,predictive_all_eligible,obi_only,short,30000,0.01,345221
2097,0.009545145675632583,5.0,-9.990454854324367,0.0,-560.6630123408435,-20949.983829518198,,,0,3,non_overlapping_trade_tape,obi_only,short,30000,0.01,345221
34487,0.017182226519968813,1.0,-1.9828177734800312,0.014556209586220895,-395.04812776248804,-68381.43655400584,,,0,4,predictive_all_eligible,obi_only,short,60000,0.1,344861
4208,0.022589770476756588,1.0,-1.9774102295232434,0.015209125475285171,-141.44778921486747,-8320.942245833809,,,0,1,non_overlapping_trade_tape,obi_only,short,60000,0.1,344861
34487,0.017182226519969035,2.0,-3.982817773480031,0.002957636210746078,-793.5195688058487,-137355.43655400584,,,0,4,predictive_all_eligible,obi_only,short,60000,0.1,344861
4208,0.022589770476756588,2.0,-3.9774102295232434,0.0019011406844106464,-284.51146624355437,-16736.94224583381,,,0,1,non_overlapping_trade_tape,obi_only,short,60000,0.1,344861
34487,0.017182226519969035,3.0,-5.982817773480031,0.0010438716037927335,-1191.9910098492094,-206329.43655400584,,,0,4,predictive_all_eligible,obi_only,short,60000,0.1,344861
4208,0.022589770476756144,3.0,-5.977410229523244,0.0009505703422053232,-427.57514327224135,-25152.94224583381,,,0,1,non_overlapping_trade_tape,obi_only,short,60000,0.1,344861
34487,0.017182226519969035,5.0,-9.982817773480031,0.00037695363470293156,-1988.9338919359307,-344277.43655400584,,,0,4,predictive_all_eligible,obi_only,short,60000,0.1,344861
4208,0.022589770476756144,5.0,-9.977410229523244,0.0002376425855513308,-713.7024973296152,-41984.94224583381,,,0,1,non_overlapping_trade_tape,obi_only,short,60000,0.1,344861
17244,0.022382353602232063,1.0,-1.977617646397768,0.015599628856413824,-263.57034996734325,-34102.03869448311,,,0,4,predictive_all_eligible,obi_only,short,60000,0.05,344861
3507,0.02906414120463241,1.0,-1.9709358587953676,0.015968063872255488,-129.61832115394407,-6912.072056795354,,,0,1,non_overlapping_trade_tape,obi_only,short,60000,0.05,344861
17244,0.02238235360223184,2.0,-3.977617646397768,0.003711435861749014,-530.1237461179458,-68590.03869448311,,,0,4,predictive_all_eligible,obi_only,short,60000,0.05,344861
3507,0.02906414120463241,2.0,-3.9709358587953676,0.0025662959794696323,-261.14804149011627,-13926.072056795354,,,0,1,non_overlapping_trade_tape,obi_only,short,60000,0.05,344861
17244,0.022382353602232286,3.0,-5.977617646397768,0.0012758060774762236,-796.6771422685484,-103078.03869448311,,,0,4,predictive_all_eligible,obi_only,short,60000,0.05,344861
3507,0.029064141204632854,3.0,-5.970935858795367,0.000855431993156544,-392.6777618262885,-20940.072056795354,,,0,1,non_overlapping_trade_tape,obi_only,short,60000,0.05,344861
17244,0.022382353602232286,5.0,-9.977617646397768,0.00046392948271862676,-1329.7839345697537,-172054.0386944831,,,0,4,predictive_all_eligible,obi_only,short,60000,0.05,344861
3507,0.029064141204631966,5.0,-9.970935858795368,0.0,-655.737202498633,-34968.072056795354,,,0,1,non_overlapping_trade_tape,obi_only,short,60000,0.05,344861
6899,0.019352110413545454,1.0,-1.9806478895864545,0.019713001884331064,-151.06191272244305,-13664.48979025695,,,0,4,predictive_all_eligible,obi_only,short,60000,0.02,344861
2418,-0.014010228070767905,1.0,-2.014010228070768,0.015715467328370553,-102.38302886777487,-4869.876731475117,,,0,2,non_overlapping_trade_tape,obi_only,short,60000,0.02,344861
6899,0.019352110413545454,2.0,-3.9806478895864545,0.004203507754747065,-303.5997903701291,-27462.48979025695,,,0,4,predictive_all_eligible,obi_only,short,60000,0.02,344861
2418,-0.014010228070767461,2.0,-4.0140102280707675,0.0037220843672456576,-204.05384209482406,-9705.876731475117,,,0,2,non_overlapping_trade_tape,obi_only,short,60000,0.02,344861
6899,0.019352110413545454,3.0,-5.9806478895864545,0.0014494854326714017,-456.13766801781503,-41260.48979025695,,,0,4,predictive_all_eligible,obi_only,short,60000,0.02,344861
2418,-0.014010228070767461,3.0,-6.0140102280707675,0.0008271298593879239,-305.7246553218733,-14541.876731475117,,,0,2,non_overlapping_trade_tape,obi_only,short,60000,0.02,344861
6899,0.019352110413544565,5.0,-9.980647889586455,0.0005797941730685607,-761.2134233131871,-68856.48979025695,,,0,4,predictive_all_eligible,obi_only,short,60000,0.02,344861
2418,-0.014010228070768349,5.0,-10.014010228070768,0.0,-509.0662817759716,-24213.876731475117,,,0,2,non_overlapping_trade_tape,obi_only,short,60000,0.02,344861
3450,0.018956036375383345,1.0,-1.9810439636246167,0.022028985507246378,-94.63927439227126,-6834.601674504927,,,0,4,predictive_all_eligible,obi_only,short,60000,0.01,344861
1671,-0.014480060974123798,1.0,-2.014480060974124,0.017354877318970677,-82.61901702913397,-3366.1961818877608,,,0,2,non_overlapping_trade_tape,obi_only,short,60000,0.01,344861
3450,0.018956036375383345,2.0,-3.9810439636246167,0.00608695652173913,-190.18412461267175,-13734.601674504927,,,0,4,predictive_all_eligible,obi_only,short,60000,0.01,344861
1671,-0.014480060974123354,2.0,-4.014480060974123,0.002992220227408737,-164.64416945400595,-6708.196181887761,,,0,2,non_overlapping_trade_tape,obi_only,short,60000,0.01,344861
3450,0.01895603637538379,3.0,-5.981043963624616,0.002318840579710145,-285.72897483307224,-20634.601674504927,,,0,4,predictive_all_eligible,obi_only,short,60000,0.01,344861
1671,-0.014480060974123354,3.0,-6.014480060974123,0.0011968880909634949,-246.66932187887795,-10050.19618188776,,,0,2,non_overlapping_trade_tape,obi_only,short,60000,0.01,344861
3450,0.01895603637538379,5.0,-9.981043963624616,0.0008695652173913044,-476.81867527387317,-34434.60167450493,,,0,4,predictive_all_eligible,obi_only,short,60000,0.01,344861
1671,-0.014480060974124243,5.0,-10.014480060974124,0.0005984440454817474,-410.71962672862196,-16734.19618188776,,,0,2,non_overlapping_trade_tape,obi_only,short,60000,0.01,344861
34559,0.007067257554981055,1.0,-1.992932742445019,0.0,-6765.613550180051,-68873.76264615741,,,0,4,predictive_all_eligible,linear,long,250,0.1,345578
34559,0.007067257554981055,1.0,-1.992932742445019,0.0,-6765.613550180051,-68873.76264615741,,,0,4,non_overlapping_trade_tape,linear,long,250,0.1,345578
34559,0.007067257554981055,2.0,-3.992932742445019,0.0,-13555.219045726975,-137991.7626461574,,,0,4,predictive_all_eligible,linear,long,250,0.1,345578
34559,0.007067257554981055,2.0,-3.992932742445019,0.0,-13555.219045726975,-137991.7626461574,,,0,4,non_overlapping_trade_tape,linear,long,250,0.1,345578
34559,0.007067257554981055,3.0,-5.992932742445019,0.0,-20344.824541273898,-207109.7626461574,,,0,4,predictive_all_eligible,linear,long,250,0.1,345578
34559,0.007067257554981055,3.0,-5.992932742445019,0.0,-20344.824541273898,-207109.7626461574,,,0,4,non_overlapping_trade_tape,linear,long,250,0.1,345578
34559,0.007067257554981055,5.0,-9.992932742445019,0.0,-33924.03553236774,-345345.7626461574,,,0,4,predictive_all_eligible,linear,long,250,0.1,345578
34559,0.007067257554981055,5.0,-9.992932742445019,0.0,-33924.03553236774,-345345.7626461574,,,0,4,non_overlapping_trade_tape,linear,long,250,0.1,345578
17280,0.008057848608048035,1.0,-1.991942151391952,0.0,-4029.2919208899657,-34420.76037605293,,,0,4,predictive_all_eligible,linear,long,250,0.05,345578
17280,0.008057848608048035,1.0,-1.991942151391952,0.0,-4029.2919208899657,-34420.76037605293,,,0,4,non_overlapping_trade_tape,linear,long,250,0.05,345578
17280,0.008057848608047813,2.0,-3.991942151391952,0.0,-8074.883222900749,-68980.76037605293,,,0,4,predictive_all_eligible,linear,long,250,0.05,345578
17280,0.008057848608047813,2.0,-3.991942151391952,0.0,-8074.883222900749,-68980.76037605293,,,0,4,non_overlapping_trade_tape,linear,long,250,0.05,345578
17280,0.008057848608047813,3.0,-5.991942151391952,0.0,-12120.474524911533,-103540.76037605293,,,0,4,predictive_all_eligible,linear,long,250,0.05,345578
17280,0.008057848608047813,3.0,-5.991942151391952,0.0,-12120.474524911533,-103540.76037605293,,,0,4,non_overlapping_trade_tape,linear,long,250,0.05,345578
17280,0.008057848608048701,5.0,-9.991942151391951,0.0,-20211.6571289331,-172660.76037605293,,,0,4,predictive_all_eligible,linear,long,250,0.05,345578
17280,0.008057848608048701,5.0,-9.991942151391951,0.0,-20211.6571289331,-172660.76037605293,,,0,4,non_overlapping_trade_tape,linear,long,250,0.05,345578
6912,0.008317040675744236,1.0,-1.9916829593242558,0.0,-2014.1609549209848,-13766.512614849256,,,0,4,predictive_all_eligible,linear,long,250,0.02,345578
6912,0.008317040675744236,1.0,-1.9916829593242558,0.0,-2014.1609549209848,-13766.512614849256,,,0,4,non_overlapping_trade_tape,linear,long,250,0.02,345578
6912,0.008317040675744014,2.0,-3.991682959324256,0.0,-4036.7328160613297,-27590.512614849256,,,0,4,predictive_all_eligible,linear,long,250,0.02,345578
6912,0.008317040675744014,2.0,-3.991682959324256,0.0,-4036.7328160613297,-27590.512614849256,,,0,4,non_overlapping_trade_tape,linear,long,250,0.02,345578
6912,0.008317040675744458,3.0,-5.9916829593242555,0.0,-6059.304677201674,-41414.512614849256,,,0,4,predictive_all_eligible,linear,long,250,0.02,345578
6912,0.008317040675744458,3.0,-5.9916829593242555,0.0,-6059.304677201674,-41414.512614849256,,,0,4,non_overlapping_trade_tape,linear,long,250,0.02,345578
6912,0.00831704067574357,5.0,-9.991682959324256,0.0,-10104.448399482362,-69062.51261484926,,,0,4,predictive_all_eligible,linear,long,250,0.02,345578
6912,0.00831704067574357,5.0,-9.991682959324256,0.0,-10104.448399482362,-69062.51261484926,,,0,4,non_overlapping_trade_tape,linear,long,250,0.02,345578
3456,0.007182181263050147,1.0,-1.9928178187369499,0.0,-1212.6195342326864,-6887.178381554899,,,0,4,predictive_all_eligible,linear,long,250,0.01,345578
3456,0.007182181263050147,1.0,-1.9928178187369499,0.0,-1212.6195342326864,-6887.178381554899,,,0,4,non_overlapping_trade_tape,linear,long,250,0.01,345578
3456,0.007182181263050147,2.0,-3.99281781873695,0.0,-2429.6093893326833,-13799.178381554899,,,0,4,predictive_all_eligible,linear,long,250,0.01,345578
3456,0.007182181263050147,2.0,-3.99281781873695,0.0,-2429.6093893326833,-13799.178381554899,,,0,4,non_overlapping_trade_tape,linear,long,250,0.01,345578
3456,0.007182181263050147,3.0,-5.99281781873695,0.0,-3646.5992444326807,-20711.1783815549,,,0,4,predictive_all_eligible,linear,long,250,0.01,345578
3456,0.007182181263050147,3.0,-5.99281781873695,0.0,-3646.5992444326807,-20711.1783815549,,,0,4,non_overlapping_trade_tape,linear,long,250,0.01,345578
3456,0.007182181263049259,5.0,-9.99281781873695,0.0,-6080.578954632675,-34535.1783815549,,,0,4,predictive_all_eligible,linear,long,250,0.01,345578
3456,0.007182181263049259,5.0,-9.99281781873695,0.0,-6080.578954632675,-34535.1783815549,,,0,4,non_overlapping_trade_tape,linear,long,250,0.01,345578
34559,0.023448516028740762,1.0,-1.9765514839712592,0.0002314881796348274,-2646.5491284757677,-68307.64273456275,,,0,4,predictive_all_eligible,linear,long,1000,0.1,345569
27203,0.02311018513538632,1.0,-1.9768898148646137,0.00018380325699371392,-2600.3172319749638,-53777.333633762086,,,0,4,non_overlapping_trade_tape,linear,long,1000,0.1,345569
34559,0.023448516028740762,2.0,-3.9765514839712592,2.8936022454353425e-05,-5324.495187496055,-137425.64273456275,,,0,4,predictive_all_eligible,linear,long,1000,0.1,345569
27203,0.02311018513538654,2.0,-3.9768898148646135,0.0,-5231.032623821975,-108183.33363376209,,,0,4,non_overlapping_trade_tape,linear,long,1000,0.1,345569
34559,0.023448516028740762,3.0,-5.976551483971259,2.8936022454353425e-05,-8002.441246516344,-206543.64273456275,,,0,4,predictive_all_eligible,linear,long,1000,0.1,345569
27203,0.023110185135386097,3.0,-5.976889814864614,0.0,-7861.748015668987,-162589.3336337621,,,0,4,non_overlapping_trade_tape,linear,long,1000,0.1,345569
34559,0.02344851602874165,5.0,-9.976551483971258,0.0,-13358.33336455692,-344779.64273456275,,,0,4,predictive_all_eligible,linear,long,1000,0.1,345569
27203,0.023110185135386985,5.0,-9.976889814864613,0.0,-13123.178799363008,-271401.3336337621,,,0,4,non_overlapping_trade_tape,linear,long,1000,0.1,345569
17280,0.02412230359629941,1.0,-1.9758776964037006,0.0004050925925925926,-1528.7339686221223,-34143.166593855945,,,0,4,predictive_all_eligible,linear,long,1000,0.05,345569
14557,0.024466683876624762,1.0,-1.9755333161233752,0.00034347736484165696,-1621.4565201253079,-28757.838482807972,,,0,4,non_overlapping_trade_tape,linear,long,1000,0.05,345569
17280,0.02412230359629941,2.0,-3.9758776964037006,5.787037037037037e-05,-3076.1313317327795,-68703.16659385595,,,0,4,predictive_all_eligible,linear,long,1000,0.05,345569
14557,0.024466683876624984,2.0,-3.975533316123375,0.0,-3262.9945361048326,-57871.83848280797,,,0,4,non_overlapping_trade_tape,linear,long,1000,0.05,345569
17280,0.02412230359629941,3.0,-5.975877696403701,5.787037037037037e-05,-4623.528694843436,-103263.16659385595,,,0,4,predictive_all_eligible,linear,long,1000,0.05,345569
14557,0.024466683876624984,3.0,-5.975533316123375,0.0,-4904.532552084357,-86985.83848280797,,,0,4,non_overlapping_trade_tape,linear,long,1000,0.05,345569
17280,0.0241223035963003,5.0,-9.9758776964037,0.0,-7718.32342106475,-172383.16659385595,,,0,4,predictive_all_eligible,linear,long,1000,0.05,345569
14557,0.024466683876624984,5.0,-9.975533316123375,0.0,-8187.608584043406,-145213.83848280797,,,0,4,non_overlapping_trade_tape,linear,long,1000,0.05,345569
6912,0.02374595903004062,1.0,-1.9762540409699594,0.0010127314814814814,-703.7211125589009,-13659.867931184359,,,0,4,predictive_all_eligible,linear,long,1000,0.02,345569
5854,0.024937053525835973,1.0,-1.975062946474164,0.0008541168431841476,-782.0143231153618,-11562.018488659756,,,0,4,non_overlapping_trade_tape,linear,long,1000,0.02,345569
6912,0.02374595903004062,2.0,-3.9762540409699594,0.00014467592592592592,-1415.8978853522508,-27483.86793118436,,,0,4,predictive_all_eligible,linear,long,1000,0.02,345569
5854,0.02493705352583575,2.0,-3.9750629464741642,0.0,-1573.9023229498941,-23270.018488659756,,,0,4,non_overlapping_trade_tape,linear,long,1000,0.02,345569
6912,0.023745959030041064,3.0,-5.976254040969959,0.00014467592592592592,-2128.0746581456006,-41307.86793118436,,,0,4,predictive_all_eligible,linear,long,1000,0.02,345569
5854,0.02493705352583575,3.0,-5.975062946474164,0.0,-2365.7903227844263,-34978.018488659756,,,0,4,non_overlapping_trade_tape,linear,long,1000,0.02,345569
6912,0.023745959030041064,5.0,-9.976254040969959,0.0,-3552.4282037323,-68955.86793118436,,,0,4,predictive_all_eligible,linear,long,1000,0.02,345569
5854,0.02493705352583575,5.0,-9.975062946474164,0.0,-3949.5663224534906,-58394.018488659756,,,0,4,non_overlapping_trade_tape,linear,long,1000,0.02,345569
3456,0.017687368761336808,1.0,-1.9823126312386632,0.001736111111111111,-385.5019115943903,-6850.87245356082,,,0,4,predictive_all_eligible,linear,long,1000,0.01,345569
2849,0.017521092954576156,1.0,-1.9824789070454238,0.001404001404001404,-434.2601054560992,-5648.082406172412,,,0,4,non_overlapping_trade_tape,linear,long,1000,0.01,345569
3456,0.01768736876133703,2.0,-3.982312631238663,0.00028935185185185184,-774.4434998377205,-13762.87245356082,,,0,4,predictive_all_eligible,linear,long,1000,0.01,345569
2849,0.01752109295457638,2.0,-3.9824789070454236,0.0,-872.3581895394212,-11346.082406172412,,,0,4,non_overlapping_trade_tape,linear,long,1000,0.01,345569
3456,0.017687368761336586,3.0,-5.982312631238663,0.00028935185185185184,-1163.3850880810508,-20674.87245356082,,,0,4,predictive_all_eligible,linear,long,1000,0.01,345569
2849,0.017521092954575934,3.0,-5.982478907045424,0.0,-1310.4562736227435,-17044.082406172412,,,0,4,non_overlapping_trade_tape,linear,long,1000,0.01,345569
3456,0.017687368761336586,5.0,-9.982312631238663,0.0,-1941.2682645677114,-34498.87245356082,,,0,4,predictive_all_eligible,linear,long,1000,0.01,345569
2849,0.017521092954575934,5.0,-9.982478907045424,0.0,-2186.6524417893875,-28440.082406172412,,,0,4,non_overlapping_trade_tape,linear,long,1000,0.01,345569
34553,0.04091345265886481,1.0,-1.9590865473411352,0.002373165861140856,-952.3610888569065,-67692.31747027824,,,0,4,predictive_all_eligible,linear,long,5000,0.1,345521
16614,0.04059494156046939,1.0,-1.9594050584395306,0.0013241844227759722,-797.5371661934927,-32553.55564091436,,,0,2,non_overlapping_trade_tape,linear,long,5000,0.1,345521
34553,0.04091345265886481,2.0,-3.959086547341135,0.0007235261771770902,-1924.611232832881,-136798.31747027824,,,0,4,predictive_all_eligible,linear,long,5000,0.1,345521
16614,0.04059494156046961,2.0,-3.9594050584395304,0.0004213314072469002,-1611.597702332611,-65781.55564091436,,,0,2,non_overlapping_trade_tape,linear,long,5000,0.1,345521
34553,0.04091345265886481,3.0,-5.959086547341135,0.0003472925650450033,-2896.861376808855,-205904.31747027824,,,0,4,predictive_all_eligible,linear,long,5000,0.1,345521
16614,0.04059494156046917,3.0,-5.959405058439531,0.00012038040207054291,-2425.65823847173,-99009.55564091436,,,0,2,non_overlapping_trade_tape,linear,long,5000,0.1,345521
34553,0.04091345265886481,5.0,-9.959086547341135,0.0,-4841.361664760804,-344116.31747027824,,,0,4,predictive_all_eligible,linear,long,5000,0.1,345521
16614,0.04059494156046917,5.0,-9.95940505843953,0.0,-4053.7793107499674,-165465.55564091436,,,0,2,non_overlapping_trade_tape,linear,long,5000,0.1,345521
17278,0.03890766241547383,1.0,-1.9610923375845262,0.004167148975575877,-532.3314890051716,-33883.753408785444,,,0,4,predictive_all_eligible,linear,long,5000,0.05,345521
9553,0.038193415060512104,1.0,-1.961806584939488,0.001988904009211766,-513.7826603793563,-18741.13830592693,,,0,3,non_overlapping_trade_tape,linear,long,5000,0.05,345521
17278,0.03890766241547361,2.0,-3.9610923375845264,0.0013890496585252923,-1075.2243235780134,-68439.75340878544,,,0,4,predictive_all_eligible,linear,long,5000,0.05,345521
9553,0.03819341506051188,2.0,-3.961806584939488,0.0007327541086569664,-1037.567894177217,-37847.13830592693,,,0,3,non_overlapping_trade_tape,linear,long,5000,0.05,345521
17278,0.03890766241547361,3.0,-5.961092337584526,0.0006945248292626461,-1618.1171581508547,-102995.75340878544,,,0,4,predictive_all_eligible,linear,long,5000,0.05,345521
9553,0.03819341506051188,3.0,-5.961806584939488,0.00020935831675913326,-1561.353127975078,-56953.13830592693,,,0,3,non_overlapping_trade_tape,linear,long,5000,0.05,345521
17278,0.03890766241547361,5.0,-9.961092337584526,0.0,-2703.902827296538,-172107.75340878544,,,0,4,predictive_all_eligible,linear,long,5000,0.05,345521
9553,0.03819341506051188,5.0,-9.961806584939488,0.0,-2608.9235955707995,-95165.13830592693,,,0,3,non_overlapping_trade_tape,linear,long,5000,0.05,345521
6912,0.03363956489207953,1.0,-1.9663604351079205,0.00882523148148148,-239.99952382327947,-13591.483327465947,,,0,4,predictive_all_eligible,linear,long,5000,0.02,345521
3875,0.035894664513307806,1.0,-1.9641053354866922,0.004129032258064516,-238.39431994713487,-7610.908175010933,,,0,3,non_overlapping_trade_tape,linear,long,5000,0.02,345521
6912,0.03363956489207931,2.0,-3.9663604351079207,0.0033275462962962963,-484.1048460605096,-27415.483327465947,,,0,4,predictive_all_eligible,linear,long,5000,0.02,345521
3875,0.035894664513307806,2.0,-3.964105335486692,0.0018064516129032257,-481.1453737118378,-15360.908175010933,,,0,3,non_overlapping_trade_tape,linear,long,5000,0.02,345521
6912,0.033639564892079754,3.0,-5.96636043510792,0.001736111111111111,-728.2101682977396,-41239.48332746595,,,0,4,predictive_all_eligible,linear,long,5000,0.02,345521
3875,0.03589466451330736,3.0,-5.964105335486693,0.0005161290322580645,-723.8964274765407,-23110.908175010933,,,0,3,non_overlapping_trade_tape,linear,long,5000,0.02,345521
6912,0.033639564892078866,5.0,-9.966360435107921,0.0,-1216.4208127722,-68887.48332746595,,,0,4,predictive_all_eligible,linear,long,5000,0.02,345521
3875,0.03589466451330736,5.0,-9.964105335486693,0.0,-1209.3985350059463,-38610.90817501093,,,0,3,non_overlapping_trade_tape,linear,long,5000,0.02,345521
3456,0.01864213852837171,1.0,-1.9813578614716283,0.015625,-132.4449781123411,-6847.572769245948,,,0,4,predictive_all_eligible,linear,long,5000,0.01,345521
1791,0.019504424581386903,1.0,-1.980495575418613,0.00893355667225014,-122.18152966369647,-3547.067575574736,,,0,3,non_overlapping_trade_tape,linear,long,5000,0.01,345521
3456,0.01864213852837171,2.0,-3.9813578614716283,0.005787037037037037,-266.13610043586647,-13759.572769245948,,,0,4,predictive_all_eligible,linear,long,5000,0.01,345521
1791,0.019504424581386903,2.0,-3.980495575418613,0.0033500837520938024,-245.56633413403338,-7129.067575574736,,,0,3,non_overlapping_trade_tape,linear,long,5000,0.01,345521
3456,0.01864213852837171,3.0,-5.981357861471628,0.00318287037037037,-399.8272227593919,-20671.572769245948,,,0,4,predictive_all_eligible,linear,long,5000,0.01,345521
1791,0.01950442458138646,3.0,-5.9804955754186135,0.0011166945840312675,-368.95113860437027,-10711.067575574736,,,0,3,non_overlapping_trade_tape,linear,long,5000,0.01,345521
3456,0.018642138528370822,5.0,-9.98135786147163,0.0,-667.2094674064427,-34495.57276924595,,,0,4,predictive_all_eligible,linear,long,5000,0.01,345521
1791,0.01950442458138646,5.0,-9.980495575418614,0.0,-615.7207475450441,-17875.067575574736,,,0,3,non_overlapping_trade_tape,linear,long,5000,0.01,345521
34547,0.04911469094915599,1.0,-1.950885309050844,0.00636813616232958,-599.591913426552,-67397.2347717795,,,0,4,predictive_all_eligible,linear,long,10000,0.1,345461
12129,0.04848014457811134,1.0,-1.9515198554218887,0.002720751916893396,-481.66182828196105,-23669.984326412086,,,0,2,non_overlapping_trade_tape,linear,long,10000,0.1,345461
34547,0.04911469094915599,2.0,-3.950885309050844,0.0018236026283034706,-1214.2789077309674,-136491.2347717795,,,0,4,predictive_all_eligible,linear,long,10000,0.1,345461
12129,0.04848014457811134,2.0,-3.9515198554218887,0.0004946821667078902,-975.2892202285658,-47927.98432641209,,,0,2,non_overlapping_trade_tape,linear,long,10000,0.1,345461
34547,0.04911469094915599,3.0,-5.950885309050844,0.0007236518366283614,-1828.965902035383,-205585.2347717795,,,0,4,predictive_all_eligible,linear,long,10000,0.1,345461
12129,0.04848014457811178,3.0,-5.951519855421888,0.0002473410833539451,-1468.9166121751705,-72185.98432641209,,,0,2,non_overlapping_trade_tape,linear,long,10000,0.1,345461
34547,0.04911469094915688,5.0,-9.950885309050843,0.000318406808116479,-3058.339890644213,-343773.2347717795,,,0,4,predictive_all_eligible,linear,long,10000,0.1,345461
12129,0.048480144578110895,5.0,-9.951519855421889,8.244702778464837e-05,-2456.1713960683805,-120701.98432641209,,,0,2,non_overlapping_trade_tape,linear,long,10000,0.1,345461
17274,0.048496318520855786,1.0,-1.9515036814791442,0.011057080004631238,-330.13485530016476,-33710.27459387074,,,0,4,predictive_all_eligible,linear,long,10000,0.05,345461
6851,0.04769381199410261,1.0,-1.9523061880058974,0.0043789227849948915,-308.23710918353214,-13375.249694028404,,,0,2,non_overlapping_trade_tape,linear,long,10000,0.05,345461
17274,0.048496318520855564,2.0,-3.9515036814791444,0.0034734282737061478,-668.4738073947249,-68258.27459387074,,,0,4,predictive_all_eligible,linear,long,10000,0.05,345461
6851,0.047693811994102386,2.0,-3.9523061880058976,0.0010217486498321413,-624.0042886118453,-27077.249694028404,,,0,2,non_overlapping_trade_tape,linear,long,10000,0.05,345461
17274,0.04849631852085601,3.0,-5.951503681479144,0.001447261780710895,-1006.8127594892848,-102806.27459387074,,,0,4,predictive_all_eligible,linear,long,10000,0.05,345461
6851,0.04769381199410283,3.0,-5.952306188005897,0.0005838563713326521,-939.7714680401584,-40779.2496940284,,,0,2,non_overlapping_trade_tape,linear,long,10000,0.05,345461
17274,0.04849631852085601,5.0,-9.951503681479144,0.0006367951835127938,-1683.4906636784046,-171902.27459387074,,,0,4,predictive_all_eligible,linear,long,10000,0.05,345461
6851,0.04769381199410283,5.0,-9.952306188005897,0.00014596409283316303,-1571.3058268967848,-68183.2496940284,,,0,2,non_overlapping_trade_tape,linear,long,10000,0.05,345461
6911,0.03231164424958055,1.0,-1.9676883557504194,0.02184922587179858,-152.59011363770745,-13598.69422659115,,,0,4,predictive_all_eligible,linear,long,10000,0.02,345461
2714,0.03892281241636897,1.0,-1.961077187583631,0.009211495946941784,-145.09084495063314,-5322.363487101975,,,0,2,non_overlapping_trade_tape,linear,long,10000,0.02,345461
6911,0.03231164424958033,2.0,-3.9676883557504197,0.007234843003906815,-307.68592765904316,-27420.69422659115,,,0,4,predictive_all_eligible,linear,long,10000,0.02,345461
2714,0.038922812416368746,2.0,-3.9610771875836313,0.002579218865143699,-293.0614050787726,-10750.363487101975,,,0,2,non_overlapping_trade_tape,linear,long,10000,0.02,345461
6911,0.03231164424958077,3.0,-5.967688355750419,0.0031833309217189987,-462.7817416803788,-41242.69422659115,,,0,4,predictive_all_eligible,linear,long,10000,0.02,345461
2714,0.03892281241636919,3.0,-5.961077187583631,0.001105379513633014,-441.03196520691205,-16178.363487101975,,,0,2,non_overlapping_trade_tape,linear,long,10000,0.02,345461
6911,0.032311644249579885,5.0,-9.96768835575042,0.0014469686007813631,-772.9733697230503,-68886.69422659115,,,0,4,predictive_all_eligible,linear,long,10000,0.02,345461
2714,0.0389228124163683,5.0,-9.961077187583632,0.00036845983787767134,-736.9730854631911,-27034.363487101975,,,0,2,non_overlapping_trade_tape,linear,long,10000,0.02,345461
3456,0.01587623989733533,1.0,-1.9841237601026647,0.032407407407407406,-85.74485019069775,-6857.131714914809,,,0,4,predictive_all_eligible,linear,long,10000,0.01,345461
1265,0.014074647092912063,1.0,-1.985925352907088,0.015019762845849802,-80.12048663418147,-2512.1955714274663,,,0,2,non_overlapping_trade_tape,linear,long,10000,0.01,345461
3456,0.01587623989733533,2.0,-3.9841237601026647,0.01273148148148148,-172.1757996252845,-13769.131714914809,,,0,4,predictive_all_eligible,linear,long,10000,0.01,345461
1265,0.014074647092912063,2.0,-3.985925352907088,0.003952569169960474,-160.8088030574523,-5042.195571427466,,,0,2,non_overlapping_trade_tape,linear,long,10000,0.01,345461
3456,0.01587623989733533,3.0,-5.984123760102665,0.005787037037037037,-258.6067490598712,-20681.13171491481,,,0,4,predictive_all_eligible,linear,long,10000,0.01,345461
1265,0.014074647092911619,3.0,-5.985925352907088,0.0015810276679841897,-241.49711948072317,-7572.195571427466,,,0,2,non_overlapping_trade_tape,linear,long,10000,0.01,345461
3456,0.01587623989733622,5.0,-9.984123760102664,0.0028935185185185184,-431.4686479290446,-34505.13171491481,,,0,4,predictive_all_eligible,linear,long,10000,0.01,345461
1265,0.014074647092911619,5.0,-9.985925352907088,0.0007905138339920949,-402.87375232726487,-12632.195571427466,,,0,2,non_overlapping_trade_tape,linear,long,10000,0.01,345461
34523,0.08127374623819339,1.0,-1.9187262537618066,0.022912261390956753,-319.1041705338611,-66240.18645861885,,,0,4,predictive_all_eligible,linear,long,30000,0.1,345221
5539,0.059897115770221276,1.0,-1.9401028842297787,0.009568514172233256,-195.12038310583088,-10746.229875748744,,,0,1,non_overlapping_trade_tape,linear,long,30000,0.1,345221
34523,0.08127374623819339,2.0,-3.9187262537618066,0.005271847753671465,-651.7250119991128,-135286.18645861885,,,0,4,predictive_all_eligible,linear,long,30000,0.1,345221
5539,0.059897115770221276,2.0,-3.9401028842297787,0.0016248420292471566,-396.2647499245975,-21824.229875748744,,,0,1,non_overlapping_trade_tape,linear,long,30000,0.1,345221
34523,0.08127374623819339,3.0,-5.918726253761807,0.001940735162065869,-984.3458534643645,-204332.18645861885,,,0,4,predictive_all_eligible,linear,long,30000,0.1,345221
5539,0.059897115770221276,3.0,-5.940102884229779,0.00018053800324968405,-597.4091167433642,-32902.229875748744,,,0,1,non_overlapping_trade_tape,linear,long,30000,0.1,345221
34523,0.08127374623819428,5.0,-9.918726253761806,0.0008110535005648408,-1649.5875363948678,-342424.18645861885,,,0,4,predictive_all_eligible,linear,long,30000,0.1,345221
5539,0.059897115770221276,5.0,-9.940102884229779,0.00018053800324968405,-999.6978503808973,-55058.229875748744,,,0,1,non_overlapping_trade_tape,linear,long,30000,0.1,345221
17262,0.0839834772843342,1.0,-1.9160165227156658,0.034932221063607924,-179.95053631861455,-33074.27721511782,,,0,4,predictive_all_eligible,linear,long,30000,0.05,345221
3513,0.0602673932918516,1.0,-1.9397326067081484,0.013378878451465983,-121.70805970734123,-6814.280647365726,,,0,1,non_overlapping_trade_tape,linear,long,30000,0.05,345221
17262,0.0839834772843342,2.0,-3.916016522715666,0.008226161510833043,-367.7887247529833,-67598.27721511782,,,0,4,predictive_all_eligible,linear,long,30000,0.05,345221
3513,0.0602673932918516,2.0,-3.9397326067081484,0.0031312268716196983,-247.19758263069681,-13840.280647365726,,,0,1,non_overlapping_trade_tape,linear,long,30000,0.05,345221
17262,0.08398347728433464,3.0,-5.916016522715665,0.003475842891901286,-555.626913187352,-102122.27721511782,,,0,4,predictive_all_eligible,linear,long,30000,0.05,345221
3513,0.06026739329185116,3.0,-5.939732606708149,0.0008539709649871904,-372.68710555405244,-20866.280647365726,,,0,1,non_overlapping_trade_tape,linear,long,30000,0.05,345221
17262,0.08398347728433464,5.0,-9.916016522715665,0.0015641293013555788,-931.3032900560894,-171170.27721511782,,,0,4,predictive_all_eligible,linear,long,30000,0.05,345221
3513,0.060267393291852045,5.0,-9.939732606708148,0.0002846569883290635,-623.6661514007636,-34918.280647365726,,,0,1,non_overlapping_trade_tape,linear,long,30000,0.05,345221
6906,0.07031114258446869,1.0,-1.9296888574155313,0.05314219519258616,-84.71303923997529,-13326.43124931166,,,0,4,predictive_all_eligible,linear,long,30000,0.02,345221
1656,0.07499113587346518,1.0,-1.9250088641265348,0.024154589371980676,-64.62928087952884,-3187.8146789935417,,,0,1,non_overlapping_trade_tape,linear,long,30000,0.02,345221
6906,0.07031114258446847,2.0,-3.9296888574155315,0.013611352447147408,-172.51272665013434,-27138.43124931166,,,0,4,predictive_all_eligible,linear,long,30000,0.02,345221
1656,0.07499113587346518,2.0,-3.925008864126535,0.005434782608695652,-131.77627649490134,-6499.814678993542,,,0,1,non_overlapping_trade_tape,linear,long,30000,0.02,345221
6906,0.07031114258446891,3.0,-5.929688857415531,0.006081668114682885,-260.3124140602933,-40950.43124931166,,,0,4,predictive_all_eligible,linear,long,30000,0.02,345221
1656,0.07499113587346518,3.0,-5.925008864126535,0.0018115942028985507,-198.92327211027384,-9811.814678993542,,,0,1,non_overlapping_trade_tape,linear,long,30000,0.02,345221
6906,0.07031114258446891,5.0,-9.929688857415531,0.00333043730089777,-435.91178888061137,-68574.43124931166,,,0,4,predictive_all_eligible,linear,long,30000,0.02,345221
1656,0.07499113587346429,5.0,-9.925008864126536,0.0006038647342995169,-333.2172633410189,-16435.81467899354,,,0,1,non_overlapping_trade_tape,linear,long,30000,0.02,345221
3455,-0.01982827038310786,1.0,-2.019828270383108,0.06222865412445731,-51.24305439511286,-6978.506674173637,,,0,4,predictive_all_eligible,linear,long,30000,0.01,345221
892,0.07556805180697901,1.0,-1.924431948193021,0.03587443946188341,-45.35082295252194,-1716.5932977881748,,,0,2,non_overlapping_trade_tape,linear,long,30000,0.01,345221
3455,-0.019828270383107416,2.0,-4.019828270383107,0.015340086830680173,-101.98306546089854,-13888.506674173637,,,0,4,predictive_all_eligible,linear,long,30000,0.01,345221
892,0.07556805180697879,2.0,-3.924431948193021,0.008968609865470852,-92.48246924960706,-3500.593297788175,,,0,2,non_overlapping_trade_tape,linear,long,30000,0.01,345221
3455,-0.019828270383107416,3.0,-6.019828270383107,0.008393632416787264,-152.72307652668425,-20798.506674173637,,,0,4,predictive_all_eligible,linear,long,30000,0.01,345221
892,0.07556805180697879,3.0,-5.924431948193021,0.002242152466367713,-139.61411554669218,-5284.593297788175,,,0,2,non_overlapping_trade_tape,linear,long,30000,0.01,345221
3455,-0.019828270383108304,5.0,-10.019828270383108,0.005209840810419681,-254.2030986582557,-34618.50667417364,,,0,4,predictive_all_eligible,linear,long,30000,0.01,345221
892,0.07556805180697879,5.0,-9.924431948193021,0.0011210762331838565,-233.8774081408624,-8852.593297788175,,,0,2,non_overlapping_trade_tape,linear,long,30000,0.01,345221
34487,0.1009324047200586,1.0,-1.8990675952799414,0.05036680488299939,-219.71014278104207,-65493.14415841934,,,0,4,predictive_all_eligible,linear,long,60000,0.1,344861
3124,0.0676312984659968,1.0,-1.9323687015340032,0.027208706786171575,-103.94567392502195,-6036.719823592226,,,0,1,non_overlapping_trade_tape,linear,long,60000,0.1,344861
34487,0.1009324047200586,2.0,-3.8990675952799414,0.010351726737611274,-451.09752817703645,-134467.14415841934,,,0,4,predictive_all_eligible,linear,long,60000,0.1,344861
3124,0.0676312984659968,2.0,-3.932368701534003,0.0035211267605633804,-211.52936004300253,-12284.719823592226,,,0,1,non_overlapping_trade_tape,linear,long,60000,0.1,344861
34487,0.1009324047200586,3.0,-5.899067595279941,0.004552440049873866,-682.4849135730308,-203441.14415841934,,,0,4,predictive_all_eligible,linear,long,60000,0.1,344861
3124,0.06763129846599636,3.0,-5.932368701534004,0.002240717029449424,-319.1130461609831,-18532.719823592226,,,0,1,non_overlapping_trade_tape,linear,long,60000,0.1,344861
34487,0.1009324047200586,5.0,-9.899067595279941,0.0017107895728825354,-1145.2596843650197,-341389.14415841934,,,0,4,predictive_all_eligible,linear,long,60000,0.1,344861
3124,0.06763129846599725,5.0,-9.932368701534003,0.0003201024327784891,-534.2804183969444,-31028.719823592226,,,0,1,non_overlapping_trade_tape,linear,long,60000,0.1,344861
17244,0.1075207469070052,1.0,-1.8924792530929948,0.06912549292507539,-124.16556880612929,-32633.9122403356,,,0,4,predictive_all_eligible,linear,long,60000,0.05,344861
2109,0.08199513226038979,1.0,-1.9180048677396102,0.03366524419155998,-69.10761762670131,-4045.072266062838,,,0,1,non_overlapping_trade_tape,linear,long,60000,0.05,344861
17244,0.1075207469070052,2.0,-3.892479253092995,0.015541637671073997,-255.38557410150878,-67121.9122403356,,,0,4,predictive_all_eligible,linear,long,60000,0.05,344861
2109,0.08199513226038979,2.0,-3.91800486773961,0.006638217164532954,-141.16960119001251,-8263.072266062838,,,0,1,non_overlapping_trade_tape,linear,long,60000,0.05,344861
17244,0.10752074690700564,3.0,-5.892479253092994,0.0071329157967988865,-386.60557939688823,-101609.9122403356,,,0,4,predictive_all_eligible,linear,long,60000,0.05,344861
2109,0.08199513226038935,3.0,-5.918004867739611,0.002844950213371266,-213.2315847533237,-12481.072266062838,,,0,1,non_overlapping_trade_tape,linear,long,60000,0.05,344861
17244,0.10752074690700475,5.0,-9.892479253092995,0.0030735328230109024,-649.0455899876474,-170585.9122403356,,,0,4,predictive_all_eligible,linear,long,60000,0.05,344861
2109,0.08199513226039024,5.0,-9.91800486773961,0.000948316737790422,-357.3555518799461,-20917.072266062838,,,0,1,non_overlapping_trade_tape,linear,long,60000,0.05,344861
6899,0.05045311715845879,1.0,-1.9495468828415412,0.08943325119582549,-63.55082287235583,-13449.923944723792,,,0,4,predictive_all_eligible,linear,long,60000,0.02,344861
1095,0.11774744161438688,1.0,-1.8822525583856131,0.049315068493150684,-41.66214142331032,-2061.0665514322463,,,0,1,non_overlapping_trade_tape,linear,long,60000,0.02,344861
6899,0.050453117158459015,2.0,-3.949546882841541,0.022032178576605305,-128.74630335213584,-27247.923944723792,,,0,4,predictive_all_eligible,linear,long,60000,0.02,344861
1095,0.11774744161438688,2.0,-3.882252558385613,0.010958904109589041,-85.93052744589963,-4251.066551432246,,,0,1,non_overlapping_trade_tape,linear,long,60000,0.02,344861
6899,0.050453117158459015,3.0,-5.949546882841541,0.010871140745035512,-193.94178383191587,-41045.92394472379,,,0,4,predictive_all_eligible,linear,long,60000,0.02,344861
1095,0.11774744161438733,3.0,-5.882252558385613,0.0045662100456621,-130.1989134684889,-6441.066551432246,,,0,1,non_overlapping_trade_tape,linear,long,60000,0.02,344861
6899,0.05045311715845813,5.0,-9.949546882841542,0.005218147557617046,-324.3327447914759,-68641.92394472379,,,0,4,predictive_all_eligible,linear,long,60000,0.02,344861
1095,0.11774744161438733,5.0,-9.882252558385613,0.0018264840182648401,-218.73568551366753,-10821.066551432246,,,0,1,non_overlapping_trade_tape,linear,long,60000,0.02,344861
3450,-0.12020345221789874,1.0,-2.1202034522178987,0.09072463768115942,-43.26933396681642,-7314.701910151751,,,0,4,predictive_all_eligible,linear,long,60000,0.01,344861
640,0.09904249496175899,1.0,-1.900957505038241,0.0578125,-32.83428434577781,-1216.6128032244742,,,0,1,non_overlapping_trade_tape,linear,long,60000,0.01,344861
3450,-0.12020345221789874,2.0,-4.120203452217899,0.023478260869565216,-84.08554329951353,-14214.70191015175,,,0,4,predictive_all_eligible,linear,long,60000,0.01,344861
640,0.09904249496175899,2.0,-3.900957505038241,0.0109375,-67.37927996904115,-2496.612803224474,,,0,1,non_overlapping_trade_tape,linear,long,60000,0.01,344861
3450,-0.12020345221789874,3.0,-6.120203452217899,0.011884057971014493,-124.90175263221066,-21114.70191015175,,,0,4,predictive_all_eligible,linear,long,60000,0.01,344861
640,0.09904249496175943,3.0,-5.900957505038241,0.0046875,-101.92427559230445,-3776.612803224474,,,0,1,non_overlapping_trade_tape,linear,long,60000,0.01,344861
3450,-0.12020345221789874,5.0,-10.120203452217899,0.006666666666666667,-206.53417129760487,-34914.70191015175,,,0,4,predictive_all_eligible,linear,long,60000,0.01,344861
640,0.09904249496175943,5.0,-9.90095750503824,0.0015625,-171.01426683883113,-6336.612803224474,,,0,1,non_overlapping_trade_tape,linear,long,60000,0.01,344861
34559,0.006625947697582069,1.0,-1.993374052302418,0.0,-4624.905162809297,-68889.01387351926,,,0,4,predictive_all_eligible,linear,short,250,0.1,345578
34559,0.006625947697582069,1.0,-1.993374052302418,0.0,-4624.905162809297,-68889.01387351926,,,0,4,non_overlapping_trade_tape,linear,short,250,0.1,345578
34559,0.006625947697582291,2.0,-3.9933740523024177,0.0,-9265.183446222654,-138007.01387351926,,,0,4,predictive_all_eligible,linear,short,250,0.1,345578
34559,0.006625947697582291,2.0,-3.9933740523024177,0.0,-9265.183446222654,-138007.01387351926,,,0,4,non_overlapping_trade_tape,linear,short,250,0.1,345578
34559,0.006625947697582291,3.0,-5.993374052302418,0.0,-13905.46172963601,-207125.01387351926,,,0,4,predictive_all_eligible,linear,short,250,0.1,345578
34559,0.006625947697582291,3.0,-5.993374052302418,0.0,-13905.46172963601,-207125.01387351926,,,0,4,non_overlapping_trade_tape,linear,short,250,0.1,345578
34559,0.006625947697582291,5.0,-9.993374052302418,0.0,-23186.018296462727,-345361.01387351926,,,0,4,predictive_all_eligible,linear,short,250,0.1,345578
34559,0.006625947697582291,5.0,-9.993374052302418,0.0,-23186.018296462727,-345361.01387351926,,,0,4,non_overlapping_trade_tape,linear,short,250,0.1,345578
17280,0.00664847696744908,1.0,-1.993351523032551,0.0,-2467.3125623961346,-34445.11431800248,,,0,4,predictive_all_eligible,linear,short,250,0.05,345578
17280,0.00664847696744908,1.0,-1.993351523032551,0.0,-2467.3125623961346,-34445.11431800248,,,0,4,non_overlapping_trade_tape,linear,short,250,0.05,345578
17280,0.0066484769674488575,2.0,-3.993351523032551,0.0,-4942.8544162910575,-69005.11431800248,,,0,4,predictive_all_eligible,linear,short,250,0.05,345578
17280,0.0066484769674488575,2.0,-3.993351523032551,0.0,-4942.8544162910575,-69005.11431800248,,,0,4,non_overlapping_trade_tape,linear,short,250,0.05,345578
17280,0.0066484769674488575,3.0,-5.993351523032551,0.0,-7418.39627018598,-103565.11431800248,,,0,4,predictive_all_eligible,linear,short,250,0.05,345578
17280,0.0066484769674488575,3.0,-5.993351523032551,0.0,-7418.39627018598,-103565.11431800248,,,0,4,non_overlapping_trade_tape,linear,short,250,0.05,345578
17280,0.0066484769674488575,5.0,-9.993351523032551,0.0,-12369.479977975827,-172685.11431800248,,,0,4,predictive_all_eligible,linear,short,250,0.05,345578
17280,0.0066484769674488575,5.0,-9.993351523032551,0.0,-12369.479977975827,-172685.11431800248,,,0,4,non_overlapping_trade_tape,linear,short,250,0.05,345578
6912,0.005339747787780347,1.0,-1.9946602522122197,0.0,-1051.4344423115235,-13787.091663290863,,,0,4,predictive_all_eligible,linear,short,250,0.02,345578
6912,0.005339747787780347,1.0,-1.9946602522122197,0.0,-1051.4344423115235,-13787.091663290863,,,0,4,non_overlapping_trade_tape,linear,short,250,0.02,345578
6912,0.005339747787780347,2.0,-3.9946602522122197,0.0,-2105.683596918588,-27611.091663290863,,,0,4,predictive_all_eligible,linear,short,250,0.02,345578
6912,0.005339747787780347,2.0,-3.9946602522122197,0.0,-2105.683596918588,-27611.091663290863,,,0,4,non_overlapping_trade_tape,linear,short,250,0.02,345578
6912,0.005339747787780347,3.0,-5.99466025221222,0.0,-3159.932751525653,-41435.09166329086,,,0,4,predictive_all_eligible,linear,short,250,0.02,345578
6912,0.005339747787780347,3.0,-5.99466025221222,0.0,-3159.932751525653,-41435.09166329086,,,0,4,non_overlapping_trade_tape,linear,short,250,0.02,345578
6912,0.005339747787779459,5.0,-9.99466025221222,0.0,-5268.431060739783,-69083.09166329086,,,0,4,predictive_all_eligible,linear,short,250,0.02,345578
6912,0.005339747787779459,5.0,-9.99466025221222,0.0,-5268.431060739783,-69083.09166329086,,,0,4,non_overlapping_trade_tape,linear,short,250,0.02,345578
3456,0.0028497090123116298,1.0,-1.9971502909876884,0.0,-552.1199401726734,-6902.151405653451,,,0,4,predictive_all_eligible,linear,short,250,0.01,345578
3456,0.0028497090123116298,1.0,-1.9971502909876884,0.0,-552.1199401726734,-6902.151405653451,,,0,4,non_overlapping_trade_tape,linear,short,250,0.01,345578
3456,0.002849709012311852,2.0,-3.997150290987688,0.0,-1105.0276934490912,-13814.15140565345,,,0,4,predictive_all_eligible,linear,short,250,0.01,345578
3456,0.002849709012311852,2.0,-3.997150290987688,0.0,-1105.0276934490912,-13814.15140565345,,,0,4,non_overlapping_trade_tape,linear,short,250,0.01,345578
3456,0.0028497090123114077,3.0,-5.997150290987689,0.0,-1657.9354467255089,-20726.15140565345,,,0,4,predictive_all_eligible,linear,short,250,0.01,345578
3456,0.0028497090123114077,3.0,-5.997150290987689,0.0,-1657.9354467255089,-20726.15140565345,,,0,4,non_overlapping_trade_tape,linear,short,250,0.01,345578
3456,0.0028497090123114077,5.0,-9.997150290987689,0.0,-2763.7509532783442,-34550.15140565345,,,0,4,predictive_all_eligible,linear,short,250,0.01,345578
3456,0.0028497090123114077,5.0,-9.997150290987689,0.0,-2763.7509532783442,-34550.15140565345,,,0,4,non_overlapping_trade_tape,linear,short,250,0.01,345578
34559,0.02230463869475363,1.0,-1.9776953613052464,5.787204490870685e-05,-2652.181769192238,-68347.17399134801,,,0,4,predictive_all_eligible,linear,short,1000,0.1,345569
27457,0.022882372640341986,1.0,-1.977117627359658,7.284116982918746e-05,-2327.8257735040315,-54285.71869441413,,,0,4,non_overlapping_trade_tape,linear,short,1000,0.1,345569
34559,0.02230463869475363,2.0,-3.9776953613052464,2.8936022454353425e-05,-5334.275099726059,-137465.173991348,,,0,4,predictive_all_eligible,linear,short,1000,0.1,345569
27457,0.022882372640342208,2.0,-3.977117627359658,3.642058491459373e-05,-4682.592876170277,-109199.71869441413,,,0,4,non_overlapping_trade_tape,linear,short,1000,0.1,345569
34559,0.022304638694753187,3.0,-5.977695361305247,0.0,-8016.3684302598795,-206583.173991348,,,0,4,predictive_all_eligible,linear,short,1000,0.1,345569
27457,0.022882372640341764,3.0,-5.977117627359658,0.0,-7037.359978836523,-164113.71869441413,,,0,4,non_overlapping_trade_tape,linear,short,1000,0.1,345569
34559,0.022304638694754075,5.0,-9.977695361305246,0.0,-13380.555091327518,-344819.173991348,,,0,4,predictive_all_eligible,linear,short,1000,0.1,345569
27457,0.022882372640342652,5.0,-9.977117627359657,0.0,-11746.894184169014,-273941.7186944141,,,0,4,non_overlapping_trade_tape,linear,short,1000,0.1,345569
17280,0.023296429685379483,1.0,-1.9767035703146205,0.00011574074074074075,-1515.5068133550508,-34157.43769503664,,,0,4,predictive_all_eligible,linear,short,1000,0.05,345569
14665,0.024078838822317206,1.0,-1.9759211611776828,0.00013637913399249915,-1410.4151208094083,-28976.883828670718,,,0,4,non_overlapping_trade_tape,linear,short,1000,0.05,345569
17280,0.023296429685379483,2.0,-3.9767035703146205,5.787037037037037e-05,-3048.874624406089,-68717.43769503664,,,0,4,predictive_all_eligible,linear,short,1000,0.05,345569
14665,0.024078838822317206,2.0,-3.975921161177683,6.818956699624957e-05,-2838.017748404911,-58306.88382867072,,,0,4,non_overlapping_trade_tape,linear,short,1000,0.05,345569
17280,0.023296429685379927,3.0,-5.97670357031462,0.0,-4582.242435457127,-103277.43769503664,,,0,4,predictive_all_eligible,linear,short,1000,0.05,345569
14665,0.02407883882231765,3.0,-5.975921161177682,0.0,-4265.620376000413,-87636.88382867072,,,0,4,non_overlapping_trade_tape,linear,short,1000,0.05,345569
17280,0.02329642968537904,5.0,-9.976703570314621,0.0,-7648.978057559204,-172397.43769503664,,,0,4,predictive_all_eligible,linear,short,1000,0.05,345569
14665,0.02407883882231765,5.0,-9.975921161177682,0.0,-7120.825631191418,-146296.88382867072,,,0,4,non_overlapping_trade_tape,linear,short,1000,0.05,345569
6912,0.021908584181801416,1.0,-1.9780914158181986,0.00028935185185185184,-692.9327035538765,-13672.567866135389,,,0,4,predictive_all_eligible,linear,short,1000,0.02,345569
5894,0.022402122317157325,1.0,-1.9775978776828427,0.00033932813030200206,-648.1237250541883,-11655.961891062674,,,0,4,non_overlapping_trade_tape,linear,short,1000,0.02,345569
6912,0.021908584181801416,2.0,-3.9780914158181986,0.00014467592592592592,-1393.5400647836998,-27496.56786613539,,,0,4,predictive_all_eligible,linear,short,1000,0.02,345569
5894,0.022402122317157325,2.0,-3.9775978776828427,0.00016966406515100103,-1303.5893607815049,-23443.961891062674,,,0,4,non_overlapping_trade_tape,linear,short,1000,0.02,345569
6912,0.021908584181801416,3.0,-5.978091415818199,0.0,-2094.1474260135233,-41320.56786613539,,,0,4,predictive_all_eligible,linear,short,1000,0.02,345569
5894,0.02240212231715777,3.0,-5.977597877682842,0.0,-1959.0549965088217,-35231.961891062674,,,0,4,non_overlapping_trade_tape,linear,short,1000,0.02,345569
6912,0.021908584181801416,5.0,-9.978091415818199,0.0,-3495.36214847317,-68968.56786613539,,,0,4,predictive_all_eligible,linear,short,1000,0.02,345569
5894,0.02240212231715688,5.0,-9.977597877682843,0.0,-3269.986267963455,-58807.961891062674,,,0,4,non_overlapping_trade_tape,linear,short,1000,0.02,345569
3456,0.023428313635863285,1.0,-1.9765716863641367,0.0005787037037037037,-386.50151847324474,-6831.031748074456,,,0,4,predictive_all_eligible,linear,short,1000,0.01,345569
2868,0.023831970488119802,1.0,-1.9761680295118802,0.000697350069735007,-348.34802818172716,-5667.649908640073,,,0,4,non_overlapping_trade_tape,linear,short,1000,0.01,345569
3456,0.023428313635863507,2.0,-3.9765716863641365,0.00028935185185185184,-777.5842412903528,-13743.031748074456,,,0,4,predictive_all_eligible,linear,short,1000,0.01,345569
2868,0.02383197048811958,2.0,-3.9761680295118804,0.0003486750348675035,-700.8970250074376,-11403.649908640073,,,0,4,non_overlapping_trade_tape,linear,short,1000,0.01,345569
3456,0.023428313635863063,3.0,-5.976571686364137,0.0,-1168.666964107461,-20655.031748074456,,,0,4,predictive_all_eligible,linear,short,1000,0.01,345569
2868,0.02383197048811958,3.0,-5.97616802951188,0.0,-1053.446021833148,-17139.649908640073,,,0,4,non_overlapping_trade_tape,linear,short,1000,0.01,345569
3456,0.023428313635863063,5.0,-9.976571686364137,0.0,-1950.8324097416769,-34479.031748074456,,,0,4,predictive_all_eligible,linear,short,1000,0.01,345569
2868,0.02383197048811958,5.0,-9.97616802951188,0.0,-1758.5440154845687,-28611.649908640073,,,0,4,non_overlapping_trade_tape,linear,short,1000,0.01,345569
34553,0.03594528774752459,1.0,-1.9640547122524754,0.0016785807310508495,-1175.2695198870194,-67863.98247245979,,,0,4,predictive_all_eligible,linear,short,5000,0.1,345521
16269,0.03493085410174723,1.0,-1.9650691458982528,0.0004302661503472863,-917.2648159867956,-31969.709934618673,,,0,2,non_overlapping_trade_tape,linear,short,5000,0.1,345521
34553,0.03594528774752437,2.0,-3.9640547122524756,8.682314126125083e-05,-2372.048318924815,-136969.9824724598,,,0,4,predictive_all_eligible,linear,short,5000,0.1,345521
16269,0.03493085410174723,2.0,-3.9650691458982528,0.0,-1850.8348309671128,-64507.70993461867,,,0,2,non_overlapping_trade_tape,linear,short,5000,0.1,345521
34553,0.03594528774752437,3.0,-5.964054712252476,0.0,-3568.8271179626095,-206075.9824724598,,,0,4,predictive_all_eligible,linear,short,5000,0.1,345521
16269,0.03493085410174768,3.0,-5.965069145898252,0.0,-2784.40484594743,-97045.70993461867,,,0,2,non_overlapping_trade_tape,linear,short,5000,0.1,345521
34553,0.035945287747525256,5.0,-9.964054712252475,0.0,-5962.384716038198,-344287.9824724598,,,0,4,predictive_all_eligible,linear,short,5000,0.1,345521
16269,0.03493085410174679,5.0,-9.965069145898253,0.0,-4651.5448759080655,-162121.70993461867,,,0,2,non_overlapping_trade_tape,linear,short,5000,0.1,345521
17278,0.03754079297506685,1.0,-1.9624592070249331,0.003241115869892349,-677.8938936105128,-33907.370178976795,,,0,4,predictive_all_eligible,linear,short,5000,0.05,345521
9279,0.03303213124989979,1.0,-1.9669678687501002,0.0008621618708912598,-615.3262785991741,-18251.49485413218,,,0,3,non_overlapping_trade_tape,linear,short,5000,0.05,345521
17278,0.03754079297506685,2.0,-3.962459207024933,0.00017363120731566154,-1368.7555341316347,-68463.3701789768,,,0,4,predictive_all_eligible,linear,short,5000,0.05,345521
9279,0.03303213124989979,2.0,-3.9669678687501,0.0,-1240.985994118757,-36809.49485413218,,,0,3,non_overlapping_trade_tape,linear,short,5000,0.05,345521
17278,0.03754079297506685,3.0,-5.962459207024933,0.0,-2059.6171746527566,-103019.3701789768,,,0,4,predictive_all_eligible,linear,short,5000,0.05,345521
9279,0.03303213124990023,3.0,-5.9669678687501,0.0,-1866.64570963834,-55367.49485413218,,,0,3,non_overlapping_trade_tape,linear,short,5000,0.05,345521
17278,0.03754079297506685,5.0,-9.962459207024933,0.0,-3441.340455695001,-172131.3701789768,,,0,4,predictive_all_eligible,linear,short,5000,0.05,345521
9279,0.03303213124990023,5.0,-9.9669678687501,0.0,-3117.965140677506,-92483.49485413218,,,0,3,non_overlapping_trade_tape,linear,short,5000,0.05,345521
6912,0.04155518217978038,1.0,-1.9584448178202196,0.007089120370370371,-326.8986163856773,-13536.770580773358,,,0,4,predictive_all_eligible,linear,short,5000,0.02,345521
3899,0.03244923668467825,1.0,-1.9675507633153217,0.0028212362144139523,-326.22361362077413,-7671.480426166439,,,0,3,non_overlapping_trade_tape,linear,short,5000,0.02,345521
6912,0.04155518217978038,2.0,-3.9584448178202196,0.00043402777777777775,-660.7335178454189,-27360.77058077336,,,0,4,predictive_all_eligible,linear,short,5000,0.02,345521
3899,0.03244923668467825,2.0,-3.9675507633153217,0.0,-657.8273716565644,-15469.48042616644,,,0,3,non_overlapping_trade_tape,linear,short,5000,0.02,345521
6912,0.04155518217978038,3.0,-5.95844481782022,0.0,-994.5684193051604,-41184.77058077336,,,0,4,predictive_all_eligible,linear,short,5000,0.02,345521
3899,0.032449236684678695,3.0,-5.967550763315321,0.0,-989.4311296923545,-23267.48042616644,,,0,3,non_overlapping_trade_tape,linear,short,5000,0.02,345521
6912,0.04155518217977949,5.0,-9.95844481782022,0.0,-1662.2382222246438,-68832.77058077336,,,0,4,predictive_all_eligible,linear,short,5000,0.02,345521
3899,0.032449236684678695,5.0,-9.967550763315321,0.0,-1652.6386457639348,-38863.48042616644,,,0,3,non_overlapping_trade_tape,linear,short,5000,0.02,345521
3456,0.057598941212240184,1.0,-1.9424010587877598,0.013020833333333334,-186.12220024134265,-6712.938059170498,,,0,4,predictive_all_eligible,linear,short,5000,0.01,345521
1962,0.039106405287030244,1.0,-1.9608935947129698,0.0056065239551478085,-185.33284724273332,-3847.2732328268467,,,0,3,non_overlapping_trade_tape,linear,short,5000,0.01,345521
3456,0.057598941212240184,2.0,-3.94240105878776,0.0008680555555555555,-377.7635704921397,-13624.938059170498,,,0,4,predictive_all_eligible,linear,short,5000,0.01,345521
1962,0.039106405287030466,2.0,-3.9608935947129695,0.0,-374.3618162214013,-7771.273232826847,,,0,3,non_overlapping_trade_tape,linear,short,5000,0.01,345521
3456,0.057598941212240184,3.0,-5.94240105878776,0.0,-569.4049407429368,-20536.938059170498,,,0,4,predictive_all_eligible,linear,short,5000,0.01,345521
1962,0.03910640528703002,3.0,-5.96089359471297,0.0,-563.3907852000693,-11695.273232826847,,,0,3,non_overlapping_trade_tape,linear,short,5000,0.01,345521
3456,0.05759894121224107,5.0,-9.942401058787759,0.0,-952.6876812445308,-34360.9380591705,,,0,4,predictive_all_eligible,linear,short,5000,0.01,345521
1962,0.03910640528703091,5.0,-9.960893594712969,0.0,-941.4487231574051,-19543.273232826847,,,0,3,non_overlapping_trade_tape,linear,short,5000,0.01,345521
34547,0.039003384482467096,1.0,-1.960996615517533,0.004110342432049092,-877.2739583319342,-67746.55007628421,,,0,4,predictive_all_eligible,linear,short,10000,0.1,345461
12162,0.04409679135276767,1.0,-1.9559032086472323,0.0020555829633284,-590.3220283329721,-23787.69482356764,,,0,2,non_overlapping_trade_tape,linear,short,10000,0.1,345461
34547,0.039003384482466874,2.0,-3.960996615517533,0.0005499753958375546,-1771.9965207167852,-136840.5500762842,,,0,4,predictive_all_eligible,linear,short,10000,0.1,345461
12162,0.044096791352767895,2.0,-3.955903208647232,0.000246669955599408,-1193.9531545800205,-48111.69482356764,,,0,2,non_overlapping_trade_tape,linear,short,10000,0.1,345461
34547,0.03900338448246732,3.0,-5.960996615517533,0.00014473036732567227,-2666.7190831016364,-205934.5500762842,,,0,4,predictive_all_eligible,linear,short,10000,0.1,345461
12162,0.044096791352767895,3.0,-5.955903208647232,8.2223318533136e-05,-1797.5842808270686,-72435.69482356764,,,0,2,non_overlapping_trade_tape,linear,short,10000,0.1,345461
34547,0.03900338448246643,5.0,-9.960996615517534,0.0,-4456.16420787134,-344122.5500762842,,,0,4,predictive_all_eligible,linear,short,10000,0.1,345461
12162,0.044096791352767895,5.0,-9.955903208647232,0.0,-3004.846533321165,-121083.69482356764,,,0,2,non_overlapping_trade_tape,linear,short,10000,0.1,345461
17274,0.03720608245296808,1.0,-1.962793917547032,0.007525761259696654,-506.2976090812287,-33905.30213170743,,,0,4,predictive_all_eligible,linear,short,10000,0.05,345461
7482,0.04233397651560278,1.0,-1.9576660234843972,0.0032076984763432237,-432.52086237386936,-14647.25718771026,,,0,2,non_overlapping_trade_tape,linear,short,10000,0.05,345461
17274,0.03720608245296786,2.0,-3.962793917547032,0.0009841380108834086,-1022.1924307994107,-68453.30213170743,,,0,4,predictive_all_eligible,linear,short,10000,0.05,345461
7482,0.04233397651560278,2.0,-3.957666023484397,0.00013365410318096765,-874.3948666067641,-29611.25718771026,,,0,2,non_overlapping_trade_tape,linear,short,10000,0.05,345461
17274,0.0372060824529683,3.0,-5.962793917547032,0.000289452356142179,-1538.087252517592,-103001.30213170743,,,0,4,predictive_all_eligible,linear,short,10000,0.05,345461
7482,0.04233397651560278,3.0,-5.957666023484397,0.00013365410318096765,-1316.2688708396588,-44575.25718771026,,,0,2,non_overlapping_trade_tape,linear,short,10000,0.05,345461
17274,0.0372060824529683,5.0,-9.962793917547032,0.0,-2569.876895953955,-172097.30213170743,,,0,4,predictive_all_eligible,linear,short,10000,0.05,345461
7482,0.04233397651560189,5.0,-9.957666023484398,0.0,-2200.0168793054486,-74503.25718771026,,,0,2,non_overlapping_trade_tape,linear,short,10000,0.05,345461
6911,0.03751554778232169,1.0,-1.9624844522176783,0.015771957748516856,-239.76644091324957,-13562.730049276375,,,0,4,predictive_all_eligible,linear,short,10000,0.02,345461
3164,0.04769929909798876,1.0,-1.9523007009020112,0.00663716814159292,-227.21298347450838,-6177.079417653964,,,0,2,non_overlapping_trade_tape,linear,short,10000,0.02,345461
6911,0.03751554778232169,2.0,-3.9624844522176783,0.0021704529011720448,-484.1163420218212,-27384.730049276375,,,0,4,predictive_all_eligible,linear,short,10000,0.02,345461
3164,0.04769929909798876,2.0,-3.9523007009020112,0.0003160556257901391,-459.9773146756705,-12505.079417653964,,,0,2,non_overlapping_trade_tape,linear,short,10000,0.02,345461
6911,0.03751554778232169,3.0,-5.962484452217678,0.0007234843003906816,-728.4662431303929,-41206.730049276375,,,0,4,predictive_all_eligible,linear,short,10000,0.02,345461
3164,0.04769929909798876,3.0,-5.952300700902011,0.0003160556257901391,-692.7416458768328,-18833.079417653964,,,0,2,non_overlapping_trade_tape,linear,short,10000,0.02,345461
6911,0.03751554778232169,5.0,-9.962484452217678,0.0,-1217.166045347536,-68850.73004927638,,,0,4,predictive_all_eligible,linear,short,10000,0.02,345461
3164,0.04769929909798876,5.0,-9.952300700902011,0.0,-1158.270308279157,-31489.079417653964,,,0,2,non_overlapping_trade_tape,linear,short,10000,0.02,345461
3456,0.04911463362623181,1.0,-1.9508853663737682,0.02662037037037037,-137.33609654295236,-6742.259826187743,,,0,4,predictive_all_eligible,linear,short,10000,0.01,345461
1666,0.05466703708842058,1.0,-1.9453329629115794,0.011404561824729893,-139.1639985136004,-3240.9247162106913,,,0,2,non_overlapping_trade_tape,linear,short,10000,0.01,345461
3456,0.04911463362623181,2.0,-3.950885366373768,0.004050925925925926,-278.12970636763157,-13654.259826187743,,,0,4,predictive_all_eligible,linear,short,10000,0.01,345461
1666,0.05466703708842058,2.0,-3.9453329629115794,0.0012004801920768306,-282.23873293368,-6572.924716210691,,,0,2,non_overlapping_trade_tape,linear,short,10000,0.01,345461
3456,0.04911463362623181,3.0,-5.950885366373768,0.0014467592592592592,-418.92331619231084,-20566.259826187743,,,0,4,predictive_all_eligible,linear,short,10000,0.01,345461
1666,0.05466703708842058,3.0,-5.945332962911579,0.0006002400960384153,-425.3134673537596,-9904.924716210691,,,0,2,non_overlapping_trade_tape,linear,short,10000,0.01,345461
3456,0.04911463362623181,5.0,-9.950885366373768,0.0,-700.5105358416693,-34390.25982618774,,,0,4,predictive_all_eligible,linear,short,10000,0.01,345461
1666,0.054667037088421466,5.0,-9.945332962911579,0.0,-711.462936193919,-16568.92471621069,,,0,2,non_overlapping_trade_tape,linear,short,10000,0.01,345461
34523,0.030486158640786076,1.0,-1.969513841359214,0.016597630565130493,-438.33527929380404,-67993.52634524414,,,0,4,predictive_all_eligible,linear,short,30000,0.1,345221
6214,0.029641713993893593,1.0,-1.9703582860061064,0.008368200836820083,-218.8250421340483,-12243.806389241945,,,0,1,non_overlapping_trade_tape,linear,short,30000,0.1,345221
34523,0.030486158640786076,2.0,-3.969513841359214,0.004460794253106625,-883.455562369649,-137039.52634524414,,,0,4,predictive_all_eligible,linear,short,30000,0.1,345221
6214,0.029641713993893593,2.0,-3.9703582860061064,0.001448342452526553,-440.94204865838367,-24671.806389241945,,,0,1,non_overlapping_trade_tape,linear,short,30000,0.1,345221
34523,0.030486158640785632,3.0,-5.969513841359214,0.0018828027691683805,-1328.575845445494,-206085.52634524414,,,0,4,predictive_all_eligible,linear,short,30000,0.1,345221
6214,0.029641713993894037,3.0,-5.970358286006106,0.000643707756678468,-663.0590551827189,-37099.806389241945,,,0,1,non_overlapping_trade_tape,linear,short,30000,0.1,345221
34523,0.030486158640785632,5.0,-9.969513841359214,0.00017379717869246588,-2218.816411597184,-344177.52634524414,,,0,4,predictive_all_eligible,linear,short,30000,0.1,345221
6214,0.02964171399389315,5.0,-9.970358286006107,0.000160926939169617,-1107.2930682313897,-61955.806389241945,,,0,1,non_overlapping_trade_tape,linear,short,30000,0.1,345221
17262,0.04109966630501627,1.0,-1.9589003336949837,0.02751708956088518,-249.67407483759186,-33814.53756024281,,,0,4,predictive_all_eligible,linear,short,30000,0.05,345221
4199,0.03426396325976944,1.0,-1.9657360367402306,0.010002381519409383,-166.89019807273726,-8254.125618272228,,,0,1,non_overlapping_trade_tape,linear,short,30000,0.05,345221
17262,0.04109966630501605,2.0,-3.958900333694984,0.00845788437029313,-504.5865586867759,-68338.53756024281,,,0,4,predictive_all_eligible,linear,short,30000,0.05,345221
4199,0.03426396325976944,2.0,-3.9657360367402306,0.0019052155275065491,-336.6893928308395,-16652.125618272228,,,0,1,non_overlapping_trade_tape,linear,short,30000,0.05,345221
17262,0.04109966630501649,3.0,-5.9589003336949835,0.003475842891901286,-759.4990425359599,-102862.53756024281,,,0,4,predictive_all_eligible,linear,short,30000,0.05,345221
4199,0.03426396325976899,3.0,-5.965736036740231,0.0007144558228149559,-506.48858758894175,-25050.125618272228,,,0,1,non_overlapping_trade_tape,linear,short,30000,0.05,345221
17262,0.0410996663050156,5.0,-9.958900333694984,0.0003475842891901286,-1269.324010234328,-171910.5375602428,,,0,4,predictive_all_eligible,linear,short,30000,0.05,345221
4199,0.03426396325976988,5.0,-9.96573603674023,0.00023815194093831864,-846.0869771051463,-41846.12561827223,,,0,1,non_overlapping_trade_tape,linear,short,30000,0.05,345221
6906,0.08718263535755821,1.0,-1.9128173646424418,0.05372140167969881,-117.15917675153482,-13209.916720220703,,,0,4,predictive_all_eligible,linear,short,30000,0.02,345221
2035,0.04848711158495611,1.0,-1.951512888415044,0.016216216216216217,-104.00932850043715,-3971.328727924614,,,0,2,non_overlapping_trade_tape,linear,short,30000,0.02,345221
6906,0.08718263535755844,2.0,-3.9128173646424416,0.018389805965826816,-239.6582494985402,-27021.916720220703,,,0,4,predictive_all_eligible,linear,short,30000,0.02,345221
2035,0.04848711158495611,2.0,-3.951512888415044,0.0034398034398034397,-210.6028633091262,-8041.328727924614,,,0,2,non_overlapping_trade_tape,linear,short,30000,0.02,345221
6906,0.08718263535755799,3.0,-5.912817364642442,0.0076744859542426875,-362.1573222455457,-40833.9167202207,,,0,4,predictive_all_eligible,linear,short,30000,0.02,345221
2035,0.04848711158495611,3.0,-5.951512888415044,0.0019656019656019656,-317.19639811781525,-12111.328727924614,,,0,2,non_overlapping_trade_tape,linear,short,30000,0.02,345221
6906,0.08718263535755888,5.0,-9.912817364642441,0.0008688097306689834,-607.1554677395563,-68457.9167202207,,,0,4,predictive_all_eligible,linear,short,30000,0.02,345221
2035,0.04848711158495611,5.0,-9.951512888415044,0.0004914004914004914,-530.3834677351933,-20251.328727924614,,,0,2,non_overlapping_trade_tape,linear,short,30000,0.02,345221
3455,0.11404503407687971,1.0,-1.8859549659231203,0.07698986975397974,-65.37086312651184,-6515.974407264381,,,0,4,predictive_all_eligible,linear,short,30000,0.01,345221
1050,0.02705807581244568,1.0,-1.9729419241875543,0.023809523809523808,-61.53011306815256,-2071.589020396932,,,0,2,non_overlapping_trade_tape,linear,short,30000,0.01,345221
3455,0.11404503407687949,2.0,-3.8859549659231205,0.03154848046309696,-134.69474869926694,-13425.97440726438,,,0,4,predictive_all_eligible,linear,short,30000,0.01,345221
1050,0.027058075812445903,2.0,-3.972941924187554,0.004761904761904762,-123.90408598019384,-4171.589020396932,,,0,2,non_overlapping_trade_tape,linear,short,30000,0.01,345221
3455,0.11404503407687994,3.0,-5.88595496592312,0.013314037626628075,-204.01863427202207,-20335.97440726438,,,0,4,predictive_all_eligible,linear,short,30000,0.01,345221
1050,0.02705807581244546,3.0,-5.9729419241875545,0.002857142857142857,-186.27805889223512,-6271.589020396932,,,0,2,non_overlapping_trade_tape,linear,short,30000,0.01,345221
3455,0.11404503407687905,5.0,-9.885954965923121,0.0017366136034732273,-342.6664054175323,-34155.97440726438,,,0,4,predictive_all_eligible,linear,short,30000,0.01,345221
1050,0.027058075812446347,5.0,-9.972941924187554,0.0009523809523809524,-311.0260047163177,-10471.589020396932,,,0,2,non_overlapping_trade_tape,linear,short,30000,0.01,345221
34487,0.026003313004006934,1.0,-1.973996686995993,0.023400121785020444,-326.53244344823094,-68077.22374443081,,,0,4,predictive_all_eligible,linear,short,60000,0.1,344861
3881,0.02586699546048643,1.0,-1.9741330045395136,0.01520226745684102,-146.16055281483287,-7661.610190617852,,,0,1,non_overlapping_trade_tape,linear,short,60000,0.1,344861
34487,0.026003313004006934,2.0,-3.973996686995993,0.007829037028445502,-657.3662747300297,-137051.2237444308,,,0,4,predictive_all_eligible,linear,short,60000,0.1,344861
3881,0.025866995460486653,2.0,-3.9741330045395133,0.002061324400927596,-294.2362422225243,-15423.610190617852,,,0,1,non_overlapping_trade_tape,linear,short,60000,0.1,344861
34487,0.026003313004006934,3.0,-5.973996686995993,0.004436454316119117,-988.2001060118283,-206025.2237444308,,,0,4,predictive_all_eligible,linear,short,60000,0.1,344861
3881,0.02586699546048621,3.0,-5.974133004539514,0.0007729966503478485,-442.3119316302158,-23185.610190617852,,,0,1,non_overlapping_trade_tape,linear,short,60000,0.1,344861
34487,0.026003313004007822,5.0,-9.973996686995992,0.0015368109722504132,-1649.867768575426,-343973.2237444308,,,0,4,predictive_all_eligible,linear,short,60000,0.1,344861
3881,0.02586699546048621,5.0,-9.974133004539514,0.0,-738.4633104455985,-38709.61019061785,,,0,1,non_overlapping_trade_tape,linear,short,60000,0.1,344861
17244,0.04823982871853283,1.0,-1.9517601712814672,0.03630248202273254,-184.8498907493343,-33656.15239357762,,,0,4,predictive_all_eligible,linear,short,60000,0.05,344861
2855,0.027681458337989184,1.0,-1.9723185416620108,0.01646234676007005,-120.7759477940262,-5630.969436445041,,,0,1,non_overlapping_trade_tape,linear,short,60000,0.05,344861
17244,0.04823982871853261,2.0,-3.9517601712814674,0.013743910925539319,-374.2685431731794,-68144.15239357762,,,0,4,predictive_all_eligible,linear,short,60000,0.05,344861
2855,0.027681458337989184,2.0,-3.972318541662011,0.0028021015761821367,-243.2469840316637,-11340.96943644504,,,0,1,non_overlapping_trade_tape,linear,short,60000,0.05,344861
17244,0.04823982871853261,3.0,-5.951760171281467,0.008234748318255625,-563.6871955970245,-102632.15239357762,,,0,4,predictive_all_eligible,linear,short,60000,0.05,344861
2855,0.027681458337989184,3.0,-5.972318541662011,0.0010507880910683013,-365.7180202693011,-17050.96943644504,,,0,1,non_overlapping_trade_tape,linear,short,60000,0.05,344861
17244,0.04823982871853261,5.0,-9.951760171281467,0.002899559266991417,-942.5245004447146,-171608.15239357762,,,0,4,predictive_all_eligible,linear,short,60000,0.05,344861
2855,0.027681458337989184,5.0,-9.97231854166201,0.0,-610.660092744576,-28470.96943644504,,,0,1,non_overlapping_trade_tape,linear,short,60000,0.05,344861
6899,0.08360702343920767,1.0,-1.9163929765607923,0.06305261632120597,-85.06250723435846,-13221.195145292906,,,0,4,predictive_all_eligible,linear,short,60000,0.02,344861
1542,0.047290397288616504,1.0,-1.9527096027113835,0.019455252918287938,-81.55910211374245,-3011.0782073809532,,,0,1,non_overlapping_trade_tape,linear,short,60000,0.02,344861
6899,0.08360702343920767,2.0,-3.9163929765607923,0.02667053196115379,-173.8360607536516,-27019.195145292906,,,0,4,predictive_all_eligible,linear,short,60000,0.02,344861
1542,0.047290397288616504,2.0,-3.9527096027113835,0.005836575875486381,-165.09338903535712,-6095.078207380953,,,0,1,non_overlapping_trade_tape,linear,short,60000,0.02,344861
6899,0.08360702343920767,3.0,-5.916392976560792,0.01753877373532396,-262.6096142729447,-40817.195145292906,,,0,4,predictive_all_eligible,linear,short,60000,0.02,344861
1542,0.047290397288616504,3.0,-5.9527096027113835,0.0012970168612191958,-248.62767595697179,-9179.078207380953,,,0,1,non_overlapping_trade_tape,linear,short,60000,0.02,344861
6899,0.08360702343920856,5.0,-9.916392976560791,0.006522684447021307,-440.156721311531,-68413.1951452929,,,0,4,predictive_all_eligible,linear,short,60000,0.02,344861
1542,0.047290397288616504,5.0,-9.952709602711383,0.0,-415.69624980020114,-15347.078207380953,,,0,1,non_overlapping_trade_tape,linear,short,60000,0.02,344861
3450,0.12531287205908304,1.0,-1.874687127940917,0.0927536231884058,-47.112598039842,-6467.670591396163,,,0,4,predictive_all_eligible,linear,short,60000,0.01,344861
814,0.05159067739881307,1.0,-1.948409322601187,0.03194103194103194,-50.07552848861612,-1586.0051885973662,,,0,1,non_overlapping_trade_tape,linear,short,60000,0.01,344861
3450,0.12531287205908326,2.0,-3.8746871279409167,0.042028985507246375,-97.37442289334555,-13367.670591396163,,,0,4,predictive_all_eligible,linear,short,60000,0.01,344861
814,0.05159067739881307,2.0,-3.948409322601187,0.0085995085995086,-101.4769746916796,-3214.005188597366,,,0,1,non_overlapping_trade_tape,linear,short,60000,0.01,344861
3450,0.1253128720590828,3.0,-5.874687127940917,0.028985507246376812,-147.6362477468491,-20267.670591396163,,,0,4,predictive_all_eligible,linear,short,60000,0.01,344861
814,0.05159067739881262,3.0,-5.948409322601187,0.002457002457002457,-152.8784208947431,-4842.005188597366,,,0,1,non_overlapping_trade_tape,linear,short,60000,0.01,344861
3450,0.1253128720590837,5.0,-9.874687127940916,0.01217391304347826,-248.15989745385622,-34067.67059139616,,,0,4,predictive_all_eligible,linear,short,60000,0.01,344861
814,0.05159067739881351,5.0,-9.948409322601186,0.0,-255.68131330087,-8098.005188597366,,,0,1,non_overlapping_trade_tape,linear,short,60000,0.01,344861
34559,0.000569702178090159,1.0,-1.9994302978219098,0.0,-8611.540149926435,-69098.31166242738,,,0,4,predictive_all_eligible,lightgbm,long,250,0.1,345578
34559,0.000569702178090159,1.0,-1.9994302978219098,0.0,-8611.540149926435,-69098.31166242738,,,0,4,non_overlapping_trade_tape,lightgbm,long,250,0.1,345578
34559,0.000569702178089937,2.0,-3.99943029782191,0.0,-17225.534005383623,-138216.31166242738,,,0,4,predictive_all_eligible,lightgbm,long,250,0.1,345578
34559,0.000569702178089937,2.0,-3.99943029782191,0.0,-17225.534005383623,-138216.31166242738,,,0,4,non_overlapping_trade_tape,lightgbm,long,250,0.1,345578
34559,0.000569702178090381,3.0,-5.99943029782191,0.0,-25839.52786084082,-207334.31166242738,,,0,4,predictive_all_eligible,lightgbm,long,250,0.1,345578
34559,0.000569702178090381,3.0,-5.99943029782191,0.0,-25839.52786084082,-207334.31166242738,,,0,4,non_overlapping_trade_tape,lightgbm,long,250,0.1,345578
34559,0.000569702178090381,5.0,-9.99943029782191,0.0,-43067.5155717552,-345570.3116624274,,,0,4,predictive_all_eligible,lightgbm,long,250,0.1,345578
34559,0.000569702178090381,5.0,-9.99943029782191,0.0,-43067.5155717552,-345570.3116624274,,,0,4,non_overlapping_trade_tape,lightgbm,long,250,0.1,345578
17280,0.001499552315753716,1.0,-1.9985004476842463,0.0,-6233.451093217875,-34534.087735983776,,,0,4,predictive_all_eligible,lightgbm,long,250,0.05,345578
17280,0.001499552315753716,1.0,-1.9985004476842463,0.0,-6233.451093217875,-34534.087735983776,,,0,4,non_overlapping_trade_tape,lightgbm,long,250,0.05,345578
17280,0.001499552315753494,2.0,-3.9985004476842465,0.0,-12471.57938629968,-69094.08773598378,,,0,4,predictive_all_eligible,lightgbm,long,250,0.05,345578
17280,0.001499552315753494,2.0,-3.9985004476842465,0.0,-12471.57938629968,-69094.08773598378,,,0,4,non_overlapping_trade_tape,lightgbm,long,250,0.05,345578
17280,0.001499552315753938,3.0,-5.998500447684246,0.0,-18709.70767938148,-103654.08773598378,,,0,4,predictive_all_eligible,lightgbm,long,250,0.05,345578
17280,0.001499552315753938,3.0,-5.998500447684246,0.0,-18709.70767938148,-103654.08773598378,,,0,4,non_overlapping_trade_tape,lightgbm,long,250,0.05,345578
17280,0.00149955231575305,5.0,-9.998500447684247,0.0,-31185.964265545088,-172774.08773598378,,,0,4,predictive_all_eligible,lightgbm,long,250,0.05,345578
17280,0.00149955231575305,5.0,-9.998500447684247,0.0,-31185.964265545088,-172774.08773598378,,,0,4,non_overlapping_trade_tape,lightgbm,long,250,0.05,345578
6912,0.0025243058557189446,1.0,-1.997475694144281,0.0,-4417.456121556622,-13806.551997925271,,,0,4,predictive_all_eligible,lightgbm,long,250,0.02,345578
6912,0.0025243058557189446,1.0,-1.997475694144281,0.0,-4417.456121556622,-13806.551997925271,,,0,4,non_overlapping_trade_tape,lightgbm,long,250,0.02,345578
6912,0.0025243058557187226,2.0,-3.9974756941442813,0.0,-8840.494794324113,-27630.55199792527,,,0,4,predictive_all_eligible,lightgbm,long,250,0.02,345578
6912,0.0025243058557187226,2.0,-3.9974756941442813,0.0,-8840.494794324113,-27630.55199792527,,,0,4,non_overlapping_trade_tape,lightgbm,long,250,0.02,345578
6912,0.0025243058557187226,3.0,-5.997475694144281,0.0,-13263.533467091604,-41454.55199792527,,,0,4,predictive_all_eligible,lightgbm,long,250,0.02,345578
6912,0.0025243058557187226,3.0,-5.997475694144281,0.0,-13263.533467091604,-41454.55199792527,,,0,4,non_overlapping_trade_tape,lightgbm,long,250,0.02,345578
6912,0.0025243058557187226,5.0,-9.997475694144281,0.0,-22109.61081262659,-69102.55199792527,,,0,4,predictive_all_eligible,lightgbm,long,250,0.02,345578
6912,0.0025243058557187226,5.0,-9.997475694144281,0.0,-22109.61081262659,-69102.55199792527,,,0,4,non_overlapping_trade_tape,lightgbm,long,250,0.02,345578
3456,0.0037881256236047545,1.0,-1.9962118743763952,0.0,-2987.4227550229584,-6898.908237844822,,,0,4,predictive_all_eligible,lightgbm,long,250,0.01,345578
3456,0.0037881256236047545,1.0,-1.9962118743763952,0.0,-2987.4227550229584,-6898.908237844822,,,0,4,non_overlapping_trade_tape,lightgbm,long,250,0.01,345578
3456,0.0037881256236045324,2.0,-3.9962118743763955,0.0,-5980.514614028368,-13810.908237844822,,,0,4,predictive_all_eligible,lightgbm,long,250,0.01,345578
3456,0.0037881256236045324,2.0,-3.9962118743763955,0.0,-5980.514614028368,-13810.908237844822,,,0,4,non_overlapping_trade_tape,lightgbm,long,250,0.01,345578
3456,0.0037881256236049765,3.0,-5.996211874376395,0.0,-8973.606473033777,-20722.908237844822,,,0,4,predictive_all_eligible,lightgbm,long,250,0.01,345578
3456,0.0037881256236049765,3.0,-5.996211874376395,0.0,-8973.606473033777,-20722.908237844822,,,0,4,non_overlapping_trade_tape,lightgbm,long,250,0.01,345578
3456,0.0037881256236040883,5.0,-9.996211874376396,0.0,-14959.790191044594,-34546.90823784482,,,0,4,predictive_all_eligible,lightgbm,long,250,0.01,345578
3456,0.0037881256236040883,5.0,-9.996211874376396,0.0,-14959.790191044594,-34546.90823784482,,,0,4,non_overlapping_trade_tape,lightgbm,long,250,0.01,345578
34567,0.017536055429641095,1.0,-1.982463944570359,5.785865131483785e-05,-3110.842605838537,-68527.8311719636,,,0,4,predictive_all_eligible,lightgbm,long,1000,0.1,345569
24099,0.01926008226686582,1.0,-1.9807399177331342,8.299099547699075e-05,-2579.6420479865424,-47733.8512774508,,,0,3,non_overlapping_trade_tape,lightgbm,long,1000,0.1,345569
34567,0.017536055429641095,2.0,-3.982463944570359,0.0,-6249.202437661577,-137661.8311719636,,,0,4,predictive_all_eligible,lightgbm,long,1000,0.1,345569
24099,0.01926008226686582,2.0,-3.980739917733134,0.0,-5184.367711251636,-95931.8512774508,,,0,3,non_overlapping_trade_tape,lightgbm,long,1000,0.1,345569
34567,0.017536055429641095,3.0,-5.982463944570359,0.0,-9387.562269484619,-206795.8311719636,,,0,4,predictive_all_eligible,lightgbm,long,1000,0.1,345569
24099,0.019260082266866263,3.0,-5.980739917733134,0.0,-7789.093374516729,-144129.8512774508,,,0,3,non_overlapping_trade_tape,lightgbm,long,1000,0.1,345569
34567,0.017536055429641095,5.0,-9.982463944570359,0.0,-15664.281933130702,-345063.8311719636,,,0,4,predictive_all_eligible,lightgbm,long,1000,0.1,345569
24099,0.019260082266866263,5.0,-9.980739917733134,0.0,-12998.544701046916,-240525.8512774508,,,0,3,non_overlapping_trade_tape,lightgbm,long,1000,0.1,345569
17280,0.0233509649522603,1.0,-1.9766490350477397,0.00011574074074074075,-1949.3740005450938,-34156.49532562494,,,0,4,predictive_all_eligible,lightgbm,long,1000,0.05,345569
13477,0.024459750713198947,1.0,-1.975540249286801,0.00014840097944646434,-1746.9478886681538,-26624.35593963822,,,0,4,non_overlapping_trade_tape,lightgbm,long,1000,0.05,345569
17280,0.023350964952260078,2.0,-3.97664903504774,0.0,-3921.7767548843467,-68716.49532562494,,,0,4,predictive_all_eligible,lightgbm,long,1000,0.05,345569
13477,0.024459750713198947,2.0,-3.975540249286801,0.0,-3515.5252581232457,-53578.35593963822,,,0,4,non_overlapping_trade_tape,lightgbm,long,1000,0.05,345569
17280,0.023350964952260078,3.0,-5.97664903504774,0.0,-5894.1795092236,-103276.49532562494,,,0,4,predictive_all_eligible,lightgbm,long,1000,0.05,345569
13477,0.024459750713198503,3.0,-5.9755402492868015,0.0,-5284.102627578338,-80532.35593963822,,,0,4,non_overlapping_trade_tape,lightgbm,long,1000,0.05,345569
17280,0.023350964952260966,5.0,-9.976649035047739,0.0,-9838.985017902105,-172396.49532562494,,,0,4,predictive_all_eligible,lightgbm,long,1000,0.05,345569
13477,0.024459750713198503,5.0,-9.975540249286801,0.0,-8821.257366488522,-134440.35593963822,,,0,4,non_overlapping_trade_tape,lightgbm,long,1000,0.05,345569
6912,0.027727388773385986,1.0,-1.972272611226614,0.0,-1302.592913721548,-13632.348288798355,,,0,4,predictive_all_eligible,lightgbm,long,1000,0.02,345569
5697,0.028160033449373678,1.0,-1.9718399665506263,0.0,-1201.4956737407301,-11233.572289438918,,,0,4,non_overlapping_trade_tape,lightgbm,long,1000,0.02,345569
6912,0.027727388773385986,2.0,-3.972272611226614,0.0,-2623.498458225791,-27456.348288798355,,,0,4,predictive_all_eligible,lightgbm,long,1000,0.02,345569
5697,0.028160033449373678,2.0,-3.9718399665506263,0.0,-2420.1500210735185,-22627.57228943892,,,0,4,non_overlapping_trade_tape,lightgbm,long,1000,0.02,345569
6912,0.02772738877338643,3.0,-5.972272611226614,0.0,-3944.404002730034,-41280.348288798355,,,0,4,predictive_all_eligible,lightgbm,long,1000,0.02,345569
5697,0.028160033449373678,3.0,-5.971839966550626,0.0,-3638.8043684063064,-34021.57228943892,,,0,4,non_overlapping_trade_tape,lightgbm,long,1000,0.02,345569
6912,0.027727388773385542,5.0,-9.972272611226614,0.0,-6586.215091738521,-68928.34828879836,,,0,4,predictive_all_eligible,lightgbm,long,1000,0.02,345569
5697,0.02816003344937279,5.0,-9.971839966550627,0.0,-6076.1130630718835,-56809.57228943892,,,0,4,non_overlapping_trade_tape,lightgbm,long,1000,0.02,345569
3457,0.026894304967600702,1.0,-1.9731056950323993,0.0,-865.1656505983124,-6821.0263877270045,,,0,4,predictive_all_eligible,lightgbm,long,1000,0.01,345569
2991,0.025337795508953542,1.0,-1.9746622044910465,0.0,-824.8582284841016,-5906.21465363272,,,0,4,non_overlapping_trade_tape,lightgbm,long,1000,0.01,345569
3457,0.02689430496760048,2.0,-3.9731056950323995,0.0,-1742.1238923960038,-13735.026387727004,,,0,4,predictive_all_eligible,lightgbm,long,1000,0.01,345569
2991,0.02533779550895332,2.0,-3.9746622044910467,0.0,-1660.3005908366058,-11888.21465363272,,,0,4,non_overlapping_trade_tape,lightgbm,long,1000,0.01,345569
3457,0.026894304967600924,3.0,-5.973105695032399,0.0,-2619.0821341936953,-20649.026387727004,,,0,4,predictive_all_eligible,lightgbm,long,1000,0.01,345569
2991,0.02533779550895332,3.0,-5.974662204491047,0.0,-2495.74295318911,-17870.21465363272,,,0,4,non_overlapping_trade_tape,lightgbm,long,1000,0.01,345569
3457,0.026894304967600036,5.0,-9.9731056950324,0.0,-4372.998617789079,-34477.026387727004,,,0,4,predictive_all_eligible,lightgbm,long,1000,0.01,345569
2991,0.02533779550895332,5.0,-9.974662204491047,0.0,-4166.627677894118,-29834.21465363272,,,0,4,non_overlapping_trade_tape,lightgbm,long,1000,0.01,345569
34553,0.047335394893199156,1.0,-1.9526646051068008,0.0011576418834833445,-1185.6376468870985,-67470.42010025529,,,0,4,predictive_all_eligible,lightgbm,long,5000,0.1,345521
16547,0.045220133353172765,1.0,-1.9547798666468272,0.0009669426482141778,-847.3754741210142,-32345.74245340505,,,0,2,non_overlapping_trade_tape,lightgbm,long,5000,0.1,345521
34553,0.04733539489319938,2.0,-3.9526646051068006,0.0002604694237837525,-2400.0168534198556,-136576.4201002553,,,0,4,predictive_all_eligible,lightgbm,long,5000,0.1,345521
16547,0.04522013335317254,2.0,-3.9547798666468275,0.00024173566205354445,-1714.353376420139,-65439.74245340505,,,0,2,non_overlapping_trade_tape,lightgbm,long,5000,0.1,345521
34553,0.04733539489319938,3.0,-5.952664605106801,0.00011576418834833445,-3614.3960599526126,-205682.4201002553,,,0,4,predictive_all_eligible,lightgbm,long,5000,0.1,345521
16547,0.04522013335317254,3.0,-5.9547798666468275,6.043391551338611e-05,-2581.3312787192635,-98533.74245340505,,,0,2,non_overlapping_trade_tape,lightgbm,long,5000,0.1,345521
34553,0.04733539489319938,5.0,-9.9526646051068,0.0,-6043.154473018128,-343894.4201002553,,,0,4,predictive_all_eligible,lightgbm,long,5000,0.1,345521
16547,0.04522013335317254,5.0,-9.954779866646827,0.0,-4315.287083317513,-164721.74245340505,,,0,2,non_overlapping_trade_tape,lightgbm,long,5000,0.1,345521
17278,0.05080729398939443,1.0,-1.9491927060106056,0.0009839101747887487,-807.401799940751,-33678.15157445124,,,0,4,predictive_all_eligible,lightgbm,long,5000,0.05,345521
10007,0.04736418032907874,1.0,-1.9526358196709213,0.00099930048965724,-648.1263063542823,-19540.02664744691,,,0,3,non_overlapping_trade_tape,lightgbm,long,5000,0.05,345521
17278,0.05080729398939443,2.0,-3.9491927060106056,0.0003472624146313231,-1635.8491848001502,-68234.15157445124,,,0,4,predictive_all_eligible,lightgbm,long,5000,0.05,345521
10007,0.04736418032907874,2.0,-3.9526358196709213,0.00029979014689717197,-1311.9739115503312,-39554.02664744691,,,0,3,non_overlapping_trade_tape,lightgbm,long,5000,0.05,345521
17278,0.05080729398939443,3.0,-5.949192706010606,0.00017363120731566154,-2464.2965696595493,-102790.15157445124,,,0,4,predictive_all_eligible,lightgbm,long,5000,0.05,345521
10007,0.04736418032907874,3.0,-5.952635819670921,9.9930048965724e-05,-1975.8215167463798,-59568.02664744691,,,0,3,non_overlapping_trade_tape,lightgbm,long,5000,0.05,345521
17278,0.05080729398939354,5.0,-9.949192706010606,0.0,-4121.191339378348,-171902.15157445124,,,0,4,predictive_all_eligible,lightgbm,long,5000,0.05,345521
10007,0.047364180329077854,5.0,-9.952635819670922,0.0,-3303.516727138477,-99596.02664744691,,,0,3,non_overlapping_trade_tape,lightgbm,long,5000,0.05,345521
6912,0.05510396542629481,1.0,-1.9448960345737052,0.0005787037037037037,-548.6201971052458,-13443.12139097345,,,0,4,predictive_all_eligible,lightgbm,long,5000,0.02,345521
4831,0.05390581021670848,1.0,-1.9460941897832915,0.0008279859242392879,-439.1164018183,-9401.581030843081,,,0,3,non_overlapping_trade_tape,lightgbm,long,5000,0.02,345521
6912,0.05510396542629481,2.0,-3.944896034573705,0.00014467592592592592,-1112.784231945798,-27267.12139097345,,,0,4,predictive_all_eligible,lightgbm,long,5000,0.02,345521
4831,0.053905810216708705,2.0,-3.9460941897832913,0.00020699648105982198,-890.3961025887936,-19063.58103084308,,,0,3,non_overlapping_trade_tape,lightgbm,long,5000,0.02,345521
6912,0.055103965426294366,3.0,-5.944896034573706,0.00014467592592592592,-1676.9482667863506,-41091.12139097345,,,0,4,predictive_all_eligible,lightgbm,long,5000,0.02,345521
4831,0.05390581021670826,3.0,-5.946094189783292,0.00020699648105982198,-1341.6758033592873,-28725.58103084308,,,0,3,non_overlapping_trade_tape,lightgbm,long,5000,0.02,345521
6912,0.055103965426294366,5.0,-9.944896034573706,0.0,-2805.276336467455,-68739.12139097345,,,0,4,predictive_all_eligible,lightgbm,long,5000,0.02,345521
4831,0.05390581021670826,5.0,-9.946094189783292,0.0,-2244.2352049002748,-48049.58103084308,,,0,3,non_overlapping_trade_tape,lightgbm,long,5000,0.02,345521
3457,0.05102084616251257,1.0,-1.9489791538374874,0.0005785363031530228,-424.07811162005896,-6737.620934816194,,,0,4,predictive_all_eligible,lightgbm,long,5000,0.01,345521
2651,0.050015279296488746,1.0,-1.9499847207035113,0.0007544322897019992,-364.40193672483105,-5169.409494585008,,,0,4,non_overlapping_trade_tape,lightgbm,long,5000,0.01,345521
3457,0.05102084616251279,2.0,-3.948979153837487,0.0,-859.2578422857878,-13651.620934816194,,,0,4,predictive_all_eligible,lightgbm,long,5000,0.01,345521
2651,0.050015279296488746,2.0,-3.9499847207035113,0.0,-738.150441372973,-10471.409494585008,,,0,4,non_overlapping_trade_tape,lightgbm,long,5000,0.01,345521
3457,0.05102084616251279,3.0,-5.948979153837487,0.0,-1294.4375729515166,-20565.620934816194,,,0,4,predictive_all_eligible,lightgbm,long,5000,0.01,345521
2651,0.0500152792964883,3.0,-5.949984720703512,0.0,-1111.8989460211149,-15773.409494585008,,,0,4,non_overlapping_trade_tape,lightgbm,long,5000,0.01,345521
3457,0.0510208461625119,5.0,-9.948979153837488,0.0,-2164.7970342829744,-34393.620934816194,,,0,4,predictive_all_eligible,lightgbm,long,5000,0.01,345521
2651,0.0500152792964883,5.0,-9.949984720703512,0.0,-1859.3959553173988,-26377.40949458501,,,0,4,non_overlapping_trade_tape,lightgbm,long,5000,0.01,345521
34547,0.05729485240179888,1.0,-1.9427051475982011,0.0026919848322575044,-830.6718750295414,-67114.63473407505,,,0,4,predictive_all_eligible,lightgbm,long,10000,0.1,345461
12265,0.05537729730410623,1.0,-1.9446227026958938,0.0024459845087647777,-544.308908750855,-23850.797448565136,,,0,2,non_overlapping_trade_tape,lightgbm,long,10000,0.1,345461
34547,0.0572948524017991,2.0,-3.942705147598201,0.0005499753958375546,-1685.8421782086057,-136208.63473407505,,,0,4,predictive_all_eligible,lightgbm,long,10000,0.1,345461
12265,0.05537729730410623,2.0,-3.9446227026958938,0.00024459845087647776,-1104.1181797176723,-48380.797448565136,,,0,2,non_overlapping_trade_tape,lightgbm,long,10000,0.1,345461
34547,0.05729485240179866,3.0,-5.942705147598201,0.00028946073465134454,-2541.0124813876705,-205302.63473407505,,,0,4,predictive_all_eligible,lightgbm,long,10000,0.1,345461
12265,0.055377297304106676,3.0,-5.944622702695893,0.00016306563391765185,-1663.9274506844895,-72910.79744856514,,,0,2,non_overlapping_trade_tape,lightgbm,long,10000,0.1,345461
34547,0.057294852401799545,5.0,-9.9427051475982,0.00014473036732567227,-4251.353087745799,-343490.63473407505,,,0,4,predictive_all_eligible,lightgbm,long,10000,0.1,345461
12265,0.055377297304106676,5.0,-9.944622702695893,0.0,-2783.5459926181243,-121970.79744856514,,,0,2,non_overlapping_trade_tape,lightgbm,long,10000,0.1,345461
17274,0.06177983886435556,1.0,-1.9382201611356444,0.003241866388792405,-540.4622971107137,-33480.81506345712,,,0,4,predictive_all_eligible,lightgbm,long,10000,0.05,345461
7786,0.059427663288384114,1.0,-1.9405723367116159,0.0028255843822245054,-385.49979938028827,-15109.29621363664,,,0,2,non_overlapping_trade_tape,lightgbm,long,10000,0.05,345461
17274,0.061779838864355785,2.0,-3.938220161135644,0.0006946856547412296,-1098.151570958784,-68028.81506345712,,,0,4,predictive_all_eligible,lightgbm,long,10000,0.05,345461
7786,0.059427663288384114,2.0,-3.940572336711616,0.0003853069612124326,-782.8050603978028,-30681.29621363664,,,0,2,non_overlapping_trade_tape,lightgbm,long,10000,0.05,345461
17274,0.06177983886435534,3.0,-5.938220161135645,0.0004052332985990506,-1655.8408448068546,-102576.81506345712,,,0,4,predictive_all_eligible,lightgbm,long,10000,0.05,345461
7786,0.05942766328838456,3.0,-5.940572336711615,0.00025687130747495504,-1180.1103214153172,-46253.29621363664,,,0,2,non_overlapping_trade_tape,lightgbm,long,10000,0.05,345461
17274,0.06177983886435534,5.0,-9.938220161135645,0.0001736714136853074,-2771.219392502995,-171672.81506345712,,,0,4,predictive_all_eligible,lightgbm,long,10000,0.05,345461
7786,0.05942766328838367,5.0,-9.940572336711616,0.00012843565373747752,-1974.7208434503466,-77397.29621363664,,,0,2,non_overlapping_trade_tape,lightgbm,long,10000,0.05,345461
6911,0.0620873039657901,1.0,-1.93791269603421,0.003472724641875271,-366.0024893467472,-13392.914642292424,,,0,4,predictive_all_eligible,lightgbm,long,10000,0.02,345461
3804,0.05996419038773171,1.0,-1.9400358096122683,0.0028916929547844372,-275.44284903656563,-7379.896219765069,,,0,3,non_overlapping_trade_tape,lightgbm,long,10000,0.02,345461
6911,0.06208730396579032,2.0,-3.9379126960342097,0.0004340905802344089,-743.7310527600973,-27214.914642292424,,,0,4,predictive_all_eligible,lightgbm,long,10000,0.02,345461
3804,0.05996419038773171,2.0,-3.9400358096122683,0.0002628811777076761,-559.3993076460746,-14987.896219765069,,,0,3,non_overlapping_trade_tape,lightgbm,long,10000,0.02,345461
6911,0.06208730396579032,3.0,-5.93791269603421,0.0001446968600781363,-1121.4596161734476,-41036.914642292424,,,0,4,predictive_all_eligible,lightgbm,long,10000,0.02,345461
3804,0.059964190387731264,3.0,-5.940035809612269,0.0,-843.3557662555836,-22595.89621976507,,,0,3,non_overlapping_trade_tape,lightgbm,long,10000,0.02,345461
6911,0.06208730396578943,5.0,-9.93791269603421,0.0,-1876.9167430001478,-68680.91464229242,,,0,4,predictive_all_eligible,lightgbm,long,10000,0.02,345461
3804,0.059964190387731264,5.0,-9.940035809612269,0.0,-1411.2686834746016,-37811.89621976507,,,0,3,non_overlapping_trade_tape,lightgbm,long,10000,0.02,345461
3456,0.06161080844018829,1.0,-1.9383891915598117,0.0023148148148148147,-273.4581759134504,-6699.0730460307095,,,0,4,predictive_all_eligible,lightgbm,long,10000,0.01,345461
2192,0.06486663251400815,1.0,-1.9351333674859919,0.002281021897810219,-215.72693873142836,-4241.812341529294,,,0,3,non_overlapping_trade_tape,lightgbm,long,10000,0.01,345461
3456,0.06161080844018807,2.0,-3.938389191559812,0.00028935185185185184,-555.6080941075362,-13611.07304603071,,,0,4,predictive_all_eligible,lightgbm,long,10000,0.01,345461
2192,0.06486663251400815,2.0,-3.935133367485992,0.0004562043795620438,-438.6851516960342,-8625.812341529294,,,0,3,non_overlapping_trade_tape,lightgbm,long,10000,0.01,345461
3456,0.061610808440188514,3.0,-5.9383891915598115,0.0,-837.7580123016219,-20523.07304603071,,,0,4,predictive_all_eligible,lightgbm,long,10000,0.01,345461
2192,0.0648666325140086,3.0,-5.935133367485991,0.0,-661.64336466064,-13009.812341529294,,,0,3,non_overlapping_trade_tape,lightgbm,long,10000,0.01,345461
3456,0.061610808440187625,5.0,-9.938389191559812,0.0,-1402.0578486897934,-34347.07304603071,,,0,4,predictive_all_eligible,lightgbm,long,10000,0.01,345461
2192,0.0648666325140077,5.0,-9.935133367485992,0.0,-1107.559790589852,-21777.812341529294,,,0,3,non_overlapping_trade_tape,lightgbm,long,10000,0.01,345461
34523,0.09342751642134872,1.0,-1.9065724835786513,0.01850939953074762,-331.6342261687585,-65820.60185058578,,,0,4,predictive_all_eligible,lightgbm,long,30000,0.1,345221
5704,0.07392083736290278,1.0,-1.9260791626370972,0.010869565217391304,-196.50998880210216,-10986.355543682002,,,0,1,non_overlapping_trade_tape,lightgbm,long,30000,0.1,345221
34523,0.0934275164213485,2.0,-3.9065724835786515,0.004315963270862903,-679.5194799685811,-134866.60185058578,,,0,4,predictive_all_eligible,lightgbm,long,30000,0.1,345221
5704,0.07392083736290278,2.0,-3.926079162637097,0.0017531556802244039,-400.56181866879353,-22394.355543682002,,,0,1,non_overlapping_trade_tape,lightgbm,long,30000,0.1,345221
34523,0.0934275164213485,3.0,-5.9065724835786515,0.0018538365727196362,-1027.4047337684037,-203912.60185058578,,,0,4,predictive_all_eligible,lightgbm,long,30000,0.1,345221
5704,0.07392083736290278,3.0,-5.926079162637097,0.0007012622720897616,-604.6136485354849,-33802.355543682,,,0,1,non_overlapping_trade_tape,lightgbm,long,30000,0.1,345221
34523,0.0934275164213485,5.0,-9.906572483578652,0.0007241549112186079,-1723.1752413680488,-342004.6018505858,,,0,4,predictive_all_eligible,lightgbm,long,30000,0.1,345221
5704,0.07392083736290367,5.0,-9.926079162637096,0.0001753155680224404,-1012.7173082688676,-56618.355543682,,,0,1,non_overlapping_trade_tape,lightgbm,long,30000,0.1,345221
17263,0.10467317556383193,1.0,-1.895326824436168,0.023170943636679604,-202.19290262476568,-32719.026970241568,,,0,4,predictive_all_eligible,lightgbm,long,30000,0.05,345221
3746,0.0739673414840416,1.0,-1.9260326585159584,0.013347570742124934,-141.0817597307835,-7214.9183388007805,,,0,1,non_overlapping_trade_tape,lightgbm,long,30000,0.05,345221
17263,0.10467317556383193,2.0,-3.895326824436168,0.005329317036436309,-415.5523085255555,-67245.02697024157,,,0,4,predictive_all_eligible,lightgbm,long,30000,0.05,345221
3746,0.0739673414840416,2.0,-3.9260326585159584,0.001601708489054992,-287.58162213653253,-14706.91833880078,,,0,1,non_overlapping_trade_tape,lightgbm,long,30000,0.05,345221
17263,0.10467317556383193,3.0,-5.895326824436168,0.0022591670045762615,-628.9117144263453,-101771.02697024157,,,0,4,predictive_all_eligible,lightgbm,long,30000,0.05,345221
3746,0.0739673414840416,3.0,-5.926032658515958,0.0005339028296849973,-434.0814845422816,-22198.91833880078,,,0,1,non_overlapping_trade_tape,lightgbm,long,30000,0.05,345221
17263,0.10467317556383193,5.0,-9.895326824436168,0.0011006198227422812,-1055.630526227925,-170823.02697024157,,,0,4,predictive_all_eligible,lightgbm,long,30000,0.05,345221
3746,0.07396734148404072,5.0,-9.92603265851596,0.00026695141484249865,-727.0812093537797,-37182.91833880078,,,0,1,non_overlapping_trade_tape,lightgbm,long,30000,0.05,345221
6906,0.12493802092145034,1.0,-1.8750619790785497,0.030842745438748913,-105.02058991148735,-12949.178027516464,,,0,4,predictive_all_eligible,lightgbm,long,30000,0.02,345221
1842,0.10976800075987492,1.0,-1.890231999240125,0.021715526601520086,-82.9633192700869,-3481.80734260031,,,0,2,non_overlapping_trade_tape,lightgbm,long,30000,0.02,345221
6906,0.12493802092145057,2.0,-3.8750619790785494,0.008832898928468,-217.03884966319643,-26761.178027516464,,,0,4,predictive_all_eligible,lightgbm,long,30000,0.02,345221
1842,0.10976800075987514,2.0,-3.890231999240125,0.004343105320304018,-170.74441630308417,-7165.80734260031,,,0,2,non_overlapping_trade_tape,lightgbm,long,30000,0.02,345221
6906,0.12493802092145057,3.0,-5.875061979078549,0.003620040544454098,-329.05710941490554,-40573.178027516464,,,0,4,predictive_all_eligible,lightgbm,long,30000,0.02,345221
1842,0.1097680007598747,3.0,-5.890231999240125,0.0010857763300760044,-258.5255133360814,-10849.80734260031,,,0,2,non_overlapping_trade_tape,lightgbm,long,30000,0.02,345221
6906,0.12493802092144968,5.0,-9.87506197907855,0.002027222704894295,-553.0936289183237,-68197.17802751646,,,0,4,predictive_all_eligible,lightgbm,long,30000,0.02,345221
1842,0.1097680007598747,5.0,-9.890231999240125,0.0005428881650380022,-434.08770740207586,-18217.80734260031,,,0,2,non_overlapping_trade_tape,lightgbm,long,30000,0.02,345221
3455,0.09405338944123942,1.0,-1.9059466105587606,0.03270622286541244,-65.65870168845271,-6585.045539480518,,,0,4,predictive_all_eligible,lightgbm,long,30000,0.01,345221
1101,0.08454849453728408,1.0,-1.915451505462716,0.025431425976385105,-54.35030911407918,-2108.9121075144503,,,0,2,non_overlapping_trade_tape,lightgbm,long,30000,0.01,345221
3455,0.09405338944123942,2.0,-3.9059466105587606,0.010130246020260492,-134.55748544735744,-13495.045539480518,,,0,4,predictive_all_eligible,lightgbm,long,30000,0.01,345221
1101,0.08454849453728386,2.0,-3.915451505462716,0.007266121707538601,-111.09965406912127,-4310.91210751445,,,0,2,non_overlapping_trade_tape,lightgbm,long,30000,0.01,345221
3455,0.09405338944123987,3.0,-5.90594661055876,0.004630969609261939,-203.45626920626214,-20405.045539480518,,,0,4,predictive_all_eligible,lightgbm,long,30000,0.01,345221
1101,0.08454849453728386,3.0,-5.915451505462716,0.0027247956403269754,-167.84899902416336,-6512.91210751445,,,0,2,non_overlapping_trade_tape,lightgbm,long,30000,0.01,345221
3455,0.09405338944123898,5.0,-9.905946610558761,0.002894356005788712,-341.25383672407156,-34225.04553948052,,,0,4,predictive_all_eligible,lightgbm,long,30000,0.01,345221
1101,0.08454849453728386,5.0,-9.915451505462716,0.0009082652134423251,-281.3476889342475,-10916.91210751445,,,0,2,non_overlapping_trade_tape,lightgbm,long,30000,0.01,345221
34487,0.06791062654297164,1.0,-1.9320893734570284,0.036274538231797486,-273.701956456792,-66631.96622241253,,,0,4,predictive_all_eligible,lightgbm,long,60000,0.1,344861
2840,0.0870328916148626,1.0,-1.9129671083851374,0.03204225352112676,-87.87940005798907,-5432.82658781379,,,0,1,non_overlapping_trade_tape,lightgbm,long,60000,0.1,344861
34487,0.06791062654297164,2.0,-3.9320893734570284,0.006872154724968829,-557.0242087468768,-135605.96622241253,,,0,4,predictive_all_eligible,lightgbm,long,60000,0.1,344861
2840,0.0870328916148626,2.0,-3.9129671083851374,0.005633802816901409,-179.756986110343,-11112.82658781379,,,0,1,non_overlapping_trade_tape,lightgbm,long,60000,0.1,344861
34487,0.06791062654297164,3.0,-5.932089373457028,0.003479572012642445,-840.3464610369616,-204579.96622241253,,,0,4,predictive_all_eligible,lightgbm,long,60000,0.1,344861
2840,0.0870328916148626,3.0,-5.912967108385137,0.002112676056338028,-271.63457216269694,-16792.82658781379,,,0,1,non_overlapping_trade_tape,lightgbm,long,60000,0.1,344861
34487,0.06791062654297164,5.0,-9.932089373457028,0.0007249108359671761,-1406.9909656171312,-342527.96622241253,,,0,4,predictive_all_eligible,lightgbm,long,60000,0.1,344861
2840,0.0870328916148626,5.0,-9.912967108385137,0.0007042253521126761,-455.38974426740486,-28152.82658781379,,,0,1,non_overlapping_trade_tape,lightgbm,long,60000,0.1,344861
17244,0.06865056972163575,1.0,-1.9313494302783643,0.04621897471584319,-176.7548565382422,-33304.18957572011,,,0,4,predictive_all_eligible,lightgbm,long,60000,0.05,344861
1823,0.09957400290167762,1.0,-1.9004259970983224,0.034009873834339004,-69.78977795393885,-3464.4765927102417,,,0,1,non_overlapping_trade_tape,lightgbm,long,60000,0.05,344861
17244,0.06865056972163597,2.0,-3.931349430278364,0.009684527951751334,-359.7925334776934,-67792.18957572011,,,0,4,predictive_all_eligible,lightgbm,long,60000,0.05,344861
1823,0.09957400290167762,2.0,-3.9004259970983224,0.00877674163466813,-143.23623475941068,-7110.476592710242,,,0,1,non_overlapping_trade_tape,lightgbm,long,60000,0.05,344861
17244,0.06865056972163597,3.0,-5.931349430278364,0.004755277197865925,-542.8302104171446,-102280.18957572011,,,0,4,predictive_all_eligible,lightgbm,long,60000,0.05,344861
1823,0.09957400290167762,3.0,-5.900425997098322,0.0032912781130005485,-216.68269156488253,-10756.476592710242,,,0,1,non_overlapping_trade_tape,lightgbm,long,60000,0.05,344861
17244,0.06865056972163508,5.0,-9.931349430278365,0.0008698677800974252,-908.9055642960471,-171256.1895757201,,,0,4,predictive_all_eligible,lightgbm,long,60000,0.05,344861
1823,0.09957400290167762,5.0,-9.900425997098322,0.0005485463521667581,-363.57560517582624,-18048.47659271024,,,0,1,non_overlapping_trade_tape,lightgbm,long,60000,0.05,344861
6899,0.052886569558317165,1.0,-1.9471134304416828,0.04580373967241629,-108.06352422539977,-13433.13555661717,,,0,4,predictive_all_eligible,lightgbm,long,60000,0.02,344861
915,0.09067560585795853,1.0,-1.9093243941420415,0.04918032786885246,-41.58751921242519,-1747.031820639968,,,0,1,non_overlapping_trade_tape,lightgbm,long,60000,0.02,344861
6899,0.05288656955831739,2.0,-3.9471134304416826,0.00884186113929555,-219.06221853453061,-27231.13555661717,,,0,4,predictive_all_eligible,lightgbm,long,60000,0.02,344861
915,0.09067560585795853,2.0,-3.9093243941420415,0.007650273224043716,-85.15006870901047,-3577.031820639968,,,0,1,non_overlapping_trade_tape,lightgbm,long,60000,0.02,344861
6899,0.05288656955831694,3.0,-5.947113430441683,0.0040585592114799245,-330.0609128436616,-41029.13555661717,,,0,4,predictive_all_eligible,lightgbm,long,60000,0.02,344861
915,0.09067560585795853,3.0,-5.9093243941420415,0.00546448087431694,-128.71261820559576,-5407.031820639968,,,0,1,non_overlapping_trade_tape,lightgbm,long,60000,0.02,344861
6899,0.05288656955831783,5.0,-9.947113430441682,0.0010146398028699811,-552.0583014619232,-68625.13555661717,,,0,4,predictive_all_eligible,lightgbm,long,60000,0.02,344861
915,0.09067560585795853,5.0,-9.909324394142041,0.001092896174863388,-215.8377171987663,-9067.031820639968,,,0,1,non_overlapping_trade_tape,lightgbm,long,60000,0.02,344861
3450,0.0727339572285679,1.0,-1.927266042771432,0.03971014492753623,-74.91920069693975,-6649.06784756144,,,0,4,predictive_all_eligible,lightgbm,long,60000,0.01,344861
503,0.12446105989806222,1.0,-1.8755389401019378,0.04572564612326044,-24.21818406096021,-943.3960868712747,,,0,1,non_overlapping_trade_tape,lightgbm,long,60000,0.01,344861
3450,0.0727339572285679,2.0,-3.927266042771432,0.006956521739130435,-152.66581069708798,-13549.06784756144,,,0,4,predictive_all_eligible,lightgbm,long,60000,0.01,344861
503,0.12446105989806222,2.0,-3.875538940101938,0.009940357852882704,-50.04349063619338,-1949.3960868712747,,,0,1,non_overlapping_trade_tape,lightgbm,long,60000,0.01,344861
3450,0.0727339572285679,3.0,-5.927266042771432,0.0026086956521739132,-230.41242069723617,-20449.06784756144,,,0,4,predictive_all_eligible,lightgbm,long,60000,0.01,344861
503,0.12446105989806178,3.0,-5.875538940101938,0.007952286282306162,-75.86879721142652,-2955.3960868712747,,,0,1,non_overlapping_trade_tape,lightgbm,long,60000,0.01,344861
3450,0.0727339572285679,5.0,-9.927266042771432,0.0005797101449275362,-385.90564069753265,-34249.06784756144,,,0,4,predictive_all_eligible,lightgbm,long,60000,0.01,344861
503,0.12446105989806178,5.0,-9.875538940101938,0.0019880715705765406,-127.51941036189285,-4967.396086871275,,,0,1,non_overlapping_trade_tape,lightgbm,long,60000,0.01,344861
34559,0.0003438422979540334,1.0,-1.999656157702046,0.0,-8172.660932478867,-69106.117154025,,,0,4,predictive_all_eligible,lightgbm,short,250,0.1,345578
34559,0.0003438422979540334,1.0,-1.999656157702046,0.0,-8172.660932478867,-69106.117154025,,,0,4,non_overlapping_trade_tape,lightgbm,short,250,0.1,345578
34559,0.0003438422979540334,2.0,-3.999656157702046,0.0,-16346.727159815351,-138224.117154025,,,0,4,predictive_all_eligible,lightgbm,short,250,0.1,345578
34559,0.0003438422979540334,2.0,-3.999656157702046,0.0,-16346.727159815351,-138224.117154025,,,0,4,non_overlapping_trade_tape,lightgbm,short,250,0.1,345578
34559,0.0003438422979540334,3.0,-5.999656157702046,0.0,-24520.793387151833,-207342.117154025,,,0,4,predictive_all_eligible,lightgbm,short,250,0.1,345578
34559,0.0003438422979540334,3.0,-5.999656157702046,0.0,-24520.793387151833,-207342.117154025,,,0,4,non_overlapping_trade_tape,lightgbm,short,250,0.1,345578
34559,0.00034384229795314525,5.0,-9.999656157702047,0.0,-40868.925841824814,-345578.117154025,,,0,4,predictive_all_eligible,lightgbm,short,250,0.1,345578
34559,0.00034384229795314525,5.0,-9.999656157702047,0.0,-40868.925841824814,-345578.117154025,,,0,4,non_overlapping_trade_tape,lightgbm,short,250,0.1,345578
17280,0.0006938932309181745,1.0,-1.9993061067690818,0.0,-5919.6876695186875,-34548.00952496973,,,0,4,predictive_all_eligible,lightgbm,short,250,0.05,345578
17280,0.0006938932309181745,1.0,-1.9993061067690818,0.0,-5919.6876695186875,-34548.00952496973,,,0,4,non_overlapping_trade_tape,lightgbm,short,250,0.05,345578
17280,0.0006938932309181745,2.0,-3.999306106769082,0.0,-11841.429867450568,-69108.00952496973,,,0,4,predictive_all_eligible,lightgbm,short,250,0.05,345578
17280,0.0006938932309181745,2.0,-3.999306106769082,0.0,-11841.429867450568,-69108.00952496973,,,0,4,non_overlapping_trade_tape,lightgbm,short,250,0.05,345578
17280,0.0006938932309186185,3.0,-5.999306106769081,0.0,-17763.17206538245,-103668.00952496973,,,0,4,predictive_all_eligible,lightgbm,short,250,0.05,345578
17280,0.0006938932309186185,3.0,-5.999306106769081,0.0,-17763.17206538245,-103668.00952496973,,,0,4,non_overlapping_trade_tape,lightgbm,short,250,0.05,345578
17280,0.0006938932309186185,5.0,-9.999306106769081,0.0,-29606.656461246213,-172788.00952496973,,,0,4,predictive_all_eligible,lightgbm,short,250,0.05,345578
17280,0.0006938932309186185,5.0,-9.999306106769081,0.0,-29606.656461246213,-172788.00952496973,,,0,4,non_overlapping_trade_tape,lightgbm,short,250,0.05,345578
6913,0.000846260486684125,1.0,-1.9991537395133159,0.0,-4378.2008059310965,-13820.149801255553,,,0,4,predictive_all_eligible,lightgbm,short,250,0.02,345578
6913,0.000846260486684125,1.0,-1.9991537395133159,0.0,-4378.2008059310965,-13820.149801255553,,,0,4,non_overlapping_trade_tape,lightgbm,short,250,0.02,345578
6913,0.000846260486683903,2.0,-3.999153739513316,0.0,-8758.254945236009,-27646.149801255553,,,0,4,predictive_all_eligible,lightgbm,short,250,0.02,345578
6913,0.000846260486683903,2.0,-3.999153739513316,0.0,-8758.254945236009,-27646.149801255553,,,0,4,non_overlapping_trade_tape,lightgbm,short,250,0.02,345578
6913,0.000846260486683903,3.0,-5.999153739513316,0.0,-13138.30908454092,-41472.14980125555,,,0,4,predictive_all_eligible,lightgbm,short,250,0.02,345578
6913,0.000846260486683903,3.0,-5.999153739513316,0.0,-13138.30908454092,-41472.14980125555,,,0,4,non_overlapping_trade_tape,lightgbm,short,250,0.02,345578
6913,0.000846260486683903,5.0,-9.999153739513316,0.0,-21898.417363150744,-69124.14980125555,,,0,4,predictive_all_eligible,lightgbm,short,250,0.02,345578
6913,0.000846260486683903,5.0,-9.999153739513316,0.0,-21898.417363150744,-69124.14980125555,,,0,4,non_overlapping_trade_tape,lightgbm,short,250,0.02,345578
3456,0.00045897678666251274,1.0,-1.9995410232133375,0.0,-3204.824058135956,-6910.413776225294,,,0,4,predictive_all_eligible,lightgbm,short,250,0.01,345578
3456,0.00045897678666251274,1.0,-1.9995410232133375,0.0,-3204.824058135956,-6910.413776225294,,,0,4,non_overlapping_trade_tape,lightgbm,short,250,0.01,345578
3456,0.0004589767866627348,2.0,-3.9995410232133373,0.0,-6410.383755016476,-13822.413776225294,,,0,4,predictive_all_eligible,lightgbm,short,250,0.01,345578
3456,0.0004589767866627348,2.0,-3.9995410232133373,0.0,-6410.383755016476,-13822.413776225294,,,0,4,non_overlapping_trade_tape,lightgbm,short,250,0.01,345578
3456,0.0004589767866622907,3.0,-5.999541023213338,0.0,-9615.943451896996,-20734.413776225294,,,0,4,predictive_all_eligible,lightgbm,short,250,0.01,345578
3456,0.0004589767866622907,3.0,-5.999541023213338,0.0,-9615.943451896996,-20734.413776225294,,,0,4,non_overlapping_trade_tape,lightgbm,short,250,0.01,345578
3456,0.0004589767866622907,5.0,-9.999541023213338,0.0,-16027.062845658038,-34558.413776225294,,,0,4,predictive_all_eligible,lightgbm,short,250,0.01,345578
3456,0.0004589767866622907,5.0,-9.999541023213338,0.0,-16027.062845658038,-34558.413776225294,,,0,4,non_overlapping_trade_tape,lightgbm,short,250,0.01,345578
34559,0.01427956411181519,1.0,-1.9857204358881848,0.0,-2811.521480938873,-68624.51254385978,,,0,4,predictive_all_eligible,lightgbm,short,1000,0.1,345569
23597,0.016606831607596684,1.0,-1.9833931683924033,0.0,-2302.2108879584757,-46802.12859455554,,,0,3,non_overlapping_trade_tape,lightgbm,short,1000,0.1,345569
34559,0.01427956411181519,2.0,-3.985720435888185,0.0,-5643.260964630413,-137742.51254385978,,,0,4,predictive_all_eligible,lightgbm,short,1000,0.1,345569
23597,0.01660683160759646,2.0,-3.9833931683924035,0.0,-4623.698049099081,-93996.12859455554,,,0,3,non_overlapping_trade_tape,lightgbm,short,1000,0.1,345569
34559,0.01427956411181519,3.0,-5.985720435888185,0.0,-8475.000448321953,-206860.51254385978,,,0,4,predictive_all_eligible,lightgbm,short,1000,0.1,345569
23597,0.01660683160759646,3.0,-5.9833931683924035,0.0,-6945.185210239687,-141190.12859455554,,,0,3,non_overlapping_trade_tape,lightgbm,short,1000,0.1,345569
34559,0.01427956411181519,5.0,-9.985720435888185,0.0,-14138.47941570503,-345096.5125438598,,,0,4,predictive_all_eligible,lightgbm,short,1000,0.1,345569
23597,0.01660683160759646,5.0,-9.983393168392404,0.0,-11588.159532520896,-235578.12859455554,,,0,3,non_overlapping_trade_tape,lightgbm,short,1000,0.1,345569
17280,0.019880051581855795,1.0,-1.9801199484181442,0.0,-1738.3283921459015,-34216.47270866553,,,0,4,predictive_all_eligible,lightgbm,short,1000,0.05,345569
13090,0.02110555838056971,1.0,-1.9788944416194303,0.0,-1541.0712503940993,-25903.728240798344,,,0,4,non_overlapping_trade_tape,lightgbm,short,1000,0.05,345569
17280,0.019880051581855795,2.0,-3.980119948418144,0.0,-3494.1092917167557,-68776.47270866553,,,0,4,predictive_all_eligible,lightgbm,short,1000,0.05,345569
13090,0.02110555838056971,2.0,-3.9788944416194303,0.0,-3098.5785312099083,-52083.728240798344,,,0,4,non_overlapping_trade_tape,lightgbm,short,1000,0.05,345569
17280,0.019880051581855795,3.0,-5.980119948418144,0.0,-5249.89019128761,-103336.47270866553,,,0,4,predictive_all_eligible,lightgbm,short,1000,0.05,345569
13090,0.02110555838056971,3.0,-5.97889444161943,0.0,-4656.085812025718,-78263.72824079834,,,0,4,non_overlapping_trade_tape,lightgbm,short,1000,0.05,345569
17280,0.019880051581855795,5.0,-9.980119948418144,0.0,-8761.451990429317,-172456.47270866553,,,0,4,predictive_all_eligible,lightgbm,short,1000,0.05,345569
13090,0.021105558380568823,5.0,-9.978894441619431,0.0,-7771.10037365734,-130623.72824079834,,,0,4,non_overlapping_trade_tape,lightgbm,short,1000,0.05,345569
6912,0.021770168182060567,1.0,-1.9782298318179394,0.0,-1172.1513349259362,-13673.524597525597,,,0,4,predictive_all_eligible,lightgbm,short,1000,0.02,345569
5660,0.023398505680714665,1.0,-1.9766014943192853,0.0,-1050.190222412351,-11187.564457847155,,,0,4,non_overlapping_trade_tape,lightgbm,short,1000,0.02,345569
6912,0.02177016818206079,2.0,-3.978229831817939,0.0,-2357.2020464994857,-27497.524597525597,,,0,4,predictive_all_eligible,lightgbm,short,1000,0.02,345569
5660,0.023398505680714887,2.0,-3.976601494319285,0.0,-2112.81232952962,-22507.564457847155,,,0,4,non_overlapping_trade_tape,lightgbm,short,1000,0.02,345569
6912,0.021770168182060345,3.0,-5.97822983181794,0.0,-3542.2527580730352,-41321.5245975256,,,0,4,predictive_all_eligible,lightgbm,short,1000,0.02,345569
5660,0.023398505680714443,3.0,-5.976601494319286,0.0,-3175.4344366468895,-33827.564457847155,,,0,4,non_overlapping_trade_tape,lightgbm,short,1000,0.02,345569
6912,0.021770168182060345,5.0,-9.97822983181794,0.0,-5912.354181220134,-68969.5245975256,,,0,4,predictive_all_eligible,lightgbm,short,1000,0.02,345569
5660,0.02339850568071533,5.0,-9.976601494319285,0.0,-5300.6786508814275,-56467.564457847155,,,0,4,non_overlapping_trade_tape,lightgbm,short,1000,0.02,345569
3456,0.02463022282487759,1.0,-1.9753697771751224,0.0,-732.5367796735901,-6826.877949917223,,,0,4,predictive_all_eligible,lightgbm,short,1000,0.01,345569
2893,0.02553425472589632,1.0,-1.9744657452741037,0.0,-667.7805524961003,-5712.129401077982,,,0,4,non_overlapping_trade_tape,lightgbm,short,1000,0.01,345569
3456,0.024630222824877368,2.0,-3.9753697771751226,0.0,-1474.2073146163232,-13738.877949917223,,,0,4,predictive_all_eligible,lightgbm,short,1000,0.01,345569
2893,0.02553425472589632,2.0,-3.9744657452741037,0.0,-1344.1969999269434,-11498.129401077982,,,0,4,non_overlapping_trade_tape,lightgbm,short,1000,0.01,345569
3456,0.024630222824877812,3.0,-5.975369777175122,0.0,-2215.877849559056,-20650.877949917223,,,0,4,predictive_all_eligible,lightgbm,short,1000,0.01,345569
2893,0.025534254725895877,3.0,-5.974465745274104,0.0,-2020.6134473577863,-17284.129401077982,,,0,4,non_overlapping_trade_tape,lightgbm,short,1000,0.01,345569
3456,0.024630222824876924,5.0,-9.975369777175123,0.0,-3699.2189194445223,-34474.87794991722,,,0,4,predictive_all_eligible,lightgbm,short,1000,0.01,345569
2893,0.025534254725895877,5.0,-9.974465745274104,0.0,-3373.446342219472,-28856.129401077982,,,0,4,non_overlapping_trade_tape,lightgbm,short,1000,0.01,345569
34553,0.03811625095589788,1.0,-1.9618837490441021,0.0006367030359158394,-1212.6622366997929,-67788.96918072086,,,0,4,predictive_all_eligible,lightgbm,short,5000,0.1,345521
16134,0.037380027621537915,1.0,-1.962619972378462,0.0004958472790380563,-890.3133998303759,-31664.910634354106,,,0,2,non_overlapping_trade_tape,lightgbm,short,5000,0.1,345521
34553,0.03811625095589788,2.0,-3.961883749044102,8.682314126125083e-05,-2448.8845534304796,-136894.96918072086,,,0,4,predictive_all_eligible,lightgbm,short,5000,0.1,345521
16134,0.03738002762153814,2.0,-3.962619972378462,6.198090987975704e-05,-1797.5836939886708,-63932.910634354106,,,0,2,non_overlapping_trade_tape,lightgbm,short,5000,0.1,345521
34553,0.03811625095589832,3.0,-5.961883749044102,5.788209417416722e-05,-3685.106870161167,-206000.96918072086,,,0,4,predictive_all_eligible,lightgbm,short,5000,0.1,345521
16134,0.03738002762153769,3.0,-5.962619972378462,6.198090987975704e-05,-2704.853988146966,-96200.9106343541,,,0,2,non_overlapping_trade_tape,lightgbm,short,5000,0.1,345521
34553,0.03811625095589832,5.0,-9.961883749044102,0.0,-6157.5515036225415,-344212.96918072086,,,0,4,predictive_all_eligible,lightgbm,short,5000,0.1,345521
16134,0.03738002762153769,5.0,-9.962619972378462,0.0,-4519.3945764635555,-160736.9106343541,,,0,2,non_overlapping_trade_tape,lightgbm,short,5000,0.1,345521
17278,0.043116108773725736,1.0,-1.9568838912262743,0.0006366477601574257,-867.5432380322221,-33811.039872607565,,,0,4,predictive_all_eligible,lightgbm,short,5000,0.05,345521
9628,0.04416178474877208,1.0,-1.955838215251228,0.0006231823847112588,-656.0443492600422,-18830.810336438823,,,0,3,non_overlapping_trade_tape,lightgbm,short,5000,0.05,345521
17278,0.04311610877372596,2.0,-3.956883891226274,0.00011575413821044102,-1754.2010943535586,-68367.03987260757,,,0,4,predictive_all_eligible,lightgbm,short,5000,0.05,345521
9628,0.04416178474877208,2.0,-3.955838215251228,0.0001038637307852098,-1326.9018303587773,-38086.81033643882,,,0,3,non_overlapping_trade_tape,lightgbm,short,5000,0.05,345521
17278,0.043116108773725514,3.0,-5.9568838912262745,0.00011575413821044102,-2640.858950674896,-102923.03987260757,,,0,4,predictive_all_eligible,lightgbm,short,5000,0.05,345521
9628,0.04416178474877164,3.0,-5.955838215251228,0.0001038637307852098,-1997.7593114575122,-57342.81033643882,,,0,3,non_overlapping_trade_tape,lightgbm,short,5000,0.05,345521
17278,0.043116108773725514,5.0,-9.956883891226274,0.0,-4414.174663317569,-172035.03987260757,,,0,4,predictive_all_eligible,lightgbm,short,5000,0.05,345521
9628,0.04416178474877164,5.0,-9.955838215251228,0.0,-3339.4742736549824,-95854.81033643882,,,0,3,non_overlapping_trade_tape,lightgbm,short,5000,0.05,345521
6912,0.04421087793854084,1.0,-1.9557891220614592,0.0005787037037037037,-631.540587763372,-13518.414411688806,,,0,4,predictive_all_eligible,lightgbm,short,5000,0.02,345521
4530,0.04222322339379625,1.0,-1.9577767766062038,0.0006622516556291391,-473.80277576929967,-8868.728798026103,,,0,3,non_overlapping_trade_tape,lightgbm,short,5000,0.02,345521
6912,0.04421087793854106,2.0,-3.955789122061459,0.0,-1277.3572360303483,-27342.414411688806,,,0,4,predictive_all_eligible,lightgbm,short,5000,0.02,345521
4530,0.04222322339379625,2.0,-3.9577767766062038,0.0,-957.8240201020008,-17928.728798026103,,,0,3,non_overlapping_trade_tape,lightgbm,short,5000,0.02,345521
6912,0.04421087793854106,3.0,-5.955789122061459,0.0,-1923.1738842973248,-41166.414411688806,,,0,4,predictive_all_eligible,lightgbm,short,5000,0.02,345521
4530,0.042223223393796694,3.0,-5.957776776606203,0.0,-1441.8452644347017,-26988.728798026103,,,0,3,non_overlapping_trade_tape,lightgbm,short,5000,0.02,345521
6912,0.04421087793854106,5.0,-9.955789122061459,0.0,-3214.8071808312775,-68814.4144116888,,,0,4,predictive_all_eligible,lightgbm,short,5000,0.02,345521
4530,0.042223223393795806,5.0,-9.957776776606204,0.0,-2409.887753100104,-45108.7287980261,,,0,3,non_overlapping_trade_tape,lightgbm,short,5000,0.02,345521
3456,0.04665529390334733,1.0,-1.9533447060966527,0.0005787037037037037,-602.9648128394481,-6750.759304270032,,,0,4,predictive_all_eligible,lightgbm,short,5000,0.01,345521
2530,0.046912259758420616,1.0,-1.9530877402415794,0.0007905138339920949,-492.9682445737819,-4941.311982811196,,,0,3,non_overlapping_trade_tape,lightgbm,short,5000,0.01,345521
3456,0.04665529390334733,2.0,-3.9533447060966527,0.0,-1220.3313339225047,-13662.759304270032,,,0,4,predictive_all_eligible,lightgbm,short,5000,0.01,345521
2530,0.04691225975842084,2.0,-3.953087740241579,0.0,-997.7773572589151,-10001.311982811196,,,0,3,non_overlapping_trade_tape,lightgbm,short,5000,0.01,345521
3456,0.04665529390334733,3.0,-5.953344706096653,0.0,-1837.6978550055615,-20574.759304270032,,,0,4,predictive_all_eligible,lightgbm,short,5000,0.01,345521
2530,0.04691225975842084,3.0,-5.953087740241579,0.0,-1502.5864699440485,-15061.311982811196,,,0,3,non_overlapping_trade_tape,lightgbm,short,5000,0.01,345521
3456,0.04665529390334733,5.0,-9.953344706096653,0.0,-3072.4308971716746,-34398.75930427003,,,0,4,predictive_all_eligible,lightgbm,short,5000,0.01,345521
2530,0.04691225975841995,5.0,-9.95308774024158,0.0,-2512.204695314315,-25181.311982811196,,,0,3,non_overlapping_trade_tape,lightgbm,short,5000,0.01,345521
34547,0.04066385806984707,1.0,-1.959336141930153,0.00448664138709584,-759.9948238687425,-67689.185695261,,,0,4,predictive_all_eligible,lightgbm,short,10000,0.1,345461
11924,0.04220176207950077,1.0,-1.9577982379204992,0.002264340825226434,-528.0058502091217,-23344.786188964033,,,0,2,non_overlapping_trade_tape,lightgbm,short,10000,0.1,345461
34547,0.04066385806984707,2.0,-3.959336141930153,0.0006657596896980924,-1535.7625010985082,-136783.185695261,,,0,4,predictive_all_eligible,lightgbm,short,10000,0.1,345461
11924,0.04220176207950077,2.0,-3.9577982379204992,0.0001677289500167729,-1067.3932497707333,-47192.78618896403,,,0,2,non_overlapping_trade_tape,lightgbm,short,10000,0.1,345461
34547,0.040663858069846626,3.0,-5.959336141930153,2.8946073465134455e-05,-2311.5301783282735,-205877.185695261,,,0,4,predictive_all_eligible,lightgbm,short,10000,0.1,345461
11924,0.04220176207950033,3.0,-5.9577982379205,8.386447500838645e-05,-1606.780649332345,-71040.78618896403,,,0,2,non_overlapping_trade_tape,lightgbm,short,10000,0.1,345461
34547,0.040663858069846626,5.0,-9.959336141930153,0.0,-3863.0655327878044,-344065.185695261,,,0,4,predictive_all_eligible,lightgbm,short,10000,0.1,345461
11924,0.04220176207950033,5.0,-9.9577982379205,0.0,-2685.5554484555682,-118736.78618896403,,,0,2,non_overlapping_trade_tape,lightgbm,short,10000,0.1,345461
17274,0.04642776816895222,1.0,-1.9535722318310478,0.007120527961097603,-472.8247217941673,-33746.00673264952,,,0,4,predictive_all_eligible,lightgbm,short,10000,0.05,345461
7299,0.04665302787279013,1.0,-1.9533469721272099,0.0035621317988765583,-369.3653569499879,-14257.479549556505,,,0,2,non_overlapping_trade_tape,lightgbm,short,10000,0.05,345461
17274,0.046427768168952444,2.0,-3.9535722318310476,0.0010420284821118443,-956.8863951636718,-68294.00673264952,,,0,4,predictive_all_eligible,lightgbm,short,10000,0.05,345461
7299,0.04665302787278991,2.0,-3.95334697212721,0.0004110152075626798,-747.5525016002251,-28855.479549556505,,,0,2,non_overlapping_trade_tape,lightgbm,short,10000,0.05,345461
17274,0.046427768168952,3.0,-5.953572231831048,0.0,-1440.9480685331762,-102842.00673264952,,,0,4,predictive_all_eligible,lightgbm,short,10000,0.05,345461
7299,0.046653027872790354,3.0,-5.95334697212721,0.0,-1125.739646250462,-43453.479549556505,,,0,2,non_overlapping_trade_tape,lightgbm,short,10000,0.05,345461
17274,0.046427768168952,5.0,-9.953572231831048,0.0,-2409.0714152721853,-171938.00673264952,,,0,4,predictive_all_eligible,lightgbm,short,10000,0.05,345461
7299,0.046653027872789465,5.0,-9.95334697212721,0.0,-1882.1139355509365,-72649.4795495565,,,0,2,non_overlapping_trade_tape,lightgbm,short,10000,0.05,345461
6911,0.04637384815917445,1.0,-1.9536261518408256,0.013456807987266676,-228.53627821489303,-13501.510335371946,,,0,4,predictive_all_eligible,lightgbm,short,10000,0.02,345461
3269,0.039729176535455935,1.0,-1.960270823464544,0.004282655246252677,-203.3253077050452,-6408.125321905594,,,0,2,non_overlapping_trade_tape,lightgbm,short,10000,0.02,345461
6911,0.04637384815917445,2.0,-3.9536261518408256,0.0020257560410939083,-462.4973950842103,-27323.510335371946,,,0,4,predictive_all_eligible,lightgbm,short,10000,0.02,345461
3269,0.039729176535455935,2.0,-3.960270823464544,0.0003059039461609055,-410.771447566161,-12946.125321905594,,,0,2,non_overlapping_trade_tape,lightgbm,short,10000,0.02,345461
6911,0.046373848159174,3.0,-5.953626151840826,0.0,-696.4585119535277,-41145.510335371946,,,0,4,predictive_all_eligible,lightgbm,short,10000,0.02,345461
3269,0.039729176535455935,3.0,-5.960270823464544,0.0,-618.2175874272767,-19484.125321905594,,,0,2,non_overlapping_trade_tape,lightgbm,short,10000,0.02,345461
6911,0.046373848159174,5.0,-9.953626151840826,0.0,-1164.3807456921622,-68789.51033537195,,,0,4,predictive_all_eligible,lightgbm,short,10000,0.02,345461
3269,0.039729176535455935,5.0,-9.960270823464544,0.0,-1033.1098671495083,-32560.125321905594,,,0,2,non_overlapping_trade_tape,lightgbm,short,10000,0.02,345461
3456,0.052305989185090995,1.0,-1.947694010814909,0.013888888888888888,-165.81904406193016,-6731.230501376325,,,0,4,predictive_all_eligible,lightgbm,short,10000,0.01,345461
1800,0.04346898991058379,1.0,-1.9565310100894162,0.0044444444444444444,-152.80006586273012,-3521.7558181609493,,,0,3,non_overlapping_trade_tape,lightgbm,short,10000,0.01,345461
3456,0.05230598918509122,2.0,-3.947694010814909,0.0014467592592592592,-336.0912152974436,-13643.230501376325,,,0,4,predictive_all_eligible,lightgbm,short,10000,0.01,345461
1800,0.043468989910583566,2.0,-3.9565310100894164,0.0005555555555555556,-308.9949486167192,-7121.755818160949,,,0,3,non_overlapping_trade_tape,lightgbm,short,10000,0.01,345461
3456,0.05230598918509077,3.0,-5.947694010814909,0.0,-506.3633865329573,-20555.230501376325,,,0,4,predictive_all_eligible,lightgbm,short,10000,0.01,345461
1800,0.043468989910583566,3.0,-5.956531010089416,0.0,-465.1898313707083,-10721.75581816095,,,0,3,non_overlapping_trade_tape,lightgbm,short,10000,0.01,345461
3456,0.05230598918509166,5.0,-9.947694010814908,0.0,-846.9077290039842,-34379.230501376325,,,0,4,predictive_all_eligible,lightgbm,short,10000,0.01,345461
1800,0.043468989910584455,5.0,-9.956531010089416,0.0,-777.5795968786865,-17921.75581816095,,,0,3,non_overlapping_trade_tape,lightgbm,short,10000,0.01,345461
34523,0.047865208394819,1.0,-1.952134791605181,0.01288995741969122,-504.85515141736533,-67393.54941058566,,,0,4,predictive_all_eligible,lightgbm,short,30000,0.1,345221
5815,0.041940649106969596,1.0,-1.9580593508930304,0.006362854686156492,-249.34973499646404,-11386.115125442971,,,0,1,non_overlapping_trade_tape,lightgbm,short,30000,0.1,345221
34523,0.047865208394819,2.0,-3.952134791605181,0.002780754859079454,-1022.0890571787992,-136439.54941058566,,,0,4,predictive_all_eligible,lightgbm,short,30000,0.1,345221
5815,0.04194064910696982,2.0,-3.95805935089303,0.0008598452278589854,-504.0404162393393,-23016.11512544297,,,0,1,non_overlapping_trade_tape,lightgbm,short,30000,0.1,345221
34523,0.04786520839481945,3.0,-5.9521347916051806,0.0009848506792573067,-1539.3229629402329,-205485.54941058566,,,0,4,predictive_all_eligible,lightgbm,short,30000,0.1,345221
5815,0.041940649106969374,3.0,-5.958059350893031,0.00034393809114359415,-758.7310974822146,-34646.11512544297,,,0,1,non_overlapping_trade_tape,lightgbm,short,30000,0.1,345221
34523,0.04786520839481945,5.0,-9.95213479160518,0.0,-2573.7907744631007,-343577.54941058566,,,0,4,predictive_all_eligible,lightgbm,short,30000,0.1,345221
5815,0.041940649106969374,5.0,-9.95805935089303,0.0,-1268.1124599679652,-57906.11512544297,,,0,1,non_overlapping_trade_tape,lightgbm,short,30000,0.1,345221
17262,0.05629827738823989,1.0,-1.94370172261176,0.02346193952033368,-285.2799841209307,-33552.179135724204,,,0,4,predictive_all_eligible,lightgbm,short,30000,0.05,345221
3548,0.045996697409465215,1.0,-1.9540033025905348,0.007046223224351747,-182.18496694007337,-6932.803717591218,,,0,1,non_overlapping_trade_tape,lightgbm,short,30000,0.05,345221
17262,0.05629827738823989,2.0,-3.94370172261176,0.005213764337851929,-578.8229498982093,-68076.1791357242,,,0,4,predictive_all_eligible,lightgbm,short,30000,0.05,345221
3548,0.04599669740946499,2.0,-3.954003302590535,0.0014092446448703494,-368.6585176229615,-14028.803717591218,,,0,1,non_overlapping_trade_tape,lightgbm,short,30000,0.05,345221
17262,0.05629827738823945,3.0,-5.9437017226117606,0.001853782875680686,-872.3659156754882,-102600.1791357242,,,0,4,predictive_all_eligible,lightgbm,short,30000,0.05,345221
3548,0.04599669740946499,3.0,-5.954003302590535,0.0005636978579481398,-555.1320683058495,-21124.803717591218,,,0,1,non_overlapping_trade_tape,lightgbm,short,30000,0.05,345221
17262,0.056298277388240336,5.0,-9.94370172261176,0.0,-1459.4518472300451,-171648.1791357242,,,0,4,predictive_all_eligible,lightgbm,short,30000,0.05,345221
3548,0.04599669740946588,5.0,-9.954003302590534,0.0,-928.0791696716253,-35316.80371759122,,,0,1,non_overlapping_trade_tape,lightgbm,short,30000,0.05,345221
6906,0.09135512963969084,1.0,-1.9086448703603092,0.05328699681436432,-127.76965863249139,-13181.101474708295,,,0,4,predictive_all_eligible,lightgbm,short,30000,0.02,345221
1457,0.03221506364362314,1.0,-1.9677849363563769,0.014413177762525738,-93.80542490518214,-2867.062652271241,,,0,1,non_overlapping_trade_tape,lightgbm,short,30000,0.02,345221
6906,0.09135512963969061,2.0,-3.9086448703603094,0.011728931364031277,-261.65486757486667,-26993.101474708295,,,0,4,predictive_all_eligible,lightgbm,short,30000,0.02,345221
1457,0.03221506364362314,2.0,-3.967784936356377,0.004118050789293068,-189.14656018074302,-5781.062652271241,,,0,1,non_overlapping_trade_tape,lightgbm,short,30000,0.02,345221
6906,0.09135512963969106,3.0,-5.908644870360309,0.00405444540978859,-395.5400765172419,-40805.101474708295,,,0,4,predictive_all_eligible,lightgbm,short,30000,0.02,345221
1457,0.03221506364362359,3.0,-5.967784936356376,0.0013726835964310226,-284.48769545630387,-8695.062652271241,,,0,1,non_overlapping_trade_tape,lightgbm,short,30000,0.02,345221
6906,0.09135512963969106,5.0,-9.908644870360309,0.0,-663.3104944019925,-68429.1014747083,,,0,4,predictive_all_eligible,lightgbm,short,30000,0.02,345221
1457,0.0322150636436227,5.0,-9.967784936356377,0.0,-475.1699660074257,-14523.062652271241,,,0,1,non_overlapping_trade_tape,lightgbm,short,30000,0.02,345221
3455,0.13647359116302793,1.0,-1.863526408836972,0.07380607814761216,-76.23928669058746,-6438.483742531738,,,0,4,predictive_all_eligible,lightgbm,short,30000,0.01,345221
742,0.06641958084495903,1.0,-1.933580419155041,0.029649595687331536,-51.45584509635943,-1434.7166710130405,,,0,1,non_overlapping_trade_tape,lightgbm,short,30000,0.01,345221
3455,0.13647359116302793,2.0,-3.863526408836972,0.015918958031837915,-158.06188531763718,-13348.483742531738,,,0,4,predictive_all_eligible,lightgbm,short,30000,0.01,345221
742,0.06641958084495903,2.0,-3.933580419155041,0.006738544474393531,-104.67922757025231,-2918.7166710130405,,,0,1,non_overlapping_trade_tape,lightgbm,short,30000,0.01,345221
3455,0.13647359116302837,3.0,-5.863526408836972,0.006078147612156295,-239.88448394468688,-20258.48374253174,,,0,4,predictive_all_eligible,lightgbm,short,30000,0.01,345221
742,0.06641958084495858,3.0,-5.933580419155041,0.0026954177897574125,-157.9026100441452,-4402.7166710130405,,,0,1,non_overlapping_trade_tape,lightgbm,short,30000,0.01,345221
3455,0.13647359116302837,5.0,-9.863526408836972,0.0,-403.5296811987863,-34078.48374253174,,,0,4,predictive_all_eligible,lightgbm,short,30000,0.01,345221
742,0.06641958084495947,5.0,-9.93358041915504,0.0,-264.3493749919309,-7370.7166710130405,,,0,1,non_overlapping_trade_tape,lightgbm,short,30000,0.01,345221
34487,0.03613498612160715,1.0,-1.9638650138783929,0.018267753066372835,-398.8220009841722,-67727.81273362413,,,0,4,predictive_all_eligible,lightgbm,short,60000,0.1,344861
3147,0.02798650537387859,1.0,-1.9720134946261214,0.012392755004766444,-134.2990081865093,-6205.926467588404,,,0,1,non_overlapping_trade_tape,lightgbm,short,60000,0.1,344861
34487,0.03613498612160715,2.0,-3.963865013878393,0.004668425783628614,-804.9823003588707,-136701.81273362413,,,0,4,predictive_all_eligible,lightgbm,short,60000,0.1,344861
3147,0.02798650537387859,2.0,-3.9720134946261214,0.002542103590721322,-270.50396677577226,-12499.926467588404,,,0,1,non_overlapping_trade_tape,lightgbm,short,60000,0.1,344861
34487,0.03613498612160715,3.0,-5.963865013878393,0.002261721808217589,-1211.142599733569,-205675.81273362413,,,0,4,predictive_all_eligible,lightgbm,short,60000,0.1,344861
3147,0.027986505373878146,3.0,-5.972013494626122,0.0009532888465204957,-406.70892536503527,-18793.926467588404,,,0,1,non_overlapping_trade_tape,lightgbm,short,60000,0.1,344861
34487,0.03613498612160804,5.0,-9.963865013878392,0.00031896076782555744,-2023.463198482966,-343623.81273362413,,,0,4,predictive_all_eligible,lightgbm,short,60000,0.1,344861
3147,0.027986505373878146,5.0,-9.972013494626122,0.0,-679.1188425435612,-31381.926467588404,,,0,1,non_overlapping_trade_tape,lightgbm,short,60000,0.1,344861
17244,0.05268060097282423,1.0,-1.9473193990271758,0.03085131060078868,-229.41714697957394,-33579.57571682462,,,0,4,predictive_all_eligible,lightgbm,short,60000,0.05,344861
1858,0.03251812806967247,1.0,-1.9674818719303275,0.016684607104413347,-98.65103001322932,-3655.5813180465484,,,0,1,non_overlapping_trade_tape,lightgbm,short,60000,0.05,344861
17244,0.05268060097282401,2.0,-3.947319399027176,0.008582695430294595,-465.0406888537874,-68067.57571682462,,,0,4,predictive_all_eligible,lightgbm,short,60000,0.05,344861
1858,0.03251812806967269,2.0,-3.9674818719303273,0.004305705059203444,-198.93254357700235,-7371.581318046548,,,0,1,non_overlapping_trade_tape,lightgbm,short,60000,0.05,344861
17244,0.05268060097282401,3.0,-5.947319399027176,0.004407330085826954,-700.6642307280008,-102555.57571682462,,,0,4,predictive_all_eligible,lightgbm,short,60000,0.05,344861
1858,0.03251812806967269,3.0,-5.967481871930327,0.0016146393972012918,-299.21405714077537,-11087.581318046548,,,0,1,non_overlapping_trade_tape,lightgbm,short,60000,0.05,344861
17244,0.05268060097282401,5.0,-9.947319399027176,0.0005799118533982835,-1171.9113144764276,-171531.57571682462,,,0,4,predictive_all_eligible,lightgbm,short,60000,0.05,344861
1858,0.0325181280696718,5.0,-9.967481871930328,0.0,-499.77708426832146,-18519.58131804655,,,0,1,non_overlapping_trade_tape,lightgbm,short,60000,0.05,344861
6899,0.09323101734919637,1.0,-1.9067689826508036,0.06377735903754167,-103.42481150860705,-13154.799211307894,,,0,4,predictive_all_eligible,lightgbm,short,60000,0.02,344861
739,0.03558580347630458,1.0,-1.9644141965236954,0.029769959404600813,-47.8103725824033,-1451.7020912310109,,,0,1,non_overlapping_trade_tape,lightgbm,short,60000,0.02,344861
6899,0.09323101734919614,2.0,-3.906768982650804,0.018843310624728223,-211.90655465593383,-26952.799211307894,,,0,4,predictive_all_eligible,lightgbm,short,60000,0.02,344861
739,0.0355858034763048,2.0,-3.964414196523695,0.009472259810554804,-96.48684078041411,-2929.702091231011,,,0,1,non_overlapping_trade_tape,lightgbm,short,60000,0.02,344861
6899,0.09323101734919614,3.0,-5.906768982650804,0.009711552398898392,-320.3882978032607,-40750.799211307894,,,0,4,predictive_all_eligible,lightgbm,short,60000,0.02,344861
739,0.035585803476304356,3.0,-5.964414196523696,0.0027063599458728013,-145.1633089784249,-4407.702091231011,,,0,1,non_overlapping_trade_tape,lightgbm,short,60000,0.02,344861
6899,0.09323101734919703,5.0,-9.906768982650803,0.0014494854326714017,-537.3517840979142,-68346.7992113079,,,0,4,predictive_all_eligible,lightgbm,short,60000,0.02,344861
739,0.035585803476305244,5.0,-9.964414196523695,0.0013531799729364006,-242.5162453744465,-7363.702091231011,,,0,1,non_overlapping_trade_tape,lightgbm,short,60000,0.02,344861
3450,0.15360255311607673,1.0,-1.8463974468839233,0.07884057971014492,-66.70985461596985,-6370.0711917495355,,,0,4,predictive_all_eligible,lightgbm,short,60000,0.01,344861
375,0.10676094416404758,1.0,-1.8932390558359524,0.058666666666666666,-26.368952561131724,-709.9646459384821,,,0,1,non_overlapping_trade_tape,lightgbm,short,60000,0.01,344861
3450,0.15360255311607673,2.0,-3.8463974468839233,0.02463768115942029,-138.96932911703448,-13270.071191749536,,,0,4,predictive_all_eligible,lightgbm,short,60000,0.01,344861
375,0.1067609441640478,2.0,-3.893239055835952,0.010666666666666666,-54.224866984457,-1459.9646459384821,,,0,1,non_overlapping_trade_tape,lightgbm,short,60000,0.01,344861
3450,0.15360255311607673,3.0,-5.846397446883923,0.01217391304347826,-211.2288036180991,-20170.071191749536,,,0,4,predictive_all_eligible,lightgbm,short,60000,0.01,344861
375,0.1067609441640478,3.0,-5.893239055835952,0.008,-82.08078140778228,-2209.964645938482,,,0,1,non_overlapping_trade_tape,lightgbm,short,60000,0.01,344861
3450,0.15360255311607673,5.0,-9.846397446883923,0.0014492753623188406,-355.74775262022837,-33970.071191749536,,,0,4,predictive_all_eligible,lightgbm,short,60000,0.01,344861
375,0.1067609441640478,5.0,-9.893239055835952,0.0026666666666666666,-137.79261025443284,-3709.964645938482,,,0,1,non_overlapping_trade_tape,lightgbm,short,60000,0.01,344861
