problem,feature,mean_coefficient,median_coefficient,min_coefficient,max_coefficient,folds_positive,folds
fill_1000ms,backward_mid_abs_change_ticks_1000ms,0.02163134266,0.0223313449,-0.001049191575,0.04232125729,0.9,10
fill_1000ms,backward_mid_abs_change_ticks_100ms,-0.03477349142,-0.04077463038,-0.06691013277,-0.01156123448,0,10
fill_1000ms,backward_mid_abs_change_ticks_250ms,-0.03120750118,-0.03958012722,-0.06521660835,-0.001190471812,0,10
fill_1000ms,backward_mid_abs_change_ticks_5000ms,-0.2361615792,-0.2253671512,-0.3577772081,-0.1078328937,0,10
fill_1000ms,backward_mid_abs_change_ticks_500ms,-0.006599810347,-0.008123282343,-0.01898974925,0.00577550102,0.4,10
fill_1000ms,bbo_change_count_1000ms,-0.06723944729,-0.06314218976,-0.1110400781,-0.002491535386,0,10
fill_1000ms,bbo_change_count_100ms,-0.03631160166,-0.03692855407,-0.05417698249,-0.01167379878,0,10
fill_1000ms,bbo_change_count_250ms,0.005460045883,0.005942267249,-0.008339016698,0.01596992835,0.7,10
fill_1000ms,bbo_change_count_5000ms,0.3192451537,0.2234093398,0.1116118282,0.5225464106,1,10
fill_1000ms,bbo_change_count_500ms,0.01303560617,0.01286198292,0.005737124477,0.01774203777,1,10
fill_1000ms,depth_event_count_1000ms,-0.02429587524,-0.02351749223,-0.0362110436,-0.01600432955,0,10
fill_1000ms,depth_event_count_100ms,-0.03315608911,-0.03292716015,-0.04508738592,-0.02334143408,0,10
fill_1000ms,depth_event_count_250ms,0.003732633009,0.003366272431,0.0003000961151,0.009735361673,1,10
fill_1000ms,depth_event_count_5000ms,-0.01247415179,-0.01210279763,-0.01969124004,-0.007851987146,0,10
fill_1000ms,depth_event_count_500ms,-0.005900856433,-0.005940056872,-0.007547660265,-0.004511021543,0,10
fill_1000ms,log_opp_depth_add_l1_1000ms,0.123518496,0.1226049028,0.07602994144,0.1592555046,1,10
fill_1000ms,log_opp_depth_add_l1_100ms,0.06092889979,0.06067850254,0.05359586328,0.07363976538,1,10
fill_1000ms,log_opp_depth_l1,0.01681428739,0.01020955257,-0.02361572348,0.1178781763,0.7,10
fill_1000ms,log_opp_depth_l10,-0.1261159778,-0.1170458682,-0.1849624366,-0.09456090629,0,10
fill_1000ms,log_opp_depth_l5,-0.04954053536,-0.04522135109,-0.07657882571,-0.02173207887,0,10
fill_1000ms,log_opp_depth_remove_l1_1000ms,0.02064941418,0.02388454787,-0.008635082282,0.04022754356,0.9,10
fill_1000ms,log_opp_depth_remove_l1_100ms,0.02023830079,0.02037969744,-0.015841024,0.05330783874,0.9,10
fill_1000ms,log_own_depth_add_l1_1000ms,0.02909651902,0.02645279933,-0.01275529806,0.06363805383,0.9,10
fill_1000ms,log_own_depth_add_l1_100ms,0.03295897988,0.0272937119,-0.001955535496,0.05770901963,0.9,10
fill_1000ms,log_own_depth_l1,-0.3128555447,-0.318311736,-0.3707900941,-0.2581694424,0,10
fill_1000ms,log_own_depth_l10,0.1164988345,0.1382845715,-0.007482984103,0.2443594337,0.9,10
fill_1000ms,log_own_depth_l5,-0.04874380929,-0.01774410252,-0.1594058424,0.03752313554,0.2,10
fill_1000ms,log_own_depth_remove_l1_1000ms,0.1850215957,0.1771503463,0.1077923626,0.2405425012,1,10
fill_1000ms,log_own_depth_remove_l1_100ms,0.1244996689,0.1222256795,0.1042183489,0.1409106255,1,10
fill_1000ms,log_queue_ahead_lots,-0.3128555447,-0.318311736,-0.3707900941,-0.2581694424,0,10
fill_1000ms,opp_concentration_l10,-0.05804987063,-0.0524326656,-0.137283504,0.0001937749767,0.1,10
fill_1000ms,opp_concentration_l5,0.01349099942,0.01057765237,-0.01652297564,0.04941081256,0.7,10
fill_1000ms,opp_dispersion_ticks_l10,-0.0437388218,-0.03739131801,-0.09880816191,-0.0154114021,0,10
fill_1000ms,own_concentration_l10,0.06944033056,0.08159509301,0.01328355633,0.1275905371,1,10
fill_1000ms,own_concentration_l5,-0.02385163121,-0.02491883375,-0.02952248231,-0.01047460735,0,10
fill_1000ms,own_dispersion_ticks_l10,0.04235260291,0.05460975319,0.008342319168,0.07154842466,1,10
fill_1000ms,queue_to_own_depth_l5,-0.02385113351,-0.02491941117,-0.02952125669,-0.01047426462,0,10
fill_1000ms,segment_age_ms,0.01981497472,0.01212778757,-0.04727658629,0.1505808979,0.5,10
fill_1000ms,signed_depth_flow_pressure_l10_1000ms,-0.04926162469,-0.04607626237,-0.09034316987,-0.007488589268,0,10
fill_1000ms,signed_depth_flow_pressure_l10_100ms,-0.07178335749,-0.07136263326,-0.08764262497,-0.06135919318,0,10
fill_1000ms,signed_depth_flow_pressure_l10_250ms,-0.05222040191,-0.05073260516,-0.0718369633,-0.0445753336,0,10
fill_1000ms,signed_depth_flow_pressure_l10_5000ms,-0.03567395532,-0.03695566952,-0.04871381819,-0.007558471058,0,10
fill_1000ms,signed_depth_flow_pressure_l10_500ms,-0.08053413965,-0.07183193415,-0.1303373128,-0.05598848313,0,10
fill_1000ms,signed_depth_flow_pressure_l5_1000ms,-0.002359180897,-0.006595556391,-0.02600025386,0.04730211571,0.3,10
fill_1000ms,signed_depth_flow_pressure_l5_100ms,0.06704743952,0.07294579595,0.04945326596,0.08375946432,1,10
fill_1000ms,signed_depth_flow_pressure_l5_250ms,0.03048322629,0.03242888674,0.01023573615,0.06431029737,1,10
fill_1000ms,signed_depth_flow_pressure_l5_5000ms,-0.03493813882,-0.03481932171,-0.04772169143,-0.01070956234,0,10
fill_1000ms,signed_depth_flow_pressure_l5_500ms,0.03075196021,0.02079652436,-0.005653116386,0.1062635481,0.7,10
fill_1000ms,signed_log_volume_1000ms,-0.02232386763,-0.01795639191,-0.07851687074,-0.005428149831,0,10
fill_1000ms,signed_log_volume_100ms,-0.1524252698,-0.1483610868,-0.177155003,-0.1314419657,0,10
fill_1000ms,signed_log_volume_250ms,-0.02664966155,-0.02721782494,-0.02985054813,-0.02031521127,0,10
fill_1000ms,signed_log_volume_5000ms,-0.008590137935,-0.01085594669,-0.0264557898,0.03193580732,0.2,10
fill_1000ms,signed_log_volume_500ms,-0.01606422914,-0.01679185871,-0.01971189305,-0.008578972891,0,10
fill_1000ms,signed_microprice_offset_ticks,-0.1537464984,-0.1854066327,-0.2151573598,-0.08037883043,0,10
fill_1000ms,signed_net_depth_flow_l1_1000ms,0.0001144574489,0.011775102,-0.07520718873,0.01948070526,0.6,10
fill_1000ms,signed_net_depth_flow_l1_100ms,0.04923734106,0.04686319828,0.04194410145,0.06179769337,1,10
fill_1000ms,signed_net_depth_flow_l1_250ms,0.008229366527,0.01002990664,-0.01290827524,0.02181149647,0.7,10
fill_1000ms,signed_net_depth_flow_l1_5000ms,-0.02337949369,-0.01410646457,-0.09977107495,0.0004934706958,0.1,10
fill_1000ms,signed_net_depth_flow_l1_500ms,-0.002964279405,-0.008237901027,-0.02924616262,0.0224853456,0.4,10
fill_1000ms,signed_net_depth_flow_l5_1000ms,0.02588785794,0.01517227525,0.007575211115,0.08455234766,1,10
fill_1000ms,signed_net_depth_flow_l5_100ms,-0.03113664836,-0.03042029403,-0.03852685168,-0.02431062981,0,10
fill_1000ms,signed_net_depth_flow_l5_250ms,-0.01711909235,-0.01733544935,-0.02616165951,-0.007594626863,0,10
fill_1000ms,signed_net_depth_flow_l5_5000ms,-0.04102912201,-0.04260907881,-0.06825389713,-0.009013430215,0,10
fill_1000ms,signed_net_depth_flow_l5_500ms,-0.001559570234,-0.003264118801,-0.01240012515,0.01101994328,0.4,10
fill_1000ms,signed_obi_l1,-0.1721068725,-0.1893297061,-0.2186565399,-0.1153723896,0,10
fill_1000ms,signed_obi_l10,-0.004785736778,0.004449944769,-0.0519435145,0.05474745855,0.6,10
fill_1000ms,signed_obi_l5,-0.07907829694,-0.06470435858,-0.1459962428,-0.049584914,0,10
fill_1000ms,signed_trade_imbalance_1000ms,0.03455768526,0.03152239695,0.0221850872,0.0756739229,1,10
fill_1000ms,signed_trade_imbalance_100ms,0.09388174117,0.09432905167,0.07783438265,0.1061038747,1,10
fill_1000ms,signed_trade_imbalance_250ms,0.01730381632,0.01754684839,0.01098788623,0.0217790436,1,10
fill_1000ms,signed_trade_imbalance_5000ms,0.04494957989,0.04863736778,-0.001019497402,0.06685117632,0.9,10
fill_1000ms,signed_trade_imbalance_500ms,0.01974388435,0.01859218813,0.01604436338,0.02956488356,1,10
fill_1000ms,signed_weighted_obi_l10,-0.05506221587,-0.06363288127,-0.08057776839,0.007373134606,0.1,10
fill_1000ms,signed_weighted_obi_l5,-0.1018292479,-0.1013204418,-0.1464717686,-0.05888036638,0,10
fill_1000ms,spread_ticks,-0.008949523792,0,-0.03100981563,0,0,10
fill_1000ms,time_since_bbo_change_ms,-0.175745067,-0.1589868888,-0.2229899168,-0.1465661377,0,10
fill_1000ms,time_since_depth_ms,0.003040865937,0.00342545379,-0.01242549159,0.01308019087,0.7,10
fill_1000ms,time_since_mid_change_ms,-0.1757438034,-0.1589868888,-0.2229878455,-0.1465661377,0,10
fill_1000ms,time_since_trade_ms,-0.1219727345,-0.09180278704,-0.2240886986,-0.02320126817,0,10
fill_1000ms,trade_count_1000ms,0.01812884286,0.01899218373,-0.0148050338,0.03672555462,0.9,10
fill_1000ms,trade_count_100ms,0.1210757531,0.1250300966,0.1012258381,0.1441319436,1,10
fill_1000ms,trade_count_250ms,0.04426162057,0.05085716955,0.0121388752,0.08415328711,1,10
fill_1000ms,trade_count_5000ms,0.2282688454,0.2230665162,0.1540819705,0.2934917808,1,10
fill_1000ms,trade_count_500ms,0.02249023332,0.02266880777,0.007391640451,0.03659680486,1,10
fill_1000ms_ask_only,backward_mid_abs_change_ticks_1000ms,0.01501316405,0.01800942421,-0.01010222733,0.03696667776,0.8,10
fill_1000ms_ask_only,backward_mid_abs_change_ticks_100ms,-0.03545843353,-0.04238331132,-0.06434641778,-0.01560958754,0,10
fill_1000ms_ask_only,backward_mid_abs_change_ticks_250ms,-0.04157540109,-0.04906709306,-0.07945258915,-0.01236244105,0,10
fill_1000ms_ask_only,backward_mid_abs_change_ticks_5000ms,-0.234188132,-0.2277022079,-0.3465873301,-0.09310044348,0,10
fill_1000ms_ask_only,backward_mid_abs_change_ticks_500ms,-0.009866398724,-0.007015041076,-0.02601777948,-0.0006649339339,0,10
fill_1000ms_ask_only,bbo_change_count_1000ms,-0.0669251631,-0.05979984999,-0.1086519957,-0.01193180773,0,10
fill_1000ms_ask_only,bbo_change_count_100ms,-0.03614798123,-0.03761926852,-0.05059878528,-0.01367276255,0,10
fill_1000ms_ask_only,bbo_change_count_250ms,0.01412279964,0.01288276957,0.005391271319,0.02512194589,1,10
fill_1000ms_ask_only,bbo_change_count_5000ms,0.2998004727,0.2183368057,0.09808028489,0.4793412685,1,10
fill_1000ms_ask_only,bbo_change_count_500ms,0.01566996966,0.0154550462,0.01029032003,0.02455603518,1,10
fill_1000ms_ask_only,depth_event_count_1000ms,-0.01582735261,-0.01643508906,-0.02591810748,0.001569265849,0.1,10
fill_1000ms_ask_only,depth_event_count_100ms,-0.0318163326,-0.03163811099,-0.04544491693,-0.02010142617,0,10
fill_1000ms_ask_only,depth_event_count_250ms,-0.005342804804,-0.008188910084,-0.01592407934,0.01412177179,0.2,10
fill_1000ms_ask_only,depth_event_count_5000ms,-0.01289793146,-0.01358534163,-0.01836597547,-0.005937880371,0,10
fill_1000ms_ask_only,depth_event_count_500ms,-0.004057812866,-0.006041877903,-0.01335567422,0.007955890149,0.3,10
fill_1000ms_ask_only,log_opp_depth_add_l1_1000ms,0.1454710998,0.149872914,0.1183984205,0.1705229729,1,10
fill_1000ms_ask_only,log_opp_depth_add_l1_100ms,0.06444949992,0.06473647058,0.05160748959,0.07527541369,1,10
fill_1000ms_ask_only,log_opp_depth_l1,0.0478639846,0.04645737447,-0.03225328401,0.1850501597,0.8,10
fill_1000ms_ask_only,log_opp_depth_l10,-0.1354952164,-0.1180278063,-0.2266711742,-0.08494250476,0,10
fill_1000ms_ask_only,log_opp_depth_l5,-0.07534185275,-0.07540629432,-0.1045692414,-0.05222727358,0,10
fill_1000ms_ask_only,log_opp_depth_remove_l1_1000ms,0.02226219464,0.0255466383,-0.00358080701,0.04066993669,0.9,10
fill_1000ms_ask_only,log_opp_depth_remove_l1_100ms,0.0270655619,0.02760838624,-0.01423333958,0.05589519814,0.9,10
fill_1000ms_ask_only,log_own_depth_add_l1_1000ms,0.03816194166,0.03402611706,0.002834890503,0.07715512067,1,10
fill_1000ms_ask_only,log_own_depth_add_l1_100ms,0.03183384738,0.02667715307,-0.004631752614,0.05794490501,0.9,10
fill_1000ms_ask_only,log_own_depth_l1,-0.3437543064,-0.3425804675,-0.3791006804,-0.3056656122,0,10
fill_1000ms_ask_only,log_own_depth_l10,0.1389625642,0.1406490281,0.05378615856,0.2155345678,1,10
fill_1000ms_ask_only,log_own_depth_l5,-0.01289737788,0.008224862395,-0.1479755342,0.1194877923,0.6,10
fill_1000ms_ask_only,log_own_depth_remove_l1_1000ms,0.1834059164,0.1787589565,0.09380629659,0.2341683358,1,10
fill_1000ms_ask_only,log_own_depth_remove_l1_100ms,0.1157466598,0.1085654497,0.1007265896,0.1333951503,1,10
fill_1000ms_ask_only,log_queue_ahead_lots,-0.3437543064,-0.3425804675,-0.3791006804,-0.3056656122,0,10
fill_1000ms_ask_only,opp_concentration_l10,-0.07148100249,-0.07962112129,-0.1316925734,-0.02958933264,0,10
fill_1000ms_ask_only,opp_concentration_l5,0.01995908921,0.02423874009,-0.002510593506,0.0409610793,0.8,10
fill_1000ms_ask_only,opp_dispersion_ticks_l10,-0.04418022977,-0.04499191605,-0.09642247111,-0.01154722087,0,10
fill_1000ms_ask_only,own_concentration_l10,0.09488555975,0.09537575021,0.03343441337,0.1543985307,1,10
fill_1000ms_ask_only,own_concentration_l5,-0.02791818138,-0.02707125153,-0.03803748637,-0.01597823575,0,10
fill_1000ms_ask_only,own_dispersion_ticks_l10,0.05424938006,0.0658588782,0.01013832446,0.09218735993,1,10
fill_1000ms_ask_only,queue_to_own_depth_l5,-0.02791836467,-0.02707180195,-0.03804006055,-0.01597758569,0,10
fill_1000ms_ask_only,segment_age_ms,0.03100291886,0.0290989154,-0.04555935785,0.1651382148,0.6,10
fill_1000ms_ask_only,signed_depth_flow_pressure_l10_1000ms,-0.04140348798,-0.03220536467,-0.0765870735,-0.006136449985,0,10
fill_1000ms_ask_only,signed_depth_flow_pressure_l10_100ms,-0.05437176749,-0.05160443671,-0.0727519691,-0.03965458646,0,10
fill_1000ms_ask_only,signed_depth_flow_pressure_l10_250ms,-0.0401765639,-0.03996303678,-0.05215192959,-0.02317306958,0,10
fill_1000ms_ask_only,signed_depth_flow_pressure_l10_5000ms,-0.02456959169,-0.02671672776,-0.03269135952,-0.01283857599,0,10
fill_1000ms_ask_only,signed_depth_flow_pressure_l10_500ms,-0.09464404956,-0.09460714832,-0.1265155375,-0.06447526813,0,10
fill_1000ms_ask_only,signed_depth_flow_pressure_l5_1000ms,-0.01956574423,-0.01840882003,-0.04058494419,0.006639881525,0.1,10
fill_1000ms_ask_only,signed_depth_flow_pressure_l5_100ms,0.05130139552,0.05052866228,0.03066922352,0.07479394227,1,10
fill_1000ms_ask_only,signed_depth_flow_pressure_l5_250ms,0.02523245625,0.02270436194,0.006765573286,0.05080782622,1,10
fill_1000ms_ask_only,signed_depth_flow_pressure_l5_5000ms,-0.04222059939,-0.03956049308,-0.05934229866,-0.03088773973,0,10
fill_1000ms_ask_only,signed_depth_flow_pressure_l5_500ms,0.03810833018,0.03607171774,0.0002441253018,0.08694821596,1,10
fill_1000ms_ask_only,signed_log_volume_1000ms,-0.01636382828,-0.01577157341,-0.05875986814,0.002813306171,0.1,10
fill_1000ms_ask_only,signed_log_volume_100ms,-0.1380216874,-0.1366305947,-0.1803260297,-0.07858341187,0,10
fill_1000ms_ask_only,signed_log_volume_250ms,-0.02973676138,-0.02905643545,-0.0451994054,-0.02067006938,0,10
fill_1000ms_ask_only,signed_log_volume_5000ms,0.003937750553,-0.0027400709,-0.02544943057,0.04418910667,0.5,10
fill_1000ms_ask_only,signed_log_volume_500ms,-0.006206520188,-0.006038839463,-0.01904233918,0.004945433699,0.4,10
fill_1000ms_ask_only,signed_microprice_offset_ticks,-0.1816571228,-0.2073730379,-0.2592133284,-0.09140579402,0,10
fill_1000ms_ask_only,signed_net_depth_flow_l1_1000ms,0.01629194124,0.02747300919,-0.07492278516,0.03441687301,0.9,10
fill_1000ms_ask_only,signed_net_depth_flow_l1_100ms,0.03992097005,0.03992919624,0.02903172001,0.04705929384,1,10
fill_1000ms_ask_only,signed_net_depth_flow_l1_250ms,0.005360262119,0.008859393653,-0.009126616642,0.01532467175,0.7,10
fill_1000ms_ask_only,signed_net_depth_flow_l1_5000ms,-0.03051447873,-0.02415459137,-0.1052987427,0.001961907838,0.1,10
fill_1000ms_ask_only,signed_net_depth_flow_l1_500ms,0.01094429417,0.007563316962,-0.004759513773,0.0300386399,0.7,10
fill_1000ms_ask_only,signed_net_depth_flow_l5_1000ms,0.01274158101,0.003354867455,-0.006193614099,0.09656404704,0.6,10
fill_1000ms_ask_only,signed_net_depth_flow_l5_100ms,-0.02735280273,-0.02870749682,-0.03422474489,-0.009190560319,0,10
fill_1000ms_ask_only,signed_net_depth_flow_l5_250ms,-0.01698555611,-0.01539572841,-0.03151905909,-0.005307804793,0,10
fill_1000ms_ask_only,signed_net_depth_flow_l5_5000ms,-0.05001262622,-0.05739885755,-0.08012408763,-0.007408091798,0,10
fill_1000ms_ask_only,signed_net_depth_flow_l5_500ms,-0.0151168609,-0.013861435,-0.0224545151,-0.007565752603,0,10
fill_1000ms_ask_only,signed_obi_l1,-0.2002526961,-0.2106952295,-0.2607849538,-0.1218298897,0,10
fill_1000ms_ask_only,signed_obi_l10,-0.02525666468,-0.04091820866,-0.06198180839,0.05028543249,0.2,10
fill_1000ms_ask_only,signed_obi_l5,-0.06478801668,-0.05215040594,-0.1246039048,-0.031454999,0,10
fill_1000ms_ask_only,signed_trade_imbalance_1000ms,0.03625401221,0.03370777704,0.01807033829,0.07098490745,1,10
fill_1000ms_ask_only,signed_trade_imbalance_100ms,0.07625555759,0.08593167365,0.006361483596,0.1208635494,1,10
fill_1000ms_ask_only,signed_trade_imbalance_250ms,0.02276950963,0.02198616508,0.01623728871,0.03079931997,1,10
fill_1000ms_ask_only,signed_trade_imbalance_5000ms,0.04791808245,0.04778746888,-0.006677507889,0.0857552886,0.9,10
fill_1000ms_ask_only,signed_trade_imbalance_500ms,0.02103282297,0.01785865054,0.01386913471,0.04257789627,1,10
fill_1000ms_ask_only,signed_weighted_obi_l10,-0.02983701983,-0.03139292262,-0.05901988596,0.01240811031,0.1,10
fill_1000ms_ask_only,signed_weighted_obi_l5,-0.07001912333,-0.06933757663,-0.1106776372,-0.03128741682,0,10
fill_1000ms_ask_only,spread_ticks,-0.0142123457,0,-0.05217605457,0,0,10
fill_1000ms_ask_only,time_since_bbo_change_ms,-0.1812763229,-0.1654718071,-0.2293903828,-0.1504025459,0,10
fill_1000ms_ask_only,time_since_depth_ms,0.007892967695,0.008830236737,-0.007082992699,0.0197733622,0.8,10
fill_1000ms_ask_only,time_since_mid_change_ms,-0.1812732086,-0.1654718071,-0.2293859422,-0.1504025459,0,10
fill_1000ms_ask_only,time_since_trade_ms,-0.1172355348,-0.08923944831,-0.2293696553,-0.01589104719,0,10
fill_1000ms_ask_only,trade_count_1000ms,0.01626549023,0.0160816256,-0.02898332104,0.04095700011,0.9,10
fill_1000ms_ask_only,trade_count_100ms,0.12246603,0.1252641007,0.100945659,0.1426697373,1,10
fill_1000ms_ask_only,trade_count_250ms,0.05279057436,0.05855196156,0.0247003939,0.1007082015,1,10
fill_1000ms_ask_only,trade_count_5000ms,0.2516440481,0.249560535,0.1873146892,0.3023970425,1,10
fill_1000ms_ask_only,trade_count_500ms,0.02509207507,0.02667657379,-0.0006943265907,0.04258222505,0.9,10
fill_1000ms_bid_only,backward_mid_abs_change_ticks_1000ms,0.02382678724,0.02905379049,-0.006174425129,0.05013787746,0.9,10
fill_1000ms_bid_only,backward_mid_abs_change_ticks_100ms,-0.03394646104,-0.03865419142,-0.0714276433,-0.007821991108,0,10
fill_1000ms_bid_only,backward_mid_abs_change_ticks_250ms,-0.01749058606,-0.02539288159,-0.04015766084,0.01219878718,0.3,10
fill_1000ms_bid_only,backward_mid_abs_change_ticks_5000ms,-0.2311142437,-0.229015626,-0.3327334225,-0.09684356302,0,10
fill_1000ms_bid_only,backward_mid_abs_change_ticks_500ms,-0.009753930941,-0.008837175556,-0.04747202247,0.01609826647,0.4,10
fill_1000ms_bid_only,bbo_change_count_1000ms,-0.06902469946,-0.06600720249,-0.1157828048,0.0155589385,0.1,10
fill_1000ms_bid_only,bbo_change_count_100ms,-0.03554601942,-0.03771291021,-0.05543284491,-0.003370645689,0,10
fill_1000ms_bid_only,bbo_change_count_250ms,-0.005327964434,-8.090620395e-05,-0.03541945666,0.0105726216,0.5,10
fill_1000ms_bid_only,bbo_change_count_5000ms,0.3360008419,0.2249481231,0.1105199903,0.5736318827,1,10
fill_1000ms_bid_only,bbo_change_count_500ms,0.01500424319,0.01639613509,0.005201931577,0.02188766189,1,10
fill_1000ms_bid_only,depth_event_count_1000ms,-0.03167987857,-0.03045330103,-0.05264375359,-0.01699066535,0,10
fill_1000ms_bid_only,depth_event_count_100ms,-0.0347442938,-0.03495680355,-0.04525379092,-0.02422397397,0,10
fill_1000ms_bid_only,depth_event_count_250ms,0.01259272886,0.01602034643,-0.01171429176,0.02008382231,0.9,10
fill_1000ms_bid_only,depth_event_count_5000ms,-0.01286522467,-0.0147529263,-0.02043698169,-0.003817220218,0,10
fill_1000ms_bid_only,depth_event_count_500ms,-0.008866440831,-0.007352052489,-0.01719125733,-0.003832411952,0,10
fill_1000ms_bid_only,log_opp_depth_add_l1_1000ms,0.1032395434,0.0922879912,0.0421433486,0.1461555064,1,10
fill_1000ms_bid_only,log_opp_depth_add_l1_100ms,0.05704326667,0.05722084641,0.04889570922,0.06943501532,1,10
fill_1000ms_bid_only,log_opp_depth_l1,0.02102427981,-0.01193697564,-0.03793016821,0.3382814527,0.3,10
fill_1000ms_bid_only,log_opp_depth_l10,-0.1521491542,-0.1135988235,-0.4597502351,-0.08557778597,0,10
fill_1000ms_bid_only,log_opp_depth_l5,-0.01613252442,0.0005883122794,-0.06827690452,0.03379167989,0.5,10
fill_1000ms_bid_only,log_opp_depth_remove_l1_1000ms,0.01700408868,0.02073562518,-0.02122568712,0.03258929774,0.9,10
fill_1000ms_bid_only,log_opp_depth_remove_l1_100ms,0.01303488683,0.01069647702,-0.01723027602,0.0462760441,0.9,10
fill_1000ms_bid_only,log_own_depth_add_l1_1000ms,0.02094108385,0.02525833715,-0.04065655544,0.0531540215,0.9,10
fill_1000ms_bid_only,log_own_depth_add_l1_100ms,0.03528492678,0.03136355057,0.001541499398,0.0557250753,1,10
fill_1000ms_bid_only,log_own_depth_l1,-0.3013502792,-0.3102781922,-0.4389730394,-0.2154884189,0,10
fill_1000ms_bid_only,log_own_depth_l10,0.1169414758,0.1328375563,-0.06373491138,0.3919935226,0.6,10
fill_1000ms_bid_only,log_own_depth_l5,-0.07418320275,-0.05782264657,-0.1647704244,-0.0004699363781,0,10
fill_1000ms_bid_only,log_own_depth_remove_l1_1000ms,0.1851928487,0.1694000512,0.1297507882,0.2416960597,1,10
fill_1000ms_bid_only,log_own_depth_remove_l1_100ms,0.1318188235,0.1335612759,0.1052921712,0.1470354944,1,10
fill_1000ms_bid_only,log_queue_ahead_lots,-0.3013502792,-0.3102781922,-0.4389730394,-0.2154884189,0,10
fill_1000ms_bid_only,opp_concentration_l10,-0.05237574433,-0.04862551205,-0.176066041,0.01385424007,0.1,10
fill_1000ms_bid_only,opp_concentration_l5,0.007350125129,0.00988116907,-0.02751171589,0.04107059911,0.7,10
fill_1000ms_bid_only,opp_dispersion_ticks_l10,-0.04151965603,-0.0421365127,-0.07585360855,-0.01133302599,0,10
fill_1000ms_bid_only,own_concentration_l10,0.04794304236,0.06090283208,-0.008020098321,0.09954796731,0.7,10
fill_1000ms_bid_only,own_concentration_l5,-0.01766922863,-0.01918197051,-0.02499910071,-0.001542408718,0,10
fill_1000ms_bid_only,own_dispersion_ticks_l10,0.02828710293,0.02706429455,0.003948730417,0.05094704032,1,10
fill_1000ms_bid_only,queue_to_own_depth_l5,-0.01766796254,-0.01918025222,-0.02499884367,-0.001538415672,0,10
fill_1000ms_bid_only,segment_age_ms,0.01031947955,0.0002198247239,-0.04674939066,0.1369225681,0.5,10
fill_1000ms_bid_only,signed_depth_flow_pressure_l10_1000ms,-0.06645329762,-0.06923237815,-0.1626888663,-0.01105406694,0,10
fill_1000ms_bid_only,signed_depth_flow_pressure_l10_100ms,-0.08703396544,-0.08282524347,-0.1035350636,-0.0744734481,0,10
fill_1000ms_bid_only,signed_depth_flow_pressure_l10_250ms,-0.06548358947,-0.05733548291,-0.109087415,-0.0489580892,0,10
fill_1000ms_bid_only,signed_depth_flow_pressure_l10_5000ms,-0.04733470306,-0.0489332173,-0.07059260458,-0.01195060462,0,10
fill_1000ms_bid_only,signed_depth_flow_pressure_l10_500ms,-0.07997894026,-0.06360339746,-0.1954098344,-0.04919654131,0,10
fill_1000ms_bid_only,signed_depth_flow_pressure_l5_1000ms,0.02095688034,0.001790610724,-0.01174395997,0.1620608717,0.6,10
fill_1000ms_bid_only,signed_depth_flow_pressure_l5_100ms,0.0829745423,0.07939402014,0.06145213172,0.1079334542,1,10
fill_1000ms_bid_only,signed_depth_flow_pressure_l5_250ms,0.0367484496,0.03327676468,0.01250776555,0.08379870653,1,10
fill_1000ms_bid_only,signed_depth_flow_pressure_l5_5000ms,-0.02864337899,-0.03317280859,-0.04569745809,0.01850584708,0.1,10
fill_1000ms_bid_only,signed_depth_flow_pressure_l5_500ms,0.03414099277,0.01111190766,-0.01133838668,0.1776990592,0.6,10
fill_1000ms_bid_only,signed_log_volume_1000ms,-0.02848991221,-0.02420910634,-0.1001740023,-0.0087572271,0,10
fill_1000ms_bid_only,signed_log_volume_100ms,-0.1523202725,-0.1577869207,-0.1874921769,-0.1185531244,0,10
fill_1000ms_bid_only,signed_log_volume_250ms,-0.03072481547,-0.03061818797,-0.04041556269,-0.01960611157,0,10
fill_1000ms_bid_only,signed_log_volume_5000ms,-0.02078912472,-0.02258870844,-0.06481718272,0.008620459586,0.3,10
fill_1000ms_bid_only,signed_log_volume_500ms,-0.0256960893,-0.02596141119,-0.03508017585,-0.01412640885,0,10
fill_1000ms_bid_only,signed_microprice_offset_ticks,-0.1209960625,-0.1290806942,-0.1896378547,-0.06432380527,0,10
fill_1000ms_bid_only,signed_net_depth_flow_l1_1000ms,-0.01385347127,-0.0002425144776,-0.06898225099,0.01228396408,0.5,10
fill_1000ms_bid_only,signed_net_depth_flow_l1_100ms,0.05555214435,0.05553005077,0.03936786577,0.06692701578,1,10
fill_1000ms_bid_only,signed_net_depth_flow_l1_250ms,0.01203546615,0.01268143952,-0.02764393762,0.0310409274,0.9,10
fill_1000ms_bid_only,signed_net_depth_flow_l1_5000ms,-0.01687811746,-0.00538490375,-0.08988138288,0.01797176711,0.4,10
fill_1000ms_bid_only,signed_net_depth_flow_l1_500ms,-0.01519678938,-0.01955909142,-0.04853566736,0.01407142356,0.4,10
fill_1000ms_bid_only,signed_net_depth_flow_l5_1000ms,0.03891183883,0.03290408663,0.01529431902,0.08351906389,1,10
fill_1000ms_bid_only,signed_net_depth_flow_l5_100ms,-0.03550253566,-0.0366278924,-0.04341466352,-0.02120202221,0,10
fill_1000ms_bid_only,signed_net_depth_flow_l5_250ms,-0.01748056608,-0.02007719595,-0.02382464148,0.0006134155556,0.1,10
fill_1000ms_bid_only,signed_net_depth_flow_l5_5000ms,-0.03128645006,-0.02248569112,-0.07449158281,-0.006515087094,0,10
fill_1000ms_bid_only,signed_net_depth_flow_l5_500ms,0.01226728176,0.01193731884,-0.005185491871,0.03111103922,0.7,10
fill_1000ms_bid_only,signed_obi_l1,-0.1401097357,-0.1356336325,-0.1948957443,-0.1035017595,0,10
fill_1000ms_bid_only,signed_obi_l10,0.01642999565,0.02425350761,-0.09860420972,0.1001044586,0.5,10
fill_1000ms_bid_only,signed_obi_l5,-0.1000432022,-0.07600824907,-0.2513209283,-0.0464162007,0,10
fill_1000ms_bid_only,signed_trade_imbalance_1000ms,0.03318221746,0.03188422322,0.01100145932,0.08461417258,1,10
fill_1000ms_bid_only,signed_trade_imbalance_100ms,0.09324773066,0.09128664434,0.05752480403,0.1181538999,1,10
fill_1000ms_bid_only,signed_trade_imbalance_250ms,0.02101528961,0.01718789944,0.01125821471,0.03679890931,1,10
fill_1000ms_bid_only,signed_trade_imbalance_5000ms,0.0442255659,0.04098451324,0.01880356669,0.0947682336,1,10
fill_1000ms_bid_only,signed_trade_imbalance_500ms,0.01896217726,0.01718857791,0.01357297786,0.02963242866,1,10
fill_1000ms_bid_only,signed_weighted_obi_l10,-0.07226389945,-0.09063702077,-0.1072075889,0.05890445784,0.1,10
fill_1000ms_bid_only,signed_weighted_obi_l5,-0.1373476602,-0.145226486,-0.190436691,-0.07977841049,0,10
fill_1000ms_bid_only,spread_ticks,-0.004288301431,0,-0.01577742398,0,0,10
fill_1000ms_bid_only,time_since_bbo_change_ms,-0.1707499593,-0.1555096358,-0.2167942077,-0.1366389841,0,10
fill_1000ms_bid_only,time_since_depth_ms,-0.002358751057,-0.001176642079,-0.04851411283,0.01648862846,0.5,10
fill_1000ms_bid_only,time_since_mid_change_ms,-0.1707497016,-0.1555096358,-0.2167941928,-0.1366389841,0,10
fill_1000ms_bid_only,time_since_trade_ms,-0.1261210265,-0.09958061203,-0.2144334763,-0.02392008342,0,10
fill_1000ms_bid_only,trade_count_1000ms,0.02582924152,0.02762116119,0.006046363153,0.04592874274,1,10
fill_1000ms_bid_only,trade_count_100ms,0.120812273,0.1244930215,0.09997940063,0.1423055381,1,10
fill_1000ms_bid_only,trade_count_250ms,0.0334789922,0.04494639114,0.006480080541,0.05473824963,1,10
fill_1000ms_bid_only,trade_count_5000ms,0.2014785387,0.2024780735,0.08067720383,0.29946208,1,10
fill_1000ms_bid_only,trade_count_500ms,0.02325155528,0.03174489178,-0.00197481038,0.04606821015,0.7,10
fill_5000ms,backward_mid_abs_change_ticks_1000ms,-0.001072870102,-0.009237269871,-0.04384981841,0.04510859028,0.4,10
fill_5000ms,backward_mid_abs_change_ticks_100ms,-0.007833447261,-0.0132493563,-0.02193276398,0.008413644508,0.4,10
fill_5000ms,backward_mid_abs_change_ticks_250ms,0.002297562768,0.001484706532,-0.02268729545,0.01975315623,0.6,10
fill_5000ms,backward_mid_abs_change_ticks_5000ms,-0.3770614013,-0.3296432644,-0.6199176311,-0.2326651663,0,10
fill_5000ms,backward_mid_abs_change_ticks_500ms,0.0003838146396,-0.002566031122,-0.01442465838,0.01822637394,0.4,10
fill_5000ms,bbo_change_count_1000ms,-0.0920682868,-0.07750392333,-0.1432700157,-0.02804197185,0,10
fill_5000ms,bbo_change_count_100ms,-0.03138607405,-0.03014351986,-0.0457194373,-0.01804099977,0,10
fill_5000ms,bbo_change_count_250ms,-0.001720378015,-0.0001537303906,-0.01315923408,0.004466242157,0.5,10
fill_5000ms,bbo_change_count_5000ms,0.3305677861,0.2452649996,0.1149813086,0.5284848213,1,10
fill_5000ms,bbo_change_count_500ms,0.01074281998,0.01537740789,-0.009084965102,0.02343255468,0.8,10
fill_5000ms,depth_event_count_1000ms,-0.007998304209,-0.007603774546,-0.01033635717,-0.006777780596,0,10
fill_5000ms,depth_event_count_100ms,-0.01509389193,-0.01447946858,-0.02083125897,-0.007287631277,0,10
fill_5000ms,depth_event_count_250ms,-0.004741538875,-0.004755694186,-0.005817129742,-0.0026777694,0,10
fill_5000ms,depth_event_count_5000ms,-0.002872258578,-0.002253816638,-0.006481810473,0.0001225509186,0.1,10
fill_5000ms,depth_event_count_500ms,0.0002073393646,0.0002074173462,-0.00214488362,0.002329112729,0.6,10
fill_5000ms,log_opp_depth_add_l1_1000ms,0.1042236961,0.107442677,0.07172893733,0.1258207262,1,10
fill_5000ms,log_opp_depth_add_l1_100ms,0.05384016484,0.05388079025,0.04259467125,0.06358399242,1,10
fill_5000ms,log_opp_depth_l1,0.2065695472,0.1446811259,0.08384738117,0.6832039952,1,10
fill_5000ms,log_opp_depth_l10,-0.2330021165,-0.1714110002,-0.5928375125,-0.1234128699,0,10
fill_5000ms,log_opp_depth_l5,-0.03411789432,-0.03211166617,-0.1114339456,0.06234166771,0.3,10
fill_5000ms,log_opp_depth_remove_l1_1000ms,0.03283411209,0.03596547991,0.005480792373,0.04584700242,1,10
fill_5000ms,log_opp_depth_remove_l1_100ms,0.0242101891,0.02315920312,0.002191070467,0.04569384083,1,10
fill_5000ms,log_own_depth_add_l1_1000ms,0.05320574919,0.05577854253,0.0005402302486,0.07753281295,1,10
fill_5000ms,log_own_depth_add_l1_100ms,0.01410141946,0.01159268478,-0.006160847843,0.02636129409,0.9,10
fill_5000ms,log_own_depth_l1,-0.5182617664,-0.497407496,-0.628243804,-0.4531210661,0,10
fill_5000ms,log_own_depth_l10,0.3328542292,0.3198098242,0.1590109169,0.5203350782,1,10
fill_5000ms,log_own_depth_l5,0.03998614736,0.02126985602,-0.1594316214,0.351067692,0.6,10
fill_5000ms,log_own_depth_remove_l1_1000ms,0.1210100874,0.1103050932,0.09433347732,0.1564438641,1,10
fill_5000ms,log_own_depth_remove_l1_100ms,0.07029896379,0.06769147702,0.04112181813,0.08908180892,1,10
fill_5000ms,log_queue_ahead_lots,-0.5182617664,-0.497407496,-0.628243804,-0.4531210661,0,10
fill_5000ms,opp_concentration_l10,-0.03302638726,-0.01905258279,-0.1398426443,0.004504550248,0.1,10
fill_5000ms,opp_concentration_l5,0.003763364069,0.002853106358,-0.01383836381,0.02501448058,0.7,10
fill_5000ms,opp_dispersion_ticks_l10,-0.01622488368,-0.01817564387,-0.0432824567,0.02646525577,0.1,10
fill_5000ms,own_concentration_l10,0.1416401327,0.1520908624,0.03354429454,0.1940024346,1,10
fill_5000ms,own_concentration_l5,-0.02309822163,-0.02460381389,-0.03404017165,-0.001675717765,0,10
fill_5000ms,own_dispersion_ticks_l10,0.07037665993,0.07131788507,0.04703422636,0.0916569531,1,10
fill_5000ms,queue_to_own_depth_l5,-0.02310147901,-0.02460713219,-0.03404131532,-0.001679945854,0,10
fill_5000ms,segment_age_ms,0.01655397119,0.0129797929,-0.04305864498,0.1438137591,0.6,10
fill_5000ms,signed_depth_flow_pressure_l10_1000ms,-0.03746058512,-0.03271660954,-0.08131178468,-0.01327066123,0,10
fill_5000ms,signed_depth_flow_pressure_l10_100ms,-0.03551989365,-0.03336016089,-0.04958217964,-0.02985824458,0,10
fill_5000ms,signed_depth_flow_pressure_l10_250ms,-0.01502960455,-0.01501197601,-0.02321619168,-0.008081464097,0,10
fill_5000ms,signed_depth_flow_pressure_l10_5000ms,0.01154227492,-0.001248411252,-0.01421755739,0.07836690545,0.5,10
fill_5000ms,signed_depth_flow_pressure_l10_500ms,-0.04355986919,-0.03996176831,-0.07424559444,-0.02456374653,0,10
fill_5000ms,signed_depth_flow_pressure_l5_1000ms,0.006743890757,-0.003621498821,-0.01420251466,0.0606767647,0.4,10
fill_5000ms,signed_depth_flow_pressure_l5_100ms,0.03162037767,0.02883586846,0.02491608076,0.04400687665,1,10
fill_5000ms,signed_depth_flow_pressure_l5_250ms,0.003147403052,0.001761739928,-0.005492649041,0.01652585529,0.5,10
fill_5000ms,signed_depth_flow_pressure_l5_5000ms,-0.03532815073,-0.03584642708,-0.04764742404,-0.0190936625,0,10
fill_5000ms,signed_depth_flow_pressure_l5_500ms,0.01904163883,0.009335077368,-0.001815718715,0.05892393738,0.9,10
fill_5000ms,signed_log_volume_1000ms,-0.02178472849,-0.02009207103,-0.05430768803,-0.007450565696,0,10
fill_5000ms,signed_log_volume_100ms,-0.08185866177,-0.08011145517,-0.1008795649,-0.06859512627,0,10
fill_5000ms,signed_log_volume_250ms,-0.004564040425,-0.004377712263,-0.01076531131,0.004777980503,0.2,10
fill_5000ms,signed_log_volume_5000ms,0.00205921859,0.0009710850427,-0.003217908554,0.01692096144,0.6,10
fill_5000ms,signed_log_volume_500ms,-0.006995249225,-0.006271549966,-0.01471930742,-0.0005262364866,0,10
fill_5000ms,signed_microprice_offset_ticks,-0.04773712046,-0.07160477154,-0.1495004743,0.08716605604,0.3,10
fill_5000ms,signed_net_depth_flow_l1_1000ms,0.005797336216,0.009257494006,-0.03045397252,0.01834274642,0.8,10
fill_5000ms,signed_net_depth_flow_l1_100ms,0.03798381798,0.03999030404,0.03007061593,0.04545068741,1,10
fill_5000ms,signed_net_depth_flow_l1_250ms,0.006132353283,0.005168357631,-0.002423673868,0.01371408161,0.9,10
fill_5000ms,signed_net_depth_flow_l1_5000ms,-0.04458598423,-0.03861098923,-0.1411933452,-0.000119213888,0,10
fill_5000ms,signed_net_depth_flow_l1_500ms,0.01261090455,0.0142880464,-0.005235779565,0.02458990365,0.9,10
fill_5000ms,signed_net_depth_flow_l5_1000ms,0.01388701729,0.01360935997,0.003497980768,0.02499055862,1,10
fill_5000ms,signed_net_depth_flow_l5_100ms,-0.02106009806,-0.02182372939,-0.02501548827,-0.01199288759,0,10
fill_5000ms,signed_net_depth_flow_l5_250ms,-0.00976706575,-0.01007227181,-0.0176326111,-0.0009614389273,0,10
fill_5000ms,signed_net_depth_flow_l5_5000ms,-0.02961938009,-0.02991691884,-0.04236337543,-0.01507405564,0,10
fill_5000ms,signed_net_depth_flow_l5_500ms,-0.01168227047,-0.01135022147,-0.0179874897,-0.007991389371,0,10
fill_5000ms,signed_obi_l1,-0.05683730319,-0.09877548739,-0.1440298706,0.0961394757,0.3,10
fill_5000ms,signed_obi_l10,-0.1413071908,-0.09652487189,-0.4112887084,-0.04864043742,0,10
fill_5000ms,signed_obi_l5,-0.1957297051,-0.1077321917,-0.6042878628,-0.02858789451,0,10
fill_5000ms,signed_trade_imbalance_1000ms,0.02154613542,0.01974894386,0.00636817608,0.05481926352,1,10
fill_5000ms,signed_trade_imbalance_100ms,0.05369571969,0.05429425277,0.04419630021,0.0623213239,1,10
fill_5000ms,signed_trade_imbalance_250ms,0.003327875916,0.00309989776,-0.00423742272,0.008209303953,0.8,10
fill_5000ms,signed_trade_imbalance_5000ms,0.002703381819,0.003347918508,-0.01430576574,0.02029810101,0.5,10
fill_5000ms,signed_trade_imbalance_500ms,0.006180954142,0.005067458376,0.002643294865,0.01196677703,1,10
fill_5000ms,signed_weighted_obi_l10,0.07445995398,0.04602710903,0.03373946249,0.2657470107,1,10
fill_5000ms,signed_weighted_obi_l5,0.005029985681,0.01009447686,-0.05318498611,0.0608269833,0.6,10
fill_5000ms,spread_ticks,-0.01155928783,0,-0.04011711851,0,0,10
fill_5000ms,time_since_bbo_change_ms,-0.178166458,-0.1723646,-0.204421252,-0.1575699598,0,10
fill_5000ms,time_since_depth_ms,-0.0002833219973,-0.0004206039739,-0.002511970699,0.001545098959,0.4,10
fill_5000ms,time_since_mid_change_ms,-0.1781666428,-0.1723646,-0.2044220865,-0.1575699598,0,10
fill_5000ms,time_since_trade_ms,-0.0931910295,-0.07460609823,-0.1555749476,-0.0308400318,0,10
fill_5000ms,trade_count_1000ms,0.03160309847,0.03028688766,0.009795277379,0.05385960639,1,10
fill_5000ms,trade_count_100ms,0.05102103055,0.05492895842,0.03601779789,0.06443218142,1,10
fill_5000ms,trade_count_250ms,0.008015176933,0.01391032198,-0.0117301885,0.03355127946,0.6,10
fill_5000ms,trade_count_5000ms,0.4040566444,0.3984577209,0.3154228628,0.5938534737,1,10
fill_5000ms,trade_count_500ms,0.008721700776,0.01035033399,-0.005246791989,0.01757199131,0.8,10
fill_500ms,backward_mid_abs_change_ticks_1000ms,0.02516450156,0.024814629,-0.004337073304,0.04192418978,0.9,10
fill_500ms,backward_mid_abs_change_ticks_100ms,-0.04856833611,-0.05670125596,-0.09108079225,-0.01968623139,0,10
fill_500ms,backward_mid_abs_change_ticks_250ms,-0.03583724718,-0.04263645224,-0.08057903498,-0.007153907325,0,10
fill_500ms,backward_mid_abs_change_ticks_5000ms,-0.1793627258,-0.1845366582,-0.2554311156,-0.05509657785,0,10
fill_500ms,backward_mid_abs_change_ticks_500ms,-0.01374217785,-0.01387440972,-0.02896496467,-0.0003143736103,0,10
fill_500ms,bbo_change_count_1000ms,-0.05877281353,-0.0541566927,-0.09486781806,0.01969303563,0.1,10
fill_500ms,bbo_change_count_100ms,-0.03849160746,-0.03965991177,-0.05007235333,-0.02089538239,0,10
fill_500ms,bbo_change_count_250ms,0.01168041274,0.01205319026,-0.0004727412306,0.02422909439,0.9,10
fill_500ms,bbo_change_count_5000ms,0.2869217642,0.2000061125,0.1042331234,0.4717203975,1,10
fill_500ms,bbo_change_count_500ms,0.02152645783,0.02435763553,-0.004617844708,0.03090016916,0.9,10
fill_500ms,depth_event_count_1000ms,-0.03036455158,-0.02726331726,-0.05232586712,-0.01867691614,0,10
fill_500ms,depth_event_count_100ms,-0.04579957724,-0.047294911,-0.05915861949,-0.03117207438,0,10
fill_500ms,depth_event_count_250ms,-0.002953407762,-0.002862797061,-0.01012738049,0.007323177531,0.2,10
fill_500ms,depth_event_count_5000ms,-0.0252163358,-0.02394166216,-0.03124620579,-0.01861098409,0,10
fill_500ms,depth_event_count_500ms,-0.003105404531,-0.007683004718,-0.01324555557,0.01710040495,0.3,10
fill_500ms,log_opp_depth_add_l1_1000ms,0.1443375565,0.1382371485,0.09926383197,0.1806862056,1,10
fill_500ms,log_opp_depth_add_l1_100ms,0.07244785279,0.07336764783,0.0647411719,0.07830235362,1,10
fill_500ms,log_opp_depth_l1,-0.02851387579,-0.02455834392,-0.05702889338,0.01194910705,0.1,10
fill_500ms,log_opp_depth_l10,-0.08616753556,-0.08293113112,-0.1248188019,-0.05497878417,0,10
fill_500ms,log_opp_depth_l5,-0.05681995079,-0.0564784389,-0.07692587376,-0.0360615775,0,10
fill_500ms,log_opp_depth_remove_l1_1000ms,0.0009926181287,0.00509895687,-0.04373536631,0.02080806904,0.6,10
fill_500ms,log_opp_depth_remove_l1_100ms,0.006362872588,0.005541124468,-0.02477342077,0.03880017623,0.6,10
fill_500ms,log_own_depth_add_l1_1000ms,0.01191758581,0.00856606802,-0.03401721269,0.05001161993,0.8,10
fill_500ms,log_own_depth_add_l1_100ms,0.051024298,0.04168288596,0.01016810909,0.08198625594,1,10
fill_500ms,log_own_depth_l1,-0.2732087955,-0.2823402286,-0.3216631711,-0.2051457018,0,10
fill_500ms,log_own_depth_l10,0.04355816077,0.06011632085,-0.04869873822,0.1354364604,0.7,10
fill_500ms,log_own_depth_l5,-0.06665668336,-0.04803859256,-0.1456895918,-0.00256633223,0,10
fill_500ms,log_own_depth_remove_l1_1000ms,0.2197566062,0.2030439973,0.1405479759,0.2910553217,1,10
fill_500ms,log_own_depth_remove_l1_100ms,0.1648955211,0.1622229666,0.1458837837,0.177061066,1,10
fill_500ms,log_queue_ahead_lots,-0.2732087955,-0.2823402286,-0.3216631711,-0.2051457018,0,10
fill_500ms,opp_concentration_l10,-0.05804145565,-0.05695395637,-0.1184381619,-0.0003846265317,0,10
fill_500ms,opp_concentration_l5,0.01369893574,-0.0003926476929,-0.02488969453,0.05951048806,0.5,10
fill_500ms,opp_dispersion_ticks_l10,-0.04403536683,-0.04379774723,-0.08034559339,-0.01151809096,0,10
fill_500ms,own_concentration_l10,0.02746215537,0.03649783228,-0.02682958543,0.07719369978,0.6,10
fill_500ms,own_concentration_l5,-0.01898291707,-0.02023584768,-0.02501795255,-0.01054291707,0,10
fill_500ms,own_dispersion_ticks_l10,0.02978928741,0.04132443666,-0.004585621413,0.05699278042,0.9,10
fill_500ms,queue_to_own_depth_l5,-0.01898226999,-0.02023492008,-0.02501752414,-0.01054101903,0,10
fill_500ms,segment_age_ms,0.02056675754,0.01683170046,-0.04668728635,0.1457367092,0.5,10
fill_500ms,signed_depth_flow_pressure_l10_1000ms,-0.04209420828,-0.0487267375,-0.06784373522,-0.002505531302,0,10
fill_500ms,signed_depth_flow_pressure_l10_100ms,-0.06383577473,-0.05650936067,-0.09178514034,-0.04271837324,0,10
fill_500ms,signed_depth_flow_pressure_l10_250ms,-0.06107325889,-0.05457304418,-0.09462310374,-0.0460329093,0,10
fill_500ms,signed_depth_flow_pressure_l10_5000ms,-0.04746880196,-0.04757106304,-0.06030334532,-0.03493103012,0,10
fill_500ms,signed_depth_flow_pressure_l10_500ms,-0.07319727167,-0.0712095201,-0.09050115943,-0.05819669738,0,10
fill_500ms,signed_depth_flow_pressure_l5_1000ms,-0.004794072337,-0.01112841256,-0.0226829946,0.02696621232,0.3,10
fill_500ms,signed_depth_flow_pressure_l5_100ms,0.05844996944,0.05543912016,0.03143107891,0.08403802663,1,10
fill_500ms,signed_depth_flow_pressure_l5_250ms,0.02790156084,0.02588328067,-0.004028799944,0.07518094778,0.8,10
fill_500ms,signed_depth_flow_pressure_l5_5000ms,-0.0475644391,-0.0489045307,-0.05999755114,-0.0327139087,0,10
fill_500ms,signed_depth_flow_pressure_l5_500ms,0.004687472782,0.0022223735,-0.02340901643,0.04529999197,0.5,10
fill_500ms,signed_log_volume_1000ms,-0.007811675535,-0.007024717052,-0.03974181041,0.02071795985,0.3,10
fill_500ms,signed_log_volume_100ms,-0.2038487718,-0.2034058496,-0.2278478593,-0.1820040941,0,10
fill_500ms,signed_log_volume_250ms,-0.03795217164,-0.03833400086,-0.05460004136,-0.02617079765,0,10
fill_500ms,signed_log_volume_5000ms,-0.02267301604,-0.025971503,-0.03496517614,0.01221052185,0.1,10
fill_500ms,signed_log_volume_500ms,-0.0452423431,-0.04354839213,-0.06394725293,-0.03170007095,0,10
fill_500ms,signed_microprice_offset_ticks,-0.1436780535,-0.1730503365,-0.2062895,-0.07146411389,0,10
fill_500ms,signed_net_depth_flow_l1_1000ms,0.007579196058,0.01444865996,-0.0727442354,0.02325594798,0.9,10
fill_500ms,signed_net_depth_flow_l1_100ms,0.07812763974,0.07817110047,0.04776673019,0.1386929899,1,10
fill_500ms,signed_net_depth_flow_l1_250ms,0.01604434852,0.0159958466,0.003208644688,0.02684376203,1,10
fill_500ms,signed_net_depth_flow_l1_5000ms,-0.01308203165,-0.002696890966,-0.0873169899,0.01195089333,0.5,10
fill_500ms,signed_net_depth_flow_l1_500ms,0.001624957926,-0.002383331826,-0.03560827672,0.02874360979,0.5,10
fill_500ms,signed_net_depth_flow_l5_1000ms,0.01928499038,0.0128374598,0.00604515709,0.08766005933,1,10
fill_500ms,signed_net_depth_flow_l5_100ms,-0.047980747,-0.04818914086,-0.07575354725,-0.02523685619,0,10
fill_500ms,signed_net_depth_flow_l5_250ms,-0.0221240472,-0.02135078516,-0.0404019393,-0.009602090344,0,10
fill_500ms,signed_net_depth_flow_l5_5000ms,-0.02307339651,-0.02093907818,-0.04684400558,-0.006524793338,0,10
fill_500ms,signed_net_depth_flow_l5_500ms,-0.0008684125729,0.000231334765,-0.01115120761,0.01090131328,0.5,10
fill_500ms,signed_obi_l1,-0.1627827749,-0.1799602956,-0.2166153491,-0.1100266948,0,10
fill_500ms,signed_obi_l10,-0.0272273146,-0.01787862642,-0.07923968881,0.03385841101,0.5,10
fill_500ms,signed_obi_l5,-0.07342426516,-0.06864545867,-0.1104337648,-0.04734699801,0,10
fill_500ms,signed_trade_imbalance_1000ms,0.01974697364,0.02179417852,-0.005161846522,0.03826208413,0.9,10
fill_500ms,signed_trade_imbalance_100ms,0.125194601,0.1253604926,0.1124670878,0.1374085099,1,10
fill_500ms,signed_trade_imbalance_250ms,0.02551119756,0.02394831087,0.01766853407,0.04643270373,1,10
fill_500ms,signed_trade_imbalance_5000ms,0.06768594086,0.06788812578,0.01993624866,0.1009188443,1,10
fill_500ms,signed_trade_imbalance_500ms,0.04563106745,0.04157822393,0.02886644378,0.07255298644,1,10
fill_500ms,signed_weighted_obi_l10,-0.08297249526,-0.08882457018,-0.1050484702,-0.05165289715,0,10
fill_500ms,signed_weighted_obi_l5,-0.1095805302,-0.1112030782,-0.1487670988,-0.0740744397,0,10
fill_500ms,spread_ticks,-0.007054695673,0,-0.02487343363,0,0,10
fill_500ms,time_since_bbo_change_ms,-0.1670459107,-0.1514314413,-0.2146591991,-0.1386370212,0,10
fill_500ms,time_since_depth_ms,0.01099790228,0.01437152363,-0.003848745022,0.02127261832,0.9,10
fill_500ms,time_since_mid_change_ms,-0.1670454189,-0.1514314413,-0.214658916,-0.1386370212,0,10
fill_500ms,time_since_trade_ms,-0.1494658068,-0.112254668,-0.2776833177,-0.03381052613,0,10
fill_500ms,trade_count_1000ms,0.01553875352,0.02319152933,-0.04269487038,0.04446205497,0.7,10
fill_500ms,trade_count_100ms,0.1533522591,0.1589212343,0.1314474642,0.1757202297,1,10
fill_500ms,trade_count_250ms,0.05648601558,0.06265237741,0.02232062258,0.1046460345,1,10
fill_500ms,trade_count_5000ms,0.1696373068,0.160556972,0.07530467212,0.2539641857,1,10
fill_500ms,trade_count_500ms,0.02286781814,0.02762232441,-0.00392395677,0.04221906513,0.8,10
good_fill_1s,backward_mid_abs_change_ticks_1000ms,-0.001469661482,-0.000375432428,-0.02504315041,0.02346164361,0.5,10
good_fill_1s,backward_mid_abs_change_ticks_100ms,0.04591978807,0.0542448014,0.01946733706,0.07840211689,1,10
good_fill_1s,backward_mid_abs_change_ticks_250ms,0.02107107211,0.02147725876,0.005542141385,0.03478133306,1,10
good_fill_1s,backward_mid_abs_change_ticks_5000ms,-0.1371307923,-0.1237233058,-0.4359991848,-0.005099844187,0,10
good_fill_1s,backward_mid_abs_change_ticks_500ms,0.04894660832,0.05266349763,0.01560771372,0.1080004424,1,10
good_fill_1s,bbo_change_count_1000ms,0.002036416112,0.001978229964,-0.01905717328,0.02744348533,0.6,10
good_fill_1s,bbo_change_count_100ms,-0.03677503671,-0.03699947149,-0.04962136224,-0.02864330821,0,10
good_fill_1s,bbo_change_count_250ms,0.01228507156,0.01335440995,-0.002290208358,0.0211818926,0.9,10
good_fill_1s,bbo_change_count_5000ms,0.04894634259,0.004441786878,-0.07975693792,0.1877360195,0.6,10
good_fill_1s,bbo_change_count_500ms,-0.01860808798,-0.01899317931,-0.05163706094,0.006497115828,0.3,10
good_fill_1s,depth_event_count_1000ms,0.0006379422233,-8.137528675e-05,-0.002547204262,0.006792857777,0.5,10
good_fill_1s,depth_event_count_100ms,-0.00241931335,-0.002567874384,-0.006980595645,0.00140304747,0.2,10
good_fill_1s,depth_event_count_250ms,0.002439149912,0.0021142388,-0.006580021698,0.018902421,0.6,10
good_fill_1s,depth_event_count_5000ms,0.008035001421,0.007940426003,-0.0006921970635,0.0161429923,0.9,10
good_fill_1s,depth_event_count_500ms,0.0004383408872,0.0007428449171,-0.003201852553,0.00639633229,0.6,10
good_fill_1s,log_opp_depth_add_l1_1000ms,-0.02703763749,-0.02577800117,-0.04603717104,-0.01156131364,0,10
good_fill_1s,log_opp_depth_add_l1_100ms,-0.005744318615,-0.003109001555,-0.01675796881,0.005253510084,0.2,10
good_fill_1s,log_opp_depth_l1,-0.497729969,-0.4447767884,-1.345210671,-0.2771631181,0,10
good_fill_1s,log_opp_depth_l10,0.05457189456,0.03754928336,-0.02232534811,0.146773994,0.9,10
good_fill_1s,log_opp_depth_l5,-0.008817438595,-0.06550940126,-0.1177447364,0.5341408253,0.1,10
good_fill_1s,log_opp_depth_remove_l1_1000ms,-0.01232722676,-0.009262580425,-0.03598326817,0.002638385398,0.2,10
good_fill_1s,log_opp_depth_remove_l1_100ms,-0.0113911296,-0.01184987463,-0.03026552312,0.005359501578,0.4,10
good_fill_1s,log_own_depth_add_l1_1000ms,0.01006510487,0.01325706556,-0.009325481951,0.02371518873,0.7,10
good_fill_1s,log_own_depth_add_l1_100ms,0.03356743259,0.03194293939,0.01474073064,0.05005252361,1,10
good_fill_1s,log_own_depth_l1,0.2917092517,0.316289857,0.1567274481,0.4144458175,1,10
good_fill_1s,log_own_depth_l10,-0.5839465037,-0.6165882945,-0.7593403459,-0.1474483162,0,10
good_fill_1s,log_own_depth_l5,-0.223224185,-0.2273592129,-0.8888735771,0.1099747121,0.3,10
good_fill_1s,log_own_depth_remove_l1_1000ms,0.02401724473,0.02251456585,-0.01333348919,0.05169728771,0.9,10
good_fill_1s,log_own_depth_remove_l1_100ms,0.07734598666,0.0798619017,0.0569640249,0.08477946371,1,10
good_fill_1s,log_queue_ahead_lots,0.2917092517,0.316289857,0.1567274481,0.4144458175,1,10
good_fill_1s,opp_concentration_l10,-0.06955024485,-0.06970837712,-0.1401834637,-0.0005482953275,0,10
good_fill_1s,opp_concentration_l5,0.04861438908,0.05452773534,-0.01057478599,0.09547811747,0.8,10
good_fill_1s,opp_dispersion_ticks_l10,-0.06751908325,-0.07862776145,-0.1094490513,-0.006004834548,0,10
good_fill_1s,own_concentration_l10,-0.2896471843,-0.2845435888,-0.360494256,-0.24202995,0,10
good_fill_1s,own_concentration_l5,0.001868144237,0.00785050285,-0.03876702487,0.02701574378,0.6,10
good_fill_1s,own_dispersion_ticks_l10,-0.09896318279,-0.07000571303,-0.2801301777,-0.04701179639,0,10
good_fill_1s,queue_to_own_depth_l5,0.001868044212,0.007849770132,-0.03875723854,0.02701069228,0.6,10
good_fill_1s,segment_age_ms,-0.06518428437,-0.07064749673,-0.09059424698,-0.01559695229,0,10
good_fill_1s,signed_depth_flow_pressure_l10_1000ms,0.0453016147,0.03364706226,0.009624884464,0.1715539396,1,10
good_fill_1s,signed_depth_flow_pressure_l10_100ms,0.02445645798,0.02336160187,0.01780462451,0.03438134119,1,10
good_fill_1s,signed_depth_flow_pressure_l10_250ms,-0.006967801978,-0.007757276238,-0.0319343321,0.01954497211,0.4,10
good_fill_1s,signed_depth_flow_pressure_l10_5000ms,-0.06360305436,-0.05835393071,-0.1115272492,-0.0352338329,0,10
good_fill_1s,signed_depth_flow_pressure_l10_500ms,0.04365286138,0.02852839977,0.0093922019,0.1367249638,1,10
good_fill_1s,signed_depth_flow_pressure_l5_1000ms,-0.1003859207,-0.08920501545,-0.2157520354,-0.04928445816,0,10
good_fill_1s,signed_depth_flow_pressure_l5_100ms,-0.0460750863,-0.04745881632,-0.05225668475,-0.03501094505,0,10
good_fill_1s,signed_depth_flow_pressure_l5_250ms,-0.01952843834,-0.0180925075,-0.04702723026,0.004088801332,0.1,10
good_fill_1s,signed_depth_flow_pressure_l5_5000ms,0.03132622279,0.02310167346,0.01305375714,0.07207975537,1,10
good_fill_1s,signed_depth_flow_pressure_l5_500ms,-0.07918050326,-0.06764107198,-0.1476421058,-0.0547025688,0,10
good_fill_1s,signed_log_volume_1000ms,0.06041277349,0.06006604247,0.04562783614,0.07344012707,1,10
good_fill_1s,signed_log_volume_100ms,0.04849006496,0.04891418107,0.03596801311,0.05600016192,1,10
good_fill_1s,signed_log_volume_250ms,0.01307856957,0.01279445365,0.0056021614,0.02205331624,1,10
good_fill_1s,signed_log_volume_5000ms,0.009425687976,-0.009415231179,-0.03248243406,0.06281033158,0.4,10
good_fill_1s,signed_log_volume_500ms,0.03554996196,0.03765523434,0.02312816307,0.0410217531,1,10
good_fill_1s,signed_microprice_offset_ticks,-0.2459114067,-0.2966770977,-0.6956189871,0.1719777584,0.3,10
good_fill_1s,signed_net_depth_flow_l1_1000ms,0.08513190411,0.09065963328,0.05100473389,0.1020888165,1,10
good_fill_1s,signed_net_depth_flow_l1_100ms,0.03847717065,0.03911019862,0.02824838273,0.04292016849,1,10
good_fill_1s,signed_net_depth_flow_l1_250ms,0.0131156954,0.0157031063,-0.002257601358,0.02944866568,0.9,10
good_fill_1s,signed_net_depth_flow_l1_5000ms,0.05170007553,0.04878423177,0.02174643986,0.1141020581,1,10
good_fill_1s,signed_net_depth_flow_l1_500ms,0.01682322391,0.01641638577,-0.01507444493,0.04061342776,0.8,10
good_fill_1s,signed_net_depth_flow_l5_1000ms,-0.0242443338,-0.02617968339,-0.0643099919,0.01466427743,0.2,10
good_fill_1s,signed_net_depth_flow_l5_100ms,0.02048786316,0.02187105361,0.0009799242252,0.0270584058,1,10
good_fill_1s,signed_net_depth_flow_l5_250ms,0.01803048356,0.0194032751,-0.003245899454,0.02595688775,0.9,10
good_fill_1s,signed_net_depth_flow_l5_5000ms,-0.004600755638,0.007350782165,-0.07237812132,0.02838376723,0.6,10
good_fill_1s,signed_net_depth_flow_l5_500ms,0.02587201372,0.02424774319,0.01671025343,0.04081240296,1,10
good_fill_1s,signed_obi_l1,-0.466509971,-0.4944125414,-0.6951934099,-0.3011207581,0,10
good_fill_1s,signed_obi_l10,0.4481219709,0.4226004481,0.1514200419,0.8449448347,1,10
good_fill_1s,signed_obi_l5,-0.04407130609,-0.07027934492,-0.1494695693,0.2608617246,0.3,10
good_fill_1s,signed_trade_imbalance_1000ms,-0.1271191955,-0.1315194815,-0.1578580439,-0.09409993142,0,10
good_fill_1s,signed_trade_imbalance_100ms,-0.005276699376,-0.004045843845,-0.01174693089,0.002039362211,0.1,10
good_fill_1s,signed_trade_imbalance_250ms,-0.01655648211,-0.01559368847,-0.02440636978,-0.01084228884,0,10
good_fill_1s,signed_trade_imbalance_5000ms,-0.1737435512,-0.1685563624,-0.2162266672,-0.1245571747,0,10
good_fill_1s,signed_trade_imbalance_500ms,-0.05207071602,-0.05349360965,-0.05984323844,-0.04207303748,0,10
good_fill_1s,signed_weighted_obi_l10,-0.2914794818,-0.3255342096,-0.4605344534,-0.125396207,0,10
good_fill_1s,signed_weighted_obi_l5,-0.2500902131,-0.2458646894,-0.3825721741,-0.03534428775,0,10
good_fill_1s,spread_ticks,0.004967951495,0,0,0.01463616546,0.4,10
good_fill_1s,time_since_bbo_change_ms,0.04092951212,0.04075403512,0.02982287668,0.05128739029,1,10
good_fill_1s,time_since_depth_ms,0.009654843889,0.004741322948,-0.002978692064,0.04141443968,0.9,10
good_fill_1s,time_since_mid_change_ms,0.04093106817,0.04075403512,0.02982287668,0.05128739029,1,10
good_fill_1s,time_since_trade_ms,-0.06012322232,-0.06094480306,-0.07093502581,-0.04949717224,0,10
good_fill_1s,trade_count_1000ms,0.04176422805,0.04834710434,-0.01250581071,0.0688386336,0.9,10
good_fill_1s,trade_count_100ms,-0.07123560235,-0.07432058081,-0.143291682,-0.0358184725,0,10
good_fill_1s,trade_count_250ms,-0.01468399354,-0.01435225271,-0.03768569976,0.008026845753,0.4,10
good_fill_1s,trade_count_5000ms,0.2131742015,0.2380328849,0.04438503459,0.4612001479,1,10
good_fill_1s,trade_count_500ms,-0.02188353701,-0.02022873983,-0.05922451988,0.002037752885,0.1,10
markout_1000ms,backward_mid_abs_change_ticks_1000ms,-0.4134723406,0.2356652655,-3.913323879,3.177412987,0.7,10
markout_1000ms,backward_mid_abs_change_ticks_100ms,0.1530705944,0.4228906631,-0.7853374481,0.5443012714,0.7,10
markout_1000ms,backward_mid_abs_change_ticks_250ms,0.3846402345,0.5383534431,-0.4386075437,0.9469935298,0.9,10
markout_1000ms,backward_mid_abs_change_ticks_5000ms,-0.5000771731,-0.4223582596,-3.063557148,2.008043289,0.4,10
markout_1000ms,backward_mid_abs_change_ticks_500ms,1.451367694,1.319440305,0.9532541633,2.204277754,1,10
markout_1000ms,bbo_change_count_1000ms,0.998181542,0.8109866083,0.09263574332,1.999120712,1,10
markout_1000ms,bbo_change_count_100ms,0.6761221386,0.2823548988,-0.1695419401,1.674656034,0.9,10
markout_1000ms,bbo_change_count_250ms,0.08455172814,-0.06368379854,-0.1427547634,0.4609261453,0.4,10
markout_1000ms,bbo_change_count_5000ms,-1.442852142,0.2172188647,-6.830917835,1.09278357,0.5,10
markout_1000ms,bbo_change_count_500ms,0.06054224353,-0.0290450016,-0.248767674,0.4281374812,0.4,10
markout_1000ms,depth_event_count_1000ms,0.2834801745,0.196349889,0.05996971205,0.6198450327,1,10
markout_1000ms,depth_event_count_100ms,0.1639784247,0.166172944,0.03270803392,0.3055394888,1,10
markout_1000ms,depth_event_count_250ms,0.1464357252,-0.008652762044,-0.06103586406,0.6363600492,0.4,10
markout_1000ms,depth_event_count_5000ms,0.3491459494,0.09446842782,-0.0005925466539,1.033863068,0.9,10
markout_1000ms,depth_event_count_500ms,-0.08051978732,-0.02290417161,-0.2340065241,0.03744119778,0.3,10
markout_1000ms,log_opp_depth_add_l1_1000ms,-0.2772400185,-0.2962077111,-0.5453993678,-0.1046268493,0,10
markout_1000ms,log_opp_depth_add_l1_100ms,-0.3915186629,-0.4030035585,-0.8463227749,0.1021060646,0.1,10
markout_1000ms,log_opp_depth_l1,-11.16997199,-10.45897532,-22.4033165,-5.065941811,0,10
markout_1000ms,log_opp_depth_l10,8.182382727,8.040180206,3.712152004,11.92566967,1,10
markout_1000ms,log_opp_depth_l5,0.228880477,-2.364218712,-5.487684727,8.564333916,0.4,10
markout_1000ms,log_opp_depth_remove_l1_1000ms,-0.0569612965,-0.003554668278,-0.7775061131,0.5372058749,0.5,10
markout_1000ms,log_opp_depth_remove_l1_100ms,-0.5083141439,-0.5204136968,-0.7339460254,-0.09309952706,0,10
markout_1000ms,log_own_depth_add_l1_1000ms,-0.4905238824,-0.5571949184,-0.7281402349,0.01833171956,0.1,10
markout_1000ms,log_own_depth_add_l1_100ms,-0.04378228416,-0.01898655575,-0.1874305904,0.09868600219,0.3,10
markout_1000ms,log_own_depth_l1,2.101137295,2.425548553,0.323916167,4.50885582,1,10
markout_1000ms,log_own_depth_l10,-9.714487219,-8.923307419,-15.62372398,-2.446955204,0,10
markout_1000ms,log_own_depth_l5,5.201384044,6.243066549,-2.143978357,13.43505478,0.7,10
markout_1000ms,log_own_depth_remove_l1_1000ms,-0.6277464658,-0.4289776087,-1.150651693,-0.1641848683,0,10
markout_1000ms,log_own_depth_remove_l1_100ms,0.02968019973,0.02632877417,-0.2329229712,0.1917767525,0.6,10
markout_1000ms,log_queue_ahead_lots,2.101137295,2.425548553,0.323916167,4.50885582,1,10
markout_1000ms,opp_concentration_l10,1.279056585,1.255533576,-0.349932909,2.743806124,0.8,10
markout_1000ms,opp_concentration_l5,1.726324982,0.4378434122,-0.9373798966,5.084517002,0.8,10
markout_1000ms,opp_dispersion_ticks_l10,-0.4596986979,-0.3722210377,-1.888166547,0.6019747853,0.3,10
markout_1000ms,own_concentration_l10,-3.549330151,-3.77028656,-4.609121323,-0.9814056158,0,10
markout_1000ms,own_concentration_l5,-0.1081131147,-0.1398801766,-1.163297296,0.7588399649,0.4,10
markout_1000ms,own_dispersion_ticks_l10,1.55290569,0.3404785693,-0.3089269102,5.099968433,0.8,10
markout_1000ms,queue_to_own_depth_l5,-0.1083975237,-0.1401638314,-1.16350925,0.7586457133,0.4,10
markout_1000ms,segment_age_ms,-1.60732668,-1.470719755,-4.073925495,1.199203014,0.1,10
markout_1000ms,signed_depth_flow_pressure_l10_1000ms,0.4138247516,0.5185567737,-0.2398553342,1.213857293,0.8,10
markout_1000ms,signed_depth_flow_pressure_l10_100ms,0.07115124443,0.02248009248,-0.01581656933,0.3255975842,0.8,10
markout_1000ms,signed_depth_flow_pressure_l10_250ms,-0.05486702677,-0.0470462963,-0.2544648349,0.07265133411,0.3,10
markout_1000ms,signed_depth_flow_pressure_l10_5000ms,0.6088663818,0.07345928065,-0.7667830586,3.345747471,0.7,10
markout_1000ms,signed_depth_flow_pressure_l10_500ms,0.212248078,0.1866143309,-0.171077624,0.8030861616,0.7,10
markout_1000ms,signed_depth_flow_pressure_l5_1000ms,-0.7173497722,-0.7079552114,-1.474559903,-0.1121572405,0,10
markout_1000ms,signed_depth_flow_pressure_l5_100ms,-0.5642400622,-0.5365242064,-0.8254927397,-0.3949033916,0,10
markout_1000ms,signed_depth_flow_pressure_l5_250ms,-0.1355115147,-0.09493660554,-0.4270597696,0.1996918321,0.1,10
markout_1000ms,signed_depth_flow_pressure_l5_5000ms,0.3246584564,0.7585994601,-1.99437511,1.594329715,0.7,10
markout_1000ms,signed_depth_flow_pressure_l5_500ms,-0.7118750006,-0.6929709017,-1.328986287,-0.2693384588,0,10
markout_1000ms,signed_log_volume_1000ms,0.4872775365,0.4889634997,0.03714527562,0.8820385933,1,10
markout_1000ms,signed_log_volume_100ms,1.436367255,0.6690884233,0.1883653998,3.011120081,1,10
markout_1000ms,signed_log_volume_250ms,0.5299291402,0.3879821301,0.250710696,0.9168721437,1,10
markout_1000ms,signed_log_volume_5000ms,0.08341404349,-0.1004593894,-0.474619031,1.118644476,0.4,10
markout_1000ms,signed_log_volume_500ms,-0.1373069175,-0.1650108695,-0.249038443,0.09163355827,0.1,10
markout_1000ms,signed_microprice_offset_ticks,5.338966459,0.8151422441,-3.088799477,20.35243607,0.6,10
markout_1000ms,signed_net_depth_flow_l1_1000ms,0.2608297159,0.0111366834,-0.4514783025,1.153992534,0.6,10
markout_1000ms,signed_net_depth_flow_l1_100ms,0.2270701945,0.2069007084,0.02892718464,0.5139898658,1,10
markout_1000ms,signed_net_depth_flow_l1_250ms,0.2875745613,0.1400084272,0.003806739813,0.7150073051,1,10
markout_1000ms,signed_net_depth_flow_l1_5000ms,-1.244275236,-1.237909913,-1.726734042,-0.7065205574,0,10
markout_1000ms,signed_net_depth_flow_l1_500ms,0.07503211126,0.1323641203,-0.2511798143,0.2929272652,0.7,10
markout_1000ms,signed_net_depth_flow_l5_1000ms,0.2964808088,0.3394818008,-0.05915190279,0.5355095267,0.8,10
markout_1000ms,signed_net_depth_flow_l5_100ms,0.3351207703,0.3276881725,0.2144230604,0.5200863481,1,10
markout_1000ms,signed_net_depth_flow_l5_250ms,-0.1102976616,-0.1068510972,-0.2786785066,-0.01254385989,0,10
markout_1000ms,signed_net_depth_flow_l5_5000ms,0.8448732078,0.8241008222,0.4561835527,1.168188334,1,10
markout_1000ms,signed_net_depth_flow_l5_500ms,0.4799510226,0.4645222276,0.2187565118,0.8255318403,1,10
markout_1000ms,signed_obi_l1,-4.665131617,-1.905683637,-20.31629562,5.177945614,0.4,10
markout_1000ms,signed_obi_l10,4.465272832,5.394535542,-0.8889725208,7.564101219,0.9,10
markout_1000ms,signed_obi_l5,-0.3851393394,-0.07919889316,-3.808377504,2.706116438,0.4,10
markout_1000ms,signed_trade_imbalance_1000ms,-0.9528634369,-0.9110854268,-1.383619428,-0.6516852975,0,10
markout_1000ms,signed_trade_imbalance_100ms,-1.101890618,-0.5917903483,-2.221151829,-0.08087229729,0,10
markout_1000ms,signed_trade_imbalance_250ms,-0.6962125182,-0.5948292315,-1.082265377,-0.3949156404,0,10
markout_1000ms,signed_trade_imbalance_5000ms,-2.264008021,-2.069919348,-3.521423817,-1.062344193,0,10
markout_1000ms,signed_trade_imbalance_500ms,-0.2125504486,-0.1986728087,-0.3415772021,-0.09437511116,0,10
markout_1000ms,signed_weighted_obi_l10,-6.00105902,-6.770555973,-10.98464012,-1.00217998,0,10
markout_1000ms,signed_weighted_obi_l5,-5.967091894,-6.080509424,-11.61806107,1.296211123,0.1,10
markout_1000ms,spread_ticks,1.829929733,0,0,4.95232439,0.4,10
markout_1000ms,time_since_bbo_change_ms,-0.6339697553,-0.7446868122,-0.9442800283,0.003602506593,0.1,10
markout_1000ms,time_since_depth_ms,0.3831049789,0.2110787183,0.05869277194,1.163833499,1,10
markout_1000ms,time_since_mid_change_ms,-0.634767228,-0.7446868122,-0.9442800283,0.001115653664,0.1,10
markout_1000ms,time_since_trade_ms,0.4396350155,0.02328141127,-0.7719461918,1.835926652,0.6,10
markout_1000ms,trade_count_1000ms,0.7655427448,-0.08651344851,-1.777112484,4.220280647,0.5,10
markout_1000ms,trade_count_100ms,-0.9316043913,-0.8276182413,-1.44293797,-0.6773680449,0,10
markout_1000ms,trade_count_250ms,-0.3256794721,-0.291372031,-0.905174017,0.204784438,0.1,10
markout_1000ms,trade_count_5000ms,-0.05291919708,-1.385402083,-3.765059233,4.02522707,0.4,10
markout_1000ms,trade_count_500ms,-1.163991207,-1.106762946,-1.865476966,-0.7405248284,0,10
markout_1000ms_ask_only,backward_mid_abs_change_ticks_1000ms,-1.851064315,0.4182046503,-7.843538761,1.90229857,0.6,10
markout_1000ms_ask_only,backward_mid_abs_change_ticks_100ms,-0.1006453693,0.5517219603,-2.593717575,0.8491101265,0.6,10
markout_1000ms_ask_only,backward_mid_abs_change_ticks_250ms,-0.2525500119,0.3330889344,-2.149402857,0.7661390305,0.6,10
markout_1000ms_ask_only,backward_mid_abs_change_ticks_5000ms,1.201181236,1.109411418,-2.598762035,10.37048721,0.6,10
markout_1000ms_ask_only,backward_mid_abs_change_ticks_500ms,0.5754631698,1.255684674,-1.194337964,1.977120519,0.6,10
markout_1000ms_ask_only,bbo_change_count_1000ms,0.9135102287,0.9264820218,-0.1510671228,1.639513493,0.9,10
markout_1000ms_ask_only,bbo_change_count_100ms,0.8134460106,0.2739085257,-0.3379278481,2.238227844,0.9,10
markout_1000ms_ask_only,bbo_change_count_250ms,0.5138214929,0.1510861628,0.005530596245,1.608866692,1,10
markout_1000ms_ask_only,bbo_change_count_5000ms,-5.216350716,-0.6176436245,-16.29494667,1.322148442,0.2,10
markout_1000ms_ask_only,bbo_change_count_500ms,0.0889839828,-0.1995871812,-0.4029645324,0.8899853826,0.4,10
markout_1000ms_ask_only,depth_event_count_1000ms,0.0473754596,0.1302040145,-0.1676382869,0.2190156281,0.6,10
markout_1000ms_ask_only,depth_event_count_100ms,-0.0791089844,0.01342615299,-0.4239789546,0.2073685527,0.5,10
markout_1000ms_ask_only,depth_event_count_250ms,0.01145268008,-0.07833136991,-0.2081411481,0.3547305465,0.4,10
markout_1000ms_ask_only,depth_event_count_5000ms,0.02694527768,0.03629547823,-0.4159296751,0.4691207409,0.6,10
markout_1000ms_ask_only,depth_event_count_500ms,-0.1057877309,-0.03281752951,-0.3312483132,0.02275608853,0.3,10
markout_1000ms_ask_only,log_opp_depth_add_l1_1000ms,-0.610936743,-0.6905927658,-0.9744956493,-0.2680515051,0,10
markout_1000ms_ask_only,log_opp_depth_add_l1_100ms,-0.3756212875,-0.4085324109,-0.6608959436,0.2498279959,0.1,10
markout_1000ms_ask_only,log_opp_depth_l1,-19.61222591,-15.90711164,-36.88110733,-9.671982765,0,10
markout_1000ms_ask_only,log_opp_depth_l10,5.702965215,5.861912012,0.3642051518,10.96919823,1,10
markout_1000ms_ask_only,log_opp_depth_l5,11.07145757,6.808879495,-1.552774191,34.59975433,0.8,10
markout_1000ms_ask_only,log_opp_depth_remove_l1_1000ms,-0.01747775003,0.09083165601,-1.143324018,0.8193560839,0.6,10
markout_1000ms_ask_only,log_opp_depth_remove_l1_100ms,-0.4923673168,-0.5200588703,-0.7402043939,0.1791124493,0.1,10
markout_1000ms_ask_only,log_own_depth_add_l1_1000ms,-0.605261834,-0.7072454989,-0.9041246176,0.2038306445,0.1,10
markout_1000ms_ask_only,log_own_depth_add_l1_100ms,-0.1136330752,-0.1259092465,-0.2350523025,0.0628529489,0.1,10
markout_1000ms_ask_only,log_own_depth_l1,-0.4997741498,-0.2284473032,-2.865151644,1.628250003,0.3,10
markout_1000ms_ask_only,log_own_depth_l10,-11.25187376,-5.297243834,-27.69235992,-1.410912156,0,10
markout_1000ms_ask_only,log_own_depth_l5,11.28876387,5.744412184,1.365167975,29.0516758,1,10
markout_1000ms_ask_only,log_own_depth_remove_l1_1000ms,-0.7248918381,-0.6160512567,-1.323650002,-0.05686261877,0,10
markout_1000ms_ask_only,log_own_depth_remove_l1_100ms,-0.002304080501,0.02882963233,-0.2498241812,0.1928490847,0.5,10
markout_1000ms_ask_only,log_queue_ahead_lots,-0.4997741498,-0.2284473032,-2.865151644,1.628250003,0.3,10
markout_1000ms_ask_only,opp_concentration_l10,2.186426884,2.967467427,-2.66774869,6.495261192,0.7,10
markout_1000ms_ask_only,opp_concentration_l5,3.525089546,1.315966487,-1.459201097,10.47084332,0.7,10
markout_1000ms_ask_only,opp_dispersion_ticks_l10,0.115385818,0.4938476235,-2.311994553,1.620252013,0.7,10
markout_1000ms_ask_only,own_concentration_l10,-4.659514546,-4.899269581,-5.818921566,-3.165625334,0,10
markout_1000ms_ask_only,own_concentration_l5,1.006775245,1.009725839,0.3014290631,1.547016859,1,10
markout_1000ms_ask_only,own_dispersion_ticks_l10,1.699028152,0.2045769393,-0.6621679068,5.712398052,0.7,10
markout_1000ms_ask_only,queue_to_own_depth_l5,1.005787852,1.00684464,0.3002155721,1.546478391,1,10
markout_1000ms_ask_only,segment_age_ms,-1.97680501,-2.029632807,-4.681584835,0.2786213458,0.1,10
markout_1000ms_ask_only,signed_depth_flow_pressure_l10_1000ms,1.135916534,0.7355821431,0.2136897743,4.720654964,1,10
markout_1000ms_ask_only,signed_depth_flow_pressure_l10_100ms,0.007295779884,0.002714494243,-0.1593295932,0.2119265944,0.5,10
markout_1000ms_ask_only,signed_depth_flow_pressure_l10_250ms,-0.134951267,-0.1344578043,-0.2371576875,0.05118455365,0.1,10
markout_1000ms_ask_only,signed_depth_flow_pressure_l10_5000ms,2.911066243,1.228902906,-0.352016598,16.56666565,0.8,10
markout_1000ms_ask_only,signed_depth_flow_pressure_l10_500ms,0.04023781009,-0.006934856996,-0.3770692348,0.5476663709,0.5,10
markout_1000ms_ask_only,signed_depth_flow_pressure_l5_1000ms,-1.483557447,-1.034539342,-5.353435993,-0.005417901091,0,10
markout_1000ms_ask_only,signed_depth_flow_pressure_l5_100ms,-0.356785804,-0.2608120441,-0.7909857631,-0.1369685233,0,10
markout_1000ms_ask_only,signed_depth_flow_pressure_l5_250ms,0.03983720019,0.07674594596,-0.2517536879,0.2773201168,0.6,10
markout_1000ms_ask_only,signed_depth_flow_pressure_l5_5000ms,-2.245128229,-0.4548163339,-16.24189186,1.03486836,0.4,10
markout_1000ms_ask_only,signed_depth_flow_pressure_l5_500ms,-0.3250738061,-0.3131983727,-0.7960481048,0.3784832656,0.2,10
markout_1000ms_ask_only,signed_log_volume_1000ms,0.4456310689,0.4459469467,-0.401995033,0.9746267796,0.9,10
markout_1000ms_ask_only,signed_log_volume_100ms,1.633808742,0.691311866,0.2495564669,3.31221199,1,10
markout_1000ms_ask_only,signed_log_volume_250ms,0.3724783693,0.2475118786,-0.09453517199,0.9432020187,0.8,10
markout_1000ms_ask_only,signed_log_volume_5000ms,0.2518701851,-0.3894509375,-1.098229647,2.198868752,0.4,10
markout_1000ms_ask_only,signed_log_volume_500ms,-0.2249721229,-0.3358996063,-0.7863183618,0.3540692925,0.4,10
markout_1000ms_ask_only,signed_microprice_offset_ticks,-10.5403173,-2.851117373,-162.9360657,26.64238167,0.3,10
markout_1000ms_ask_only,signed_net_depth_flow_l1_1000ms,-0.2024113901,-0.2861212194,-0.7433441281,0.4876603484,0.3,10
markout_1000ms_ask_only,signed_net_depth_flow_l1_100ms,0.3316712484,0.3244803399,-0.07619182765,0.8258981705,0.9,10
markout_1000ms_ask_only,signed_net_depth_flow_l1_250ms,0.4863987442,0.1805869825,-0.1354790777,1.329046607,0.9,10
markout_1000ms_ask_only,signed_net_depth_flow_l1_5000ms,-1.657005906,-1.705270529,-2.200893641,-0.6093356609,0,10
markout_1000ms_ask_only,signed_net_depth_flow_l1_500ms,-0.1284884833,-0.1248399876,-0.4592443705,0.2306658328,0.2,10
markout_1000ms_ask_only,signed_net_depth_flow_l5_1000ms,0.7798660934,0.8436336815,0.2926770449,1.215573072,1,10
markout_1000ms_ask_only,signed_net_depth_flow_l5_100ms,0.09669526787,0.09292796254,-0.2793383598,0.4473573267,0.8,10
markout_1000ms_ask_only,signed_net_depth_flow_l5_250ms,-0.3016879819,-0.1950155869,-0.8848662376,0.1088242903,0.1,10
markout_1000ms_ask_only,signed_net_depth_flow_l5_5000ms,1.147737721,1.156825423,0.07700446248,1.692915082,1,10
markout_1000ms_ask_only,signed_net_depth_flow_l5_500ms,0.5283646628,0.5123373866,0.2347424775,0.8572214246,1,10
markout_1000ms_ask_only,signed_obi_l1,9.890202111,-3.296430111,-21.81703377,173.9143219,0.1,10
markout_1000ms_ask_only,signed_obi_l10,1.53333579,-0.06492967904,-7.530722141,9.485498428,0.5,10
markout_1000ms_ask_only,signed_obi_l5,5.695773119,5.783632994,-0.1720395684,14.14318943,0.9,10
markout_1000ms_ask_only,signed_trade_imbalance_1000ms,-1.082696998,-0.9540549219,-1.74384284,-0.6458935142,0,10
markout_1000ms_ask_only,signed_trade_imbalance_100ms,-1.30422354,-0.7532135546,-2.600100994,-0.174993813,0,10
markout_1000ms_ask_only,signed_trade_imbalance_250ms,-0.5459248397,-0.4801319242,-1.033475876,-0.02653926983,0,10
markout_1000ms_ask_only,signed_trade_imbalance_5000ms,-2.295786488,-1.779396653,-4.197315216,-0.7735112906,0,10
markout_1000ms_ask_only,signed_trade_imbalance_500ms,-0.1959819727,-0.1561159566,-0.7162606716,0.293584168,0.3,10
markout_1000ms_ask_only,signed_weighted_obi_l10,-0.5625615954,-3.097445607,-8.270825386,32.00282288,0.2,10
markout_1000ms_ask_only,signed_weighted_obi_l5,-12.12376791,-2.478770107,-67.58463287,5.814024448,0.3,10
markout_1000ms_ask_only,spread_ticks,3.363866091,0,0,9.494246483,0.4,10
markout_1000ms_ask_only,time_since_bbo_change_ms,-0.7900281616,-0.9591217935,-1.113442183,-0.05406136066,0,10
markout_1000ms_ask_only,time_since_depth_ms,-0.06135189235,-0.0242056977,-0.4526871443,0.2242788523,0.4,10
markout_1000ms_ask_only,time_since_mid_change_ms,-0.7858738735,-0.9591217935,-1.113442183,-0.04901100695,0,10
markout_1000ms_ask_only,time_since_trade_ms,0.2837001175,-0.1557316929,-1.155212879,2.096411705,0.4,10
markout_1000ms_ask_only,trade_count_1000ms,2.540428236,-0.2197425216,-1.069897652,8.880549431,0.4,10
markout_1000ms_ask_only,trade_count_100ms,-1.267635906,-0.7560722232,-2.212774754,-0.5927898288,0,10
markout_1000ms_ask_only,trade_count_250ms,0.1763470881,-0.1084722169,-0.9112759233,1.424616575,0.4,10
markout_1000ms_ask_only,trade_count_5000ms,2.108250469,-0.04497948289,-3.764116764,12.85908222,0.5,10
markout_1000ms_ask_only,trade_count_500ms,-0.6286178331,-1.136865258,-1.830080032,1.350080609,0.4,10
markout_1000ms_bid_only,backward_mid_abs_change_ticks_1000ms,0.9943692137,0.03639141656,-0.8467001915,9.209897995,0.6,10
markout_1000ms_bid_only,backward_mid_abs_change_ticks_100ms,0.5747412473,0.4180917889,0.241227448,1.056878567,1,10
markout_1000ms_bid_only,backward_mid_abs_change_ticks_250ms,0.6783479612,0.7686629295,0.03586373851,1.038421273,1,10
markout_1000ms_bid_only,backward_mid_abs_change_ticks_5000ms,-2.339599782,0.2482151389,-14.27219963,1.170705199,0.5,10
markout_1000ms_bid_only,backward_mid_abs_change_ticks_500ms,2.541080314,0.9223574698,0.6476296782,5.810268879,1,10
markout_1000ms_bid_only,bbo_change_count_1000ms,1.109683684,0.9635429382,0.01593782753,2.494401932,1,10
markout_1000ms_bid_only,bbo_change_count_100ms,0.3736699216,0.1917152107,-0.1585215479,0.9696784019,0.9,10
markout_1000ms_bid_only,bbo_change_count_250ms,-0.06528267041,-0.1239267066,-0.3300718665,0.3407177329,0.4,10
markout_1000ms_bid_only,bbo_change_count_5000ms,2.402734113,1.641310692,0.1160089448,5.723406315,1,10
markout_1000ms_bid_only,bbo_change_count_500ms,-0.1412562624,-0.01987677068,-0.8652977943,0.3167010844,0.5,10
markout_1000ms_bid_only,depth_event_count_1000ms,0.518013984,0.208386071,0.07517947257,1.300839782,1,10
markout_1000ms_bid_only,depth_event_count_100ms,0.3784814492,0.1511233374,0.03596808761,0.8374627829,1,10
markout_1000ms_bid_only,depth_event_count_250ms,0.2258419462,0.0823597163,-0.06297897547,0.6881365776,0.7,10
markout_1000ms_bid_only,depth_event_count_5000ms,0.709281962,0.1161500812,-0.006939339917,2.637205124,0.9,10
markout_1000ms_bid_only,depth_event_count_500ms,-0.04220824651,-0.01278085541,-0.1704567969,0.05859045312,0.3,10
markout_1000ms_bid_only,log_opp_depth_add_l1_1000ms,0.110710603,0.1742224842,-0.3159878552,0.3665972054,0.8,10
markout_1000ms_bid_only,log_opp_depth_add_l1_100ms,-0.3836862184,-0.3758316934,-0.8592339754,-0.0548434779,0,10
markout_1000ms_bid_only,log_opp_depth_l1,-0.002158623934,0.2236473262,-10.69901562,9.145638466,0.5,10
markout_1000ms_bid_only,log_opp_depth_l10,9.704401612,10.45178223,-1.13143754,15.82043552,0.9,10
markout_1000ms_bid_only,log_opp_depth_l5,-12.24846325,-12.0262351,-19.42056084,-7.101311207,0,10
markout_1000ms_bid_only,log_opp_depth_remove_l1_1000ms,-0.07319874093,-0.1186648272,-0.4967148304,0.3707952797,0.5,10
markout_1000ms_bid_only,log_opp_depth_remove_l1_100ms,-0.426219783,-0.2766325027,-0.7556143403,-0.1231831983,0,10
markout_1000ms_bid_only,log_own_depth_add_l1_1000ms,-0.4595514745,-0.5239306688,-0.6684926152,-0.1012423337,0,10
markout_1000ms_bid_only,log_own_depth_add_l1_100ms,-0.005570345744,0.04575556517,-0.1934511513,0.1960877776,0.6,10
markout_1000ms_bid_only,log_own_depth_l1,4.97511127,5.418108702,2.249254704,6.732604504,1,10
markout_1000ms_bid_only,log_own_depth_l10,-8.962269354,-8.885822296,-14.12804127,-4.409818172,0,10
markout_1000ms_bid_only,log_own_depth_l5,-0.6189748019,-0.5431351364,-7.99284029,7.02230978,0.4,10
markout_1000ms_bid_only,log_own_depth_remove_l1_1000ms,-0.5855095692,-0.4178085476,-1.19366169,-0.1246174946,0,10
markout_1000ms_bid_only,log_own_depth_remove_l1_100ms,0.03172212895,0.04200420249,-0.1246870309,0.2312168777,0.6,10
markout_1000ms_bid_only,log_queue_ahead_lots,4.97511127,5.418108702,2.249254704,6.732604504,1,10
markout_1000ms_bid_only,opp_concentration_l10,0.1479733303,0.436948806,-2.380254269,2.250539541,0.7,10
markout_1000ms_bid_only,opp_concentration_l5,-0.3766813979,-0.3127066344,-1.201602936,0.3851320446,0.3,10
markout_1000ms_bid_only,opp_dispersion_ticks_l10,-1.041999903,-0.9065660834,-2.124507189,-0.1514638364,0,10
markout_1000ms_bid_only,own_concentration_l10,-2.232849848,-2.395283163,-4.830355167,1.573144794,0.1,10
markout_1000ms_bid_only,own_concentration_l5,-1.284972861,-1.296099901,-2.568727255,-0.08469441533,0,10
markout_1000ms_bid_only,own_dispersion_ticks_l10,1.621225012,0.847571224,-0.3607877791,4.789611816,0.8,10
markout_1000ms_bid_only,queue_to_own_depth_l5,-1.285206977,-1.296730638,-2.569325686,-0.08592734486,0,10
markout_1000ms_bid_only,segment_age_ms,-1.300318307,-1.357587397,-3.528312445,2.209566355,0.2,10
markout_1000ms_bid_only,signed_depth_flow_pressure_l10_1000ms,0.1324753813,0.2132238522,-0.6031413674,0.7637242079,0.6,10
markout_1000ms_bid_only,signed_depth_flow_pressure_l10_100ms,0.1879527107,0.1195601299,0.03171956912,0.4786066413,1,10
markout_1000ms_bid_only,signed_depth_flow_pressure_l10_250ms,0.07960656742,0.08204542473,-0.1956953406,0.2761139572,0.8,10
markout_1000ms_bid_only,signed_depth_flow_pressure_l10_5000ms,-0.870208016,-0.8521945477,-2.519970655,0.5455054641,0.3,10
markout_1000ms_bid_only,signed_depth_flow_pressure_l10_500ms,0.3246873654,0.2285952047,-0.167494908,0.9078763127,0.9,10
markout_1000ms_bid_only,signed_depth_flow_pressure_l5_1000ms,-0.3222315259,-0.261190556,-0.7872126698,-0.1075730398,0,10
markout_1000ms_bid_only,signed_depth_flow_pressure_l5_100ms,-0.7992544472,-0.8475974798,-0.9818568826,-0.555165112,0,10
markout_1000ms_bid_only,signed_depth_flow_pressure_l5_250ms,-0.3818934269,-0.3467266113,-0.67485708,-0.0167458728,0,10
markout_1000ms_bid_only,signed_depth_flow_pressure_l5_5000ms,2.070581496,1.819963455,0.6442173719,3.884589672,1,10
markout_1000ms_bid_only,signed_depth_flow_pressure_l5_500ms,-0.9447380871,-0.9026117027,-1.640351295,-0.3448958099,0,10
markout_1000ms_bid_only,signed_log_volume_1000ms,0.850486904,0.6848427653,0.03356051072,1.627033353,1,10
markout_1000ms_bid_only,signed_log_volume_100ms,1.352062704,0.6413807273,0.2048149258,2.822369576,1,10
markout_1000ms_bid_only,signed_log_volume_250ms,0.654129985,0.6239421368,0.3039119542,1.025691628,1,10
markout_1000ms_bid_only,signed_log_volume_5000ms,0.4538433168,0.2128899172,-0.7337978482,1.472988129,0.8,10
markout_1000ms_bid_only,signed_log_volume_500ms,0.02565128878,0.09172265604,-0.4722260237,0.4473669827,0.6,10
markout_1000ms_bid_only,signed_microprice_offset_ticks,5.094394606,7.861984491,-4.30589819,12.24322319,0.7,10
markout_1000ms_bid_only,signed_net_depth_flow_l1_1000ms,0.6936347362,0.382179141,-0.2317667603,1.746711016,0.8,10
markout_1000ms_bid_only,signed_net_depth_flow_l1_100ms,0.01405451214,-0.01449789526,-0.2145358026,0.3633971214,0.5,10
markout_1000ms_bid_only,signed_net_depth_flow_l1_250ms,0.10380021,0.052068213,0.00178301963,0.4502459764,1,10
markout_1000ms_bid_only,signed_net_depth_flow_l1_5000ms,-1.079791993,-1.085829824,-2.314365625,0.001310820808,0.1,10
markout_1000ms_bid_only,signed_net_depth_flow_l1_500ms,0.2460619014,0.293500185,-0.3152400553,0.6161386371,0.9,10
markout_1000ms_bid_only,signed_net_depth_flow_l5_1000ms,-0.2349558105,-0.2194930986,-0.8319811225,0.1895915866,0.3,10
markout_1000ms_bid_only,signed_net_depth_flow_l5_100ms,0.6436983466,0.6098257601,0.4768901467,0.9294419885,1,10
markout_1000ms_bid_only,signed_net_depth_flow_l5_250ms,0.08988943439,0.03263882548,-0.3308846354,0.3953123391,0.7,10
markout_1000ms_bid_only,signed_net_depth_flow_l5_5000ms,0.7856604561,0.7036821246,0.05239926279,1.325796723,1,10
markout_1000ms_bid_only,signed_net_depth_flow_l5_500ms,0.3823346294,0.3167964518,0.0425247103,0.863093555,1,10
markout_1000ms_bid_only,signed_obi_l1,-0.859243083,-0.7408374548,-15.14805984,13.58856201,0.5,10
markout_1000ms_bid_only,signed_obi_l10,8.962015533,8.166457653,5.929711342,16.07514,1,10
markout_1000ms_bid_only,signed_obi_l5,-5.508180928,-3.105772495,-15.73521805,-0.8307222128,0,10
markout_1000ms_bid_only,signed_trade_imbalance_1000ms,-1.071085489,-0.9814274013,-1.693569183,-0.5040465593,0,10
markout_1000ms_bid_only,signed_trade_imbalance_100ms,-0.9297574166,-0.4123232365,-2.036854029,-0.04157421365,0,10
markout_1000ms_bid_only,signed_trade_imbalance_250ms,-0.7844156951,-0.8518576622,-1.02560997,-0.4532829821,0,10
markout_1000ms_bid_only,signed_trade_imbalance_5000ms,-2.594821513,-2.306181312,-4.051167965,-1.008288622,0,10
markout_1000ms_bid_only,signed_trade_imbalance_500ms,-0.3044608075,-0.2564727515,-0.7022286654,0.05477092788,0.1,10
markout_1000ms_bid_only,signed_weighted_obi_l10,-9.01400919,-6.859996557,-17.42336273,-4.306524277,0,10
markout_1000ms_bid_only,signed_weighted_obi_l5,-6.841606116,-6.148347616,-13.37093544,-2.316977978,0,10
markout_1000ms_bid_only,spread_ticks,0.3390783787,0,0,1.163886786,0.4,10
markout_1000ms_bid_only,time_since_bbo_change_ms,-0.474534503,-0.5091491193,-0.8700641394,0.05634039268,0.1,10
markout_1000ms_bid_only,time_since_depth_ms,0.7939932622,0.2839459926,0.09209275246,2.154211521,1,10
markout_1000ms_bid_only,time_since_mid_change_ms,-0.4778844349,-0.5099495053,-0.8700641394,0.04858224094,0.1,10
markout_1000ms_bid_only,time_since_trade_ms,0.5530854814,0.1623024866,-0.3976790905,1.595399976,0.9,10
markout_1000ms_bid_only,trade_count_1000ms,-1.092095014,-0.3322668672,-8.375775337,0.646083951,0.4,10
markout_1000ms_bid_only,trade_count_100ms,-0.6776179627,-0.7051648498,-1.075593233,-0.1797595471,0,10
markout_1000ms_bid_only,trade_count_250ms,-0.7302639663,-0.7662685513,-1.277947426,-0.1549249887,0,10
markout_1000ms_bid_only,trade_count_5000ms,-2.044540071,-2.845364451,-5.386900425,6.109615803,0.1,10
markout_1000ms_bid_only,trade_count_500ms,-1.738760757,-0.898306638,-3.550003767,-0.6837767959,0,10
move_within_1000ms,ask_concentration_l10,0.07258697581,0.075166706,0.009948940948,0.107762605,1,10
move_within_1000ms,ask_concentration_l5,-0.0697387293,-0.07150090486,-0.07849603891,-0.05734499544,0,10
move_within_1000ms,ask_dispersion_ticks_l10,0.05269047236,0.05450174399,0.01180987898,0.08126688749,1,10
move_within_1000ms,backward_mid_abs_change_ticks_1000ms,-0.03227253396,-0.03786276281,-0.05155011639,-0.001638234826,0,10
move_within_1000ms,backward_mid_abs_change_ticks_100ms,-0.1116451778,-0.1096666642,-0.1277851015,-0.09886714816,0,10
move_within_1000ms,backward_mid_abs_change_ticks_250ms,-0.1108838998,-0.1110468321,-0.1288814843,-0.09411487728,0,10
move_within_1000ms,backward_mid_abs_change_ticks_5000ms,-0.220624508,-0.2100918666,-0.3126753271,-0.1276206374,0,10
move_within_1000ms,backward_mid_abs_change_ticks_500ms,-0.08920398131,-0.08940989897,-0.1063821316,-0.06683520973,0,10
move_within_1000ms,bbo_change_count_1000ms,-0.04577099313,-0.04166369513,-0.08998466283,0.02221520618,0.1,10
move_within_1000ms,bbo_change_count_100ms,-0.03213205524,-0.03169393539,-0.04565671086,-0.007930992171,0,10
move_within_1000ms,bbo_change_count_250ms,0.01714154705,0.014577555,0.008863154799,0.02599348873,1,10
move_within_1000ms,bbo_change_count_5000ms,0.3222209975,0.2406878993,0.1646302193,0.5040357113,1,10
move_within_1000ms,bbo_change_count_500ms,0.03930208515,0.03908891231,0.02864689939,0.04974487424,1,10
move_within_1000ms,bid_concentration_l10,0.05876783663,0.06142181903,0.01542363036,0.09122180939,1,10
move_within_1000ms,bid_concentration_l5,-0.07734357044,-0.07882492989,-0.09077715874,-0.06395909935,0,10
move_within_1000ms,bid_dispersion_ticks_l10,0.04417461148,0.04653055966,0.01138463523,0.06439135224,1,10
move_within_1000ms,depth_event_count_1000ms,-0.007276823896,-0.006082731765,-0.02389742993,0.004119244404,0.2,10
move_within_1000ms,depth_event_count_100ms,-0.0329077946,-0.03386937082,-0.04146676883,-0.02258514427,0,10
move_within_1000ms,depth_event_count_250ms,0.02499775914,0.02484929468,0.01449257787,0.03258101642,1,10
move_within_1000ms,depth_event_count_5000ms,-0.01715937648,-0.01617763843,-0.02243344858,-0.01415565331,0,10
move_within_1000ms,depth_event_count_500ms,-0.0004676549637,-0.0004414914001,-0.006613578647,0.003350673942,0.3,10
move_within_1000ms,depth_flow_pressure_l10_1000ms,-0.02111018386,-0.02324149571,-0.03535732999,-0.003851788351,0,10
move_within_1000ms,depth_flow_pressure_l10_100ms,-0.01828565478,-0.02362943906,-0.02979476191,0.0004639880208,0.1,10
move_within_1000ms,depth_flow_pressure_l10_250ms,-0.01450832048,-0.008902694099,-0.0343907848,-0.005093347747,0,10
move_within_1000ms,depth_flow_pressure_l10_5000ms,-0.03167598825,-0.03367759287,-0.04942084849,-0.01013418473,0,10
move_within_1000ms,depth_flow_pressure_l10_500ms,0.02246922133,0.01741401479,-0.001951412763,0.05226189271,0.9,10
move_within_1000ms,depth_flow_pressure_l5_1000ms,0.02013372199,0.01715686824,0.0006558724563,0.05514307693,1,10
move_within_1000ms,depth_flow_pressure_l5_100ms,0.01485410047,0.0194108095,-0.003313315334,0.02600948699,0.8,10
move_within_1000ms,depth_flow_pressure_l5_250ms,0.006570456247,0.005727187032,-0.007612859365,0.01630058326,0.9,10
move_within_1000ms,depth_flow_pressure_l5_5000ms,0.01852178881,0.01954443567,0.008410205133,0.0279759299,1,10
move_within_1000ms,depth_flow_pressure_l5_500ms,-0.02559891117,-0.02198052686,-0.052354794,0.004652993754,0.1,10
move_within_1000ms,log_ask_depth_add_l1_1000ms,0.07291732579,0.0726637058,0.03434200585,0.09776941687,1,10
move_within_1000ms,log_ask_depth_add_l1_100ms,0.05416455157,0.05490497686,0.04264289513,0.06007034704,1,10
move_within_1000ms,log_ask_depth_l1,-0.5981385678,-0.6093051732,-0.6891397238,-0.3935305178,0,10
move_within_1000ms,log_ask_depth_l10,0.1216037504,0.1376736276,-0.1648968458,0.2410172969,0.9,10
move_within_1000ms,log_ask_depth_l5,-0.04979843358,-0.04417757411,-0.1419716477,0.05890055746,0.1,10
move_within_1000ms,log_ask_depth_remove_l1_1000ms,0.08891012594,0.09044271335,0.05932320654,0.1075078472,1,10
move_within_1000ms,log_ask_depth_remove_l1_100ms,0.06403877884,0.06613653153,0.04487677291,0.07562956959,1,10
move_within_1000ms,log_bid_depth_add_l1_1000ms,0.08653835356,0.08945014328,0.05527625978,0.09905686229,1,10
move_within_1000ms,log_bid_depth_add_l1_100ms,0.07015485168,0.07037013397,0.06251438707,0.07499376684,1,10
move_within_1000ms,log_bid_depth_l1,-0.4702718019,-0.4756630957,-0.57766819,-0.3368370831,0,10
move_within_1000ms,log_bid_depth_l10,0.07412837194,0.06248628907,0.008366432972,0.1531220973,1,10
move_within_1000ms,log_bid_depth_l5,-0.1670527995,-0.1666140407,-0.2290924639,-0.1178233773,0,10
move_within_1000ms,log_bid_depth_remove_l1_1000ms,0.1123238802,0.1158791333,0.0941253528,0.1277532578,1,10
move_within_1000ms,log_bid_depth_remove_l1_100ms,0.08277820423,0.08428465202,0.06429497153,0.09327464551,1,10
move_within_1000ms,microprice_minus_mid_ticks,0.05250906684,0.04829315096,0.005707951263,0.1166722476,1,10
move_within_1000ms,net_depth_flow_l1_1000ms,-0.0078054577,-0.004096380668,-0.03916794062,0.009343222715,0.3,10
move_within_1000ms,net_depth_flow_l1_100ms,0.007755860547,0.008749760687,-0.006436443422,0.0159245301,0.9,10
move_within_1000ms,net_depth_flow_l1_250ms,0.006592292641,0.008777845884,-0.008286397904,0.01202643849,0.9,10
move_within_1000ms,net_depth_flow_l1_5000ms,0.008892159536,0.01084525837,-0.005162310321,0.0185325183,0.8,10
move_within_1000ms,net_depth_flow_l1_500ms,-0.004890164049,-0.002836240063,-0.02242903411,0.006651600823,0.5,10
move_within_1000ms,net_depth_flow_l5_1000ms,0.01481608498,0.01362940436,-0.000698340009,0.03091220185,0.9,10
move_within_1000ms,net_depth_flow_l5_100ms,-0.003811103152,-0.004160196986,-0.01078514475,0.004824764561,0.1,10
move_within_1000ms,net_depth_flow_l5_250ms,-0.001833753218,-0.004512940301,-0.006073831115,0.008682166226,0.3,10
move_within_1000ms,net_depth_flow_l5_5000ms,0.009462472517,0.01140356576,-0.004333708901,0.02882509306,0.8,10
move_within_1000ms,net_depth_flow_l5_500ms,0.01087657276,0.01338246558,0.000175054287,0.02276216261,1,10
move_within_1000ms,obi_l1,0.04812886496,0.04887355119,-0.004041177221,0.1145534292,0.9,10
move_within_1000ms,obi_l10,0.1290590961,0.1496490762,-0.04552355781,0.1961951107,0.9,10
move_within_1000ms,obi_l5,-0.03117463792,-0.03124217875,-0.07395342737,0.001586843398,0.1,10
move_within_1000ms,segment_age_ms,0.003855916462,0.00315388653,-0.06281384081,0.1484610587,0.6,10
move_within_1000ms,signed_log_volume_1000ms,-0.007528221438,-0.009085650556,-0.02092563733,0.009716754779,0.3,10
move_within_1000ms,signed_log_volume_100ms,-0.008595987526,-0.008514147252,-0.01825424656,0.003064433346,0.1,10
move_within_1000ms,signed_log_volume_250ms,-0.00153777955,-0.001457770646,-0.009318551049,0.01308615226,0.3,10
move_within_1000ms,signed_log_volume_5000ms,-0.009786979202,-0.0117067867,-0.04098043591,0.02439757064,0.3,10
move_within_1000ms,signed_log_volume_500ms,-0.0110332039,-0.009304159321,-0.01908585988,-0.003056377871,0,10
move_within_1000ms,spread_ticks,0.01570398286,0,0,0.06557447463,0.3,10
move_within_1000ms,time_since_bbo_change_ms,-0.2160626292,-0.2151702568,-0.2272210717,-0.2032127976,0,10
move_within_1000ms,time_since_depth_ms,0.04502057899,0.04642877914,0.01863337494,0.059157487,1,10
move_within_1000ms,time_since_mid_change_ms,-0.2160606757,-0.2151677758,-0.2272161096,-0.2032127976,0,10
move_within_1000ms,time_since_trade_ms,-0.05784746702,-0.04544247687,-0.1163346395,0.005309418309,0.1,10
move_within_1000ms,trade_count_1000ms,0.05240016188,0.05175213143,0.004068071023,0.08967997879,1,10
move_within_1000ms,trade_count_100ms,0.3164938718,0.2581008822,0.2422853708,0.4447961748,1,10
move_within_1000ms,trade_count_250ms,0.1512654811,0.1403496191,0.1212872714,0.1907169819,1,10
move_within_1000ms,trade_count_5000ms,0.2878448322,0.2472970188,0.1734384596,0.4249932468,1,10
move_within_1000ms,trade_count_500ms,0.1039820515,0.09773422778,0.0691902414,0.1362548769,1,10
move_within_1000ms,trade_imbalance_1000ms,-0.000664055883,0.003003162681,-0.01586749218,0.01233940385,0.6,10
move_within_1000ms,trade_imbalance_100ms,0.008231087128,0.005971986102,-0.003616580274,0.02374061756,0.8,10
move_within_1000ms,trade_imbalance_250ms,0.004050936099,0.00415476819,-0.003541330807,0.01382751111,0.7,10
move_within_1000ms,trade_imbalance_5000ms,0.00520200724,0.007700345246,-0.02564544976,0.02999529988,0.7,10
move_within_1000ms,trade_imbalance_500ms,0.002017650174,0.001841955818,-0.009947445244,0.008329784498,0.7,10
move_within_1000ms,weighted_obi_l10,-0.08136104792,-0.08495926857,-0.1135203764,-0.03820222989,0,10
move_within_1000ms,weighted_obi_l5,-0.09544049017,-0.09631860256,-0.1329508573,-0.04590231553,0,10
move_within_250ms,ask_concentration_l10,0.002414926607,-0.001308286097,-0.04716147855,0.05967662856,0.5,10
move_within_250ms,ask_concentration_l5,-0.0684626203,-0.07851325348,-0.09970244765,-0.0275207907,0,10
move_within_250ms,ask_dispersion_ticks_l10,0.009952800162,0.02782960143,-0.0435410887,0.0517934598,0.6,10
move_within_250ms,backward_mid_abs_change_ticks_1000ms,-0.03257299558,-0.04886312596,-0.05504321307,0.01224573329,0.3,10
move_within_250ms,backward_mid_abs_change_ticks_100ms,-0.1518733561,-0.148846373,-0.2002242953,-0.1356728375,0,10
move_within_250ms,backward_mid_abs_change_ticks_250ms,-0.1396156065,-0.1552819163,-0.2357399464,-0.07894719392,0,10
move_within_250ms,backward_mid_abs_change_ticks_5000ms,-0.08341675252,-0.07870283723,-0.1648888588,0.02418500558,0.1,10
move_within_250ms,backward_mid_abs_change_ticks_500ms,-0.09014279097,-0.1053608805,-0.130182758,-0.0344318971,0,10
move_within_250ms,bbo_change_count_1000ms,-0.02130170969,-0.02420998737,-0.04991544038,0.04818687215,0.1,10
move_within_250ms,bbo_change_count_100ms,-0.04370792583,-0.04816075414,-0.05896492302,-0.008167982101,0,10
move_within_250ms,bbo_change_count_250ms,0.0230674604,0.02182161063,0.01845194399,0.03394937143,1,10
move_within_250ms,bbo_change_count_5000ms,0.2107716344,0.1506330445,0.1062602177,0.33653,1,10
move_within_250ms,bbo_change_count_500ms,0.05120359417,0.05191636458,0.02624901943,0.06508851051,1,10
move_within_250ms,bid_concentration_l10,-0.03996946085,-0.03510987759,-0.07536229491,-0.01356915385,0,10
move_within_250ms,bid_concentration_l5,-0.05080190226,-0.05112132058,-0.06933555007,-0.03926733509,0,10
move_within_250ms,bid_dispersion_ticks_l10,-0.007321050041,0.003582717269,-0.0497966297,0.03409160301,0.6,10
move_within_250ms,depth_event_count_1000ms,-0.03064104673,-0.02801678516,-0.05059769377,-0.02153073438,0,10
move_within_250ms,depth_event_count_100ms,-0.07542079538,-0.07379897311,-0.09111069888,-0.05713869631,0,10
move_within_250ms,depth_event_count_250ms,-0.04799679369,-0.04687431827,-0.06560614705,-0.01647994295,0,10
move_within_250ms,depth_event_count_5000ms,-0.03182184054,-0.03113105986,-0.0553237386,-0.01044791657,0,10
move_within_250ms,depth_event_count_500ms,0.001755528548,-0.001717881649,-0.01295030862,0.02317016199,0.4,10
move_within_250ms,depth_flow_pressure_l10_1000ms,-0.007816475327,-0.004464695696,-0.03322692961,0.005914936773,0.3,10
move_within_250ms,depth_flow_pressure_l10_100ms,-0.01386328514,-0.01750576962,-0.03678336367,0.01774479263,0.1,10
move_within_250ms,depth_flow_pressure_l10_250ms,-0.03755403263,-0.04434558749,-0.08009682596,0.009525564499,0.1,10
move_within_250ms,depth_flow_pressure_l10_5000ms,-0.01685351807,-0.01479167677,-0.03552265838,0.001922315569,0.1,10
move_within_250ms,depth_flow_pressure_l10_500ms,-0.01357801284,-0.01049693814,-0.0380441919,-0.003070865525,0,10
move_within_250ms,depth_flow_pressure_l5_1000ms,0.0216117803,0.01751253288,0.00635228958,0.05536968261,1,10
move_within_250ms,depth_flow_pressure_l5_100ms,0.005657019661,0.002978651435,-0.02273700386,0.03181530535,0.7,10
move_within_250ms,depth_flow_pressure_l5_250ms,0.0320387066,0.03324040212,-0.001179976738,0.07020321488,0.9,10
move_within_250ms,depth_flow_pressure_l5_5000ms,0.01217617224,0.01013774751,-0.0003778772079,0.02377751842,0.9,10
move_within_250ms,depth_flow_pressure_l5_500ms,-0.00311181373,-0.003353889449,-0.0194908157,0.01013207436,0.4,10
move_within_250ms,log_ask_depth_add_l1_1000ms,0.06924883723,0.06823088229,0.04688389599,0.09475408494,1,10
move_within_250ms,log_ask_depth_add_l1_100ms,0.1152712747,0.1184127517,0.08330891281,0.1224302277,1,10
move_within_250ms,log_ask_depth_l1,-0.5723675221,-0.6225523949,-0.6491602659,-0.3285940588,0,10
move_within_250ms,log_ask_depth_l10,0.08503757976,0.09915408492,-0.1645891815,0.1946249306,0.9,10
move_within_250ms,log_ask_depth_l5,-0.1374166779,-0.1312746666,-0.1806375235,-0.1067158207,0,10
move_within_250ms,log_ask_depth_remove_l1_1000ms,0.09539859407,0.08724347502,0.03875600919,0.1496577114,1,10
move_within_250ms,log_ask_depth_remove_l1_100ms,0.1213366725,0.1240167767,0.09923028946,0.134502247,1,10
move_within_250ms,log_bid_depth_add_l1_1000ms,0.06528304182,0.07573195547,0.03208437562,0.08484796435,1,10
move_within_250ms,log_bid_depth_add_l1_100ms,0.1297581919,0.130011797,0.1246079281,0.1361075789,1,10
move_within_250ms,log_bid_depth_l1,-0.5241496295,-0.53345716,-0.6918634772,-0.3626423478,0,10
move_within_250ms,log_bid_depth_l10,0.0445063646,0.04690039158,-0.07836438715,0.1541965604,0.8,10
move_within_250ms,log_bid_depth_l5,-0.1686621934,-0.1627025828,-0.2320704311,-0.1369009912,0,10
move_within_250ms,log_bid_depth_remove_l1_1000ms,0.1477671459,0.1441268846,0.1076081693,0.1853909045,1,10
move_within_250ms,log_bid_depth_remove_l1_100ms,0.1416342378,0.1408070698,0.1313172877,0.1534434855,1,10
move_within_250ms,microprice_minus_mid_ticks,0.03153182752,0.03067742754,0.01846725121,0.06468253583,1,10
move_within_250ms,net_depth_flow_l1_1000ms,-0.01776781012,-0.01203333051,-0.05664766207,0.009356658906,0.3,10
move_within_250ms,net_depth_flow_l1_100ms,0.01978807789,0.01642734976,-0.003917793743,0.07447011769,0.9,10
move_within_250ms,net_depth_flow_l1_250ms,0.0104272597,0.01336116204,-0.02468003891,0.02363728173,0.9,10
move_within_250ms,net_depth_flow_l1_5000ms,-0.0039059423,0.008013876577,-0.05678489059,0.02124412172,0.6,10
move_within_250ms,net_depth_flow_l1_500ms,0.02031110912,0.01763664791,0.000492000021,0.04922193661,1,10
move_within_250ms,net_depth_flow_l5_1000ms,0.02957070926,0.02628315613,0.005143372342,0.06205548719,1,10
move_within_250ms,net_depth_flow_l5_100ms,-0.008039119933,-0.004614585661,-0.07086698711,0.01313266065,0.4,10
move_within_250ms,net_depth_flow_l5_250ms,-0.004951270513,-0.00385412178,-0.02014506236,0.01068601012,0.2,10
move_within_250ms,net_depth_flow_l5_5000ms,0.01709196352,0.01352625375,-0.01708746143,0.05133559182,0.7,10
move_within_250ms,net_depth_flow_l5_500ms,-0.007915056217,-0.005404649768,-0.0259673167,0.00654410664,0.1,10
move_within_250ms,obi_l1,0.01842710175,0.02256889548,-0.01974035054,0.04093533009,0.9,10
move_within_250ms,obi_l10,0.08931669798,0.08053454384,-0.01297252253,0.1730892658,0.9,10
move_within_250ms,obi_l5,-0.01570524946,-0.01454841625,-0.03234381601,0.004285187926,0.1,10
move_within_250ms,segment_age_ms,0.003702022042,-0.01141693117,-0.08838640153,0.1519755572,0.5,10
move_within_250ms,signed_log_volume_1000ms,-0.02284684706,-0.02308224328,-0.05125911906,-0.000867693976,0,10
move_within_250ms,signed_log_volume_100ms,-0.009932275422,-0.006600373192,-0.05258987844,0.0285149347,0.4,10
move_within_250ms,signed_log_volume_250ms,0.004230120778,-0.006511898711,-0.01279021241,0.04132026806,0.4,10
move_within_250ms,signed_log_volume_5000ms,-0.02126082371,-0.01969804242,-0.05344220251,0.003636169946,0.1,10
move_within_250ms,signed_log_volume_500ms,-0.008907555457,-0.005416980479,-0.02901007794,0.00475030113,0.4,10
move_within_250ms,spread_ticks,0.002754165884,0,-0.01078689005,0.02611284889,0.2,10
move_within_250ms,time_since_bbo_change_ms,-0.206335257,-0.2066935971,-0.2162969112,-0.1966469735,0,10
move_within_250ms,time_since_depth_ms,0.1109908238,0.1132041663,0.07598654181,0.1403717995,1,10
move_within_250ms,time_since_mid_change_ms,-0.2063343212,-0.2066927254,-0.2162969112,-0.1966469735,0,10
move_within_250ms,time_since_trade_ms,-0.1720564086,-0.1423744112,-0.2895867229,-0.06036302075,0,10
move_within_250ms,trade_count_1000ms,0.02600553815,0.02913373616,-0.001354101812,0.05329014733,0.9,10
move_within_250ms,trade_count_100ms,0.4052789539,0.3595453352,0.3342306912,0.5197403431,1,10
move_within_250ms,trade_count_250ms,0.1758096948,0.1823924631,0.1296539307,0.2560088336,1,10
move_within_250ms,trade_count_5000ms,0.06852482855,0.07805528492,0.0106664598,0.103051126,1,10
move_within_250ms,trade_count_500ms,0.09591527693,0.1099527366,0.0461326763,0.1509432793,1,10
move_within_250ms,trade_imbalance_1000ms,0.01120224281,0.01648583915,-0.01405414008,0.03000883199,0.7,10
move_within_250ms,trade_imbalance_100ms,0.00621828353,0.001736222184,-0.0572325103,0.06830853224,0.6,10
move_within_250ms,trade_imbalance_250ms,-0.006563415,-0.000182229327,-0.04394119233,0.02266369946,0.5,10
move_within_250ms,trade_imbalance_5000ms,0.01853170313,0.01361384429,-0.002281770343,0.05061284453,0.9,10
move_within_250ms,trade_imbalance_500ms,0.01352686409,0.004987863707,-0.007938269526,0.06231740862,0.7,10
move_within_250ms,weighted_obi_l10,-0.05823042486,-0.06200838648,-0.1126083508,-0.0115998555,0,10
move_within_250ms,weighted_obi_l5,-0.05988821019,-0.06198775023,-0.1048095822,-0.006609911565,0,10
move_within_5000ms,ask_concentration_l10,0.1693980702,0.1805884466,0.003517635632,0.2344184667,1,10
move_within_5000ms,ask_concentration_l5,-0.07297938187,-0.0788542293,-0.09729164839,-0.02710401081,0,10
move_within_5000ms,ask_dispersion_ticks_l10,0.1342103519,0.1307716146,0.1148893014,0.1637018323,1,10
move_within_5000ms,backward_mid_abs_change_ticks_1000ms,-0.07705040537,-0.06717837602,-0.121201776,-0.05061772466,0,10
move_within_5000ms,backward_mid_abs_change_ticks_100ms,-0.06837784685,-0.06249852479,-0.09242686629,-0.05128338188,0,10
move_within_5000ms,backward_mid_abs_change_ticks_250ms,-0.07568396591,-0.05617078394,-0.1144463792,-0.04829547182,0,10
move_within_5000ms,backward_mid_abs_change_ticks_5000ms,-0.8656969815,-0.5947713256,-1.790958643,-0.3001042008,0,10
move_within_5000ms,backward_mid_abs_change_ticks_500ms,-0.07503897101,-0.07747355103,-0.09017895907,-0.05531420186,0,10
move_within_5000ms,bbo_change_count_1000ms,-0.08214826193,-0.07505573332,-0.1317082494,-0.01806297339,0,10
move_within_5000ms,bbo_change_count_100ms,-0.03036419763,-0.02787770797,-0.05166551843,-0.004141985904,0,10
move_within_5000ms,bbo_change_count_250ms,0.0007220425527,-0.0002511569764,-0.004524240736,0.01108812541,0.5,10
move_within_5000ms,bbo_change_count_5000ms,0.4091446117,0.3186968416,0.1980073899,0.6787047982,1,10
move_within_5000ms,bbo_change_count_500ms,0.02990758624,0.03149570525,0.01436529402,0.04373925552,1,10
move_within_5000ms,bid_concentration_l10,0.1662846526,0.164818272,0.02647268586,0.2581550181,1,10
move_within_5000ms,bid_concentration_l5,-0.08874883242,-0.09380027652,-0.1191660091,-0.05581803992,0,10
move_within_5000ms,bid_dispersion_ticks_l10,0.1175386362,0.1072110981,0.07743339241,0.17154558,1,10
move_within_5000ms,depth_event_count_1000ms,-0.008041495923,-0.007636438822,-0.01047044434,-0.00611782819,0,10
move_within_5000ms,depth_event_count_100ms,-0.01606944101,-0.01564132096,-0.01852463372,-0.01280073822,0,10
move_within_5000ms,depth_event_count_250ms,-0.002167582489,-0.002399948891,-0.005395801272,0.001796435216,0.2,10
move_within_5000ms,depth_event_count_5000ms,-0.003592331405,-0.003223369364,-0.006346372422,-0.001780768856,0,10
move_within_5000ms,depth_event_count_500ms,0.0005454636215,0.0003188908158,-0.001274001901,0.003829987487,0.6,10
move_within_5000ms,depth_flow_pressure_l10_1000ms,-0.008640439529,-0.02009166684,-0.03262837976,0.03902860731,0.3,10
move_within_5000ms,depth_flow_pressure_l10_100ms,-0.008970324951,-0.008264404954,-0.01860195771,-0.001264635706,0,10
move_within_5000ms,depth_flow_pressure_l10_250ms,0.008231323352,0.004273486789,0.001986596966,0.03544560447,1,10
move_within_5000ms,depth_flow_pressure_l10_5000ms,0.02780776168,-0.006447970169,-0.0370558612,0.2452905625,0.5,10
move_within_5000ms,depth_flow_pressure_l10_500ms,0.05401946008,0.05209515244,0.04049835354,0.0818323493,1,10
move_within_5000ms,depth_flow_pressure_l5_1000ms,-0.01680806874,-0.003118735214,-0.07726474851,0.01423637383,0.4,10
move_within_5000ms,depth_flow_pressure_l5_100ms,0.007522219513,0.008443920407,-0.001453135046,0.01453518309,0.9,10
move_within_5000ms,depth_flow_pressure_l5_250ms,-0.00653572326,-0.0009144348442,-0.0406419374,0.002232260536,0.4,10
move_within_5000ms,depth_flow_pressure_l5_5000ms,-0.02683174815,-0.008573891595,-0.20641765,0.03447175026,0.5,10
move_within_5000ms,depth_flow_pressure_l5_500ms,-0.05365580656,-0.05076512694,-0.07996701449,-0.0422408469,0,10
move_within_5000ms,log_ask_depth_add_l1_1000ms,0.08132122718,0.08748269826,0.03752047941,0.09449364245,1,10
move_within_5000ms,log_ask_depth_add_l1_100ms,0.03190450128,0.03109496646,0.02746143565,0.03646630421,1,10
move_within_5000ms,log_ask_depth_l1,-0.7634605467,-0.7121635973,-1.145988107,-0.3017405272,0,10
move_within_5000ms,log_ask_depth_l10,0.1153271653,0.1406446099,-0.5754675865,0.3926411867,0.9,10
move_within_5000ms,log_ask_depth_l5,0.168032328,0.1090101451,0.06868930906,0.5576184392,1,10
move_within_5000ms,log_ask_depth_remove_l1_1000ms,0.06757682897,0.06866526976,0.0546057038,0.07490894198,1,10
move_within_5000ms,log_ask_depth_remove_l1_100ms,0.03575853296,0.03521222435,0.01932380721,0.04513777047,1,10
move_within_5000ms,log_bid_depth_add_l1_1000ms,0.09490984604,0.09829921275,0.06684777141,0.103736259,1,10
move_within_5000ms,log_bid_depth_add_l1_100ms,0.04098544959,0.04330429062,0.02462955005,0.04765852168,1,10
move_within_5000ms,log_bid_depth_l1,-0.4821274973,-0.4700326473,-0.8788687587,-0.05148301274,0,10
move_within_5000ms,log_bid_depth_l10,0.1251083962,0.1383118033,0.0008652299875,0.2457941771,1,10
move_within_5000ms,log_bid_depth_l5,-0.146578265,-0.1326265261,-0.2865452468,-0.07106997073,0,10
move_within_5000ms,log_bid_depth_remove_l1_1000ms,0.07649293244,0.07634705305,0.06845206767,0.08529984951,1,10
move_within_5000ms,log_bid_depth_remove_l1_100ms,0.05329736061,0.05529726669,0.03024450317,0.06269254535,1,10
move_within_5000ms,microprice_minus_mid_ticks,0.06581122372,0.06497886032,0.02587341331,0.1168953329,1,10
move_within_5000ms,net_depth_flow_l1_1000ms,0.009029619442,0.01199093321,-0.003205160843,0.0153596336,0.8,10
move_within_5000ms,net_depth_flow_l1_100ms,0.005409831135,0.005738185951,0.001034271671,0.01076751761,1,10
move_within_5000ms,net_depth_flow_l1_250ms,-0.001230035673,0.0005669987004,-0.01328477077,0.002042406471,0.6,10
move_within_5000ms,net_depth_flow_l1_5000ms,0.05377712026,0.05469505675,0.02842842415,0.1083605736,1,10
move_within_5000ms,net_depth_flow_l1_500ms,-0.0009413343563,-0.00183516994,-0.004741501994,0.004325689748,0.3,10
move_within_5000ms,net_depth_flow_l5_1000ms,0.01624738183,0.01502390811,0.003577092895,0.03002823517,1,10
move_within_5000ms,net_depth_flow_l5_100ms,-0.001683308231,-0.002903075889,-0.005279570352,0.009417203255,0.2,10
move_within_5000ms,net_depth_flow_l5_250ms,0.003005551946,0.0006597017928,-0.001758964383,0.01890982315,0.6,10
move_within_5000ms,net_depth_flow_l5_5000ms,-0.06048264466,-0.05547211505,-0.1035566926,-0.02774681151,0,10
move_within_5000ms,net_depth_flow_l5_500ms,0.003041312846,0.003848665277,-0.004105838947,0.00781859085,0.8,10
move_within_5000ms,obi_l1,0.06587215215,0.06526184268,0.02647606283,0.114612326,1,10
move_within_5000ms,obi_l10,0.1294126131,0.1513420716,-0.2447115034,0.2648993433,0.9,10
move_within_5000ms,obi_l5,0.001302015595,-0.03225456271,-0.05240108818,0.246575281,0.2,10
move_within_5000ms,segment_age_ms,0.0009345045779,0.001389585668,-0.05870386958,0.1264811754,0.5,10
move_within_5000ms,signed_log_volume_1000ms,-0.01745730001,-0.01701221708,-0.02941315435,-0.007649927866,0,10
move_within_5000ms,signed_log_volume_100ms,-0.005894078151,-0.006486252882,-0.01337165851,0.00646766834,0.1,10
move_within_5000ms,signed_log_volume_250ms,-0.01188961784,-0.01131468778,-0.01988687366,-0.00682941312,0,10
move_within_5000ms,signed_log_volume_5000ms,-0.01240208633,-0.01131100953,-0.03847241029,0.01168772392,0.2,10
move_within_5000ms,signed_log_volume_500ms,-0.004428131552,-0.004461974138,-0.009928303771,0.004514253233,0.2,10
move_within_5000ms,spread_ticks,0.05683226287,0,0,0.21189408,0.3,10
move_within_5000ms,time_since_bbo_change_ms,-0.2018650338,-0.2010935247,-0.2235663831,-0.1918330938,0,10
move_within_5000ms,time_since_depth_ms,0.0002988126902,-0.0002350681671,-0.002506869845,0.004453256261,0.5,10
move_within_5000ms,time_since_mid_change_ms,-0.2018644109,-0.2010928169,-0.2235663831,-0.1918330938,0,10
move_within_5000ms,time_since_trade_ms,-0.03793313056,-0.02711085603,-0.07637808472,-0.005845582113,0,10
move_within_5000ms,trade_count_1000ms,0.104845044,0.08617211878,0.0445250012,0.1957167387,1,10
move_within_5000ms,trade_count_100ms,0.2327712908,0.1743729785,0.144619748,0.3715882003,1,10
move_within_5000ms,trade_count_250ms,0.1182605401,0.08593324199,0.06972486526,0.2006258518,1,10
move_within_5000ms,trade_count_5000ms,1.249789348,0.7815149426,0.2766700089,2.527747869,1,10
move_within_5000ms,trade_count_500ms,0.09127617963,0.08625711128,0.05563388392,0.1379410326,1,10
move_within_5000ms,trade_imbalance_1000ms,0.01246221263,0.01159203146,0.00235668919,0.02449844964,1,10
move_within_5000ms,trade_imbalance_100ms,0.003442998318,0.005418716697,-0.006769679021,0.01082248427,0.7,10
move_within_5000ms,trade_imbalance_250ms,0.008462207601,0.009250294883,-0.00166680431,0.02061413229,0.9,10
move_within_5000ms,trade_imbalance_5000ms,0.004034370463,-0.0001819222234,-0.02006998844,0.03141711652,0.5,10
move_within_5000ms,trade_imbalance_500ms,0.00335933998,0.004407290951,-0.00325141754,0.007592248265,0.8,10
move_within_5000ms,weighted_obi_l10,-0.1117350176,-0.09555745497,-0.2303876132,-0.0635945797,0,10
move_within_5000ms,weighted_obi_l5,-0.1355812822,-0.1428306922,-0.1855456531,-0.03712176159,0,10
move_within_500ms,ask_concentration_l10,0.03628417021,0.03541767783,-0.01676824689,0.089151375,0.9,10
move_within_500ms,ask_concentration_l5,-0.06708533578,-0.06751306728,-0.08461058885,-0.04668907076,0,10
move_within_500ms,ask_dispersion_ticks_l10,0.03054432271,0.04142234474,-0.01790197939,0.06134472042,0.8,10
move_within_500ms,backward_mid_abs_change_ticks_1000ms,-0.01439170802,-0.01231676154,-0.04884504899,0.01524004154,0.2,10
move_within_500ms,backward_mid_abs_change_ticks_100ms,-0.1284072205,-0.1244124919,-0.1632467806,-0.1165017784,0,10
move_within_500ms,backward_mid_abs_change_ticks_250ms,-0.1160368107,-0.1150450148,-0.1483410895,-0.09567113966,0,10
move_within_500ms,backward_mid_abs_change_ticks_5000ms,-0.1346128825,-0.1509221643,-0.1786986738,-0.04638918862,0,10
move_within_500ms,backward_mid_abs_change_ticks_500ms,-0.1029520713,-0.1030726917,-0.1236541197,-0.09097210318,0,10
move_within_500ms,bbo_change_count_1000ms,-0.04494252857,-0.04647286236,-0.07390254736,0.02453923225,0.1,10
move_within_500ms,bbo_change_count_100ms,-0.0395328247,-0.0434808284,-0.05140019208,-0.008536607958,0,10
move_within_500ms,bbo_change_count_250ms,0.02239716537,0.02351797745,0.008439041674,0.03337456658,1,10
move_within_500ms,bbo_change_count_5000ms,0.2709489331,0.1993974,0.1420170665,0.418877244,1,10
move_within_500ms,bbo_change_count_500ms,0.05763667524,0.05920196325,0.04632556811,0.06635526568,1,10
move_within_500ms,bid_concentration_l10,0.02017280087,0.02596657537,-0.01626887545,0.06103183329,0.8,10
move_within_500ms,bid_concentration_l5,-0.06810283512,-0.06923088059,-0.08673740923,-0.05092441663,0,10
move_within_500ms,bid_dispersion_ticks_l10,0.02091308837,0.02938613761,-0.02605640516,0.04934182018,0.7,10
move_within_500ms,depth_event_count_1000ms,-0.005484291853,-0.003801613464,-0.01884770393,0.007782720029,0.3,10
move_within_500ms,depth_event_count_100ms,-0.05168931559,-0.05190574937,-0.06175887585,-0.04032610729,0,10
move_within_500ms,depth_event_count_250ms,0.0323614683,0.02989147138,0.02165405825,0.04475028068,1,10
move_within_500ms,depth_event_count_5000ms,-0.0425239265,-0.04237093404,-0.04697795585,-0.03932833299,0,10
move_within_500ms,depth_event_count_500ms,0.003252507828,-4.100467777e-05,-0.003427892691,0.01706924289,0.5,10
move_within_500ms,depth_flow_pressure_l10_1000ms,-0.01039882366,-0.003084979253,-0.05882128701,0.007476722356,0.3,10
move_within_500ms,depth_flow_pressure_l10_100ms,-0.01984817584,-0.0234603351,-0.0353939496,0.0007092081942,0.1,10
move_within_500ms,depth_flow_pressure_l10_250ms,-0.05296668187,-0.04826775379,-0.08818876743,-0.02437338606,0,10
move_within_500ms,depth_flow_pressure_l10_5000ms,-0.03184636328,-0.03072465584,-0.04599296302,-0.02228661813,0,10
move_within_500ms,depth_flow_pressure_l10_500ms,0.006170401745,0.001988956588,-0.01187112369,0.03183694556,0.6,10
move_within_500ms,depth_flow_pressure_l5_1000ms,0.02614145372,0.0133456015,0.005989586003,0.08742172271,1,10
move_within_500ms,depth_flow_pressure_l5_100ms,0.02025925866,0.02050072141,0.004890302196,0.03671237454,1,10
move_within_500ms,depth_flow_pressure_l5_250ms,0.04017644618,0.03931757808,0.02018493041,0.06358145177,1,10
move_within_500ms,depth_flow_pressure_l5_5000ms,0.02048212043,0.0180787053,0.004844123963,0.04477695748,1,10
move_within_500ms,depth_flow_pressure_l5_500ms,-0.007875838026,-0.006304946088,-0.03358220309,0.0203463845,0.3,10
move_within_500ms,log_ask_depth_add_l1_1000ms,0.0828202635,0.082021337,0.05621094257,0.1083393544,1,10
move_within_500ms,log_ask_depth_add_l1_100ms,0.0791622296,0.08226824924,0.0562774837,0.08748018742,1,10
move_within_500ms,log_ask_depth_l1,-0.584937644,-0.5902187228,-0.6825720668,-0.3951247334,0,10
move_within_500ms,log_ask_depth_l10,0.1030610327,0.1192228422,-0.151095286,0.2130841911,0.9,10
move_within_500ms,log_ask_depth_l5,-0.09343809001,-0.09249456227,-0.1589695662,-0.05170270056,0,10
move_within_500ms,log_ask_depth_remove_l1_1000ms,0.08591326736,0.07994599268,0.04567944631,0.1247574091,1,10
move_within_500ms,log_ask_depth_remove_l1_100ms,0.08584665135,0.08845146745,0.0657729134,0.09532512724,1,10
move_within_500ms,log_bid_depth_add_l1_1000ms,0.06920218766,0.07219345868,0.03494768217,0.08762345463,1,10
move_within_500ms,log_bid_depth_add_l1_100ms,0.09616319537,0.09641885012,0.09149995446,0.1001190096,1,10
move_within_500ms,log_bid_depth_l1,-0.5047237098,-0.4950726181,-0.6503658891,-0.4287503064,0,10
move_within_500ms,log_bid_depth_l10,0.06537911287,0.05587996915,0.006500673946,0.1611351669,1,10
move_within_500ms,log_bid_depth_l5,-0.1651037939,-0.158912003,-0.2239708006,-0.1131141409,0,10
move_within_500ms,log_bid_depth_remove_l1_1000ms,0.1378545046,0.1428643689,0.1082000658,0.1593799442,1,10
move_within_500ms,log_bid_depth_remove_l1_100ms,0.1067559436,0.1090495288,0.08736535907,0.1142355204,1,10
move_within_500ms,microprice_minus_mid_ticks,0.04100335669,0.03983429633,0.01331257261,0.07045694441,1,10
move_within_500ms,net_depth_flow_l1_1000ms,-0.03330869973,-0.03450530767,-0.0611147657,-0.007953169756,0,10
move_within_500ms,net_depth_flow_l1_100ms,0.006470002016,0.007697472349,0.0004587631265,0.01117185596,1,10
move_within_500ms,net_depth_flow_l1_250ms,0.01502640373,0.01669430733,-0.004731484689,0.02603254654,0.9,10
move_within_500ms,net_depth_flow_l1_5000ms,0.02524363026,0.02304037008,0.01382287964,0.04034967348,1,10
move_within_500ms,net_depth_flow_l1_500ms,0.03359462861,0.03327570949,0.01401351951,0.04993721098,1,10
move_within_500ms,net_depth_flow_l5_1000ms,0.04335167259,0.04790848494,0.01617019624,0.06679181755,1,10
move_within_500ms,net_depth_flow_l5_100ms,-0.005655149036,-0.00534812687,-0.0211453177,0.004144631326,0.2,10
move_within_500ms,net_depth_flow_l5_250ms,-0.008028291538,-0.009799603373,-0.0141317863,0.006222476717,0.1,10
move_within_500ms,net_depth_flow_l5_5000ms,-0.003871084074,-0.001781217055,-0.01843295246,0.01271643117,0.3,10
move_within_500ms,net_depth_flow_l5_500ms,-0.02466591429,-0.0258998489,-0.04537281394,-0.00667473115,0,10
move_within_500ms,obi_l1,0.02854413915,0.03176261764,-0.01813166402,0.0676830411,0.9,10
move_within_500ms,obi_l10,0.1184519566,0.1252514683,0.01539688092,0.1994399726,1,10
move_within_500ms,obi_l5,-0.02349238582,-0.02468529809,-0.05114191025,0.007871603593,0.1,10
move_within_500ms,segment_age_ms,0.002683058847,-0.003618884832,-0.07340987772,0.152219221,0.5,10
move_within_500ms,signed_log_volume_1000ms,-0.01459897412,-0.01721718255,-0.05163349211,0.004567222204,0.2,10
move_within_500ms,signed_log_volume_100ms,-0.002811023634,-0.003228214657,-0.02145185508,0.01861282811,0.3,10
move_within_500ms,signed_log_volume_250ms,-0.007371976506,-0.007146514021,-0.01197543088,-0.00100102555,0,10
move_within_500ms,signed_log_volume_5000ms,-0.01501485332,-0.01555586699,-0.04100904986,0.008039803244,0.1,10
move_within_500ms,signed_log_volume_500ms,-0.01240523239,-0.0152311516,-0.02098731138,0.009738330729,0.1,10
move_within_500ms,spread_ticks,0.0008689880371,0,-0.006870166864,0.02048228867,0.1,10
move_within_500ms,time_since_bbo_change_ms,-0.2145321727,-0.2147881985,-0.2266654521,-0.2035485804,0,10
move_within_500ms,time_since_depth_ms,0.05540872216,0.05967851542,0.0323905535,0.07781717926,1,10
move_within_500ms,time_since_mid_change_ms,-0.2145297289,-0.214783825,-0.2266608179,-0.2035485804,0,10
move_within_500ms,time_since_trade_ms,-0.08769590221,-0.0698077213,-0.1594336331,-0.01468200982,0,10
move_within_500ms,trade_count_1000ms,0.03418574419,0.03489414789,-0.003560359357,0.06564551592,0.9,10
move_within_500ms,trade_count_100ms,0.3587236583,0.30181548,0.2853752077,0.4827553034,1,10
move_within_500ms,trade_count_250ms,0.1581440017,0.1575440392,0.1405768692,0.1828229725,1,10
move_within_500ms,trade_count_5000ms,0.1486095853,0.1594807282,0.09672559798,0.1729189157,1,10
move_within_500ms,trade_count_500ms,0.09960730672,0.1004148908,0.07905154675,0.1148488373,1,10
move_within_500ms,trade_imbalance_1000ms,0.004355411557,0.008159742458,-0.01428043377,0.0164150577,0.6,10
move_within_500ms,trade_imbalance_100ms,0.001728883176,-0.0001830923138,-0.02857303433,0.03069373406,0.5,10
move_within_500ms,trade_imbalance_250ms,0.006869012619,0.005636614864,-0.0006182814832,0.02003268898,0.8,10
move_within_500ms,trade_imbalance_5000ms,0.009937894111,0.01002153568,-0.01011108235,0.0290066991,0.8,10
move_within_500ms,trade_imbalance_500ms,0.0110894052,0.01018695673,0.001231987611,0.03177504241,1,10
move_within_500ms,weighted_obi_l10,-0.07128397375,-0.07488533854,-0.1164070815,-0.02399344742,0,10
move_within_500ms,weighted_obi_l5,-0.08180984557,-0.08751364797,-0.1133291274,-0.0272308141,0,10
price_direction,ask_concentration_l10,0.3111733645,0.3418602496,0.1631970704,0.4039736986,1,10
price_direction,ask_concentration_l5,-0.2422889948,-0.273045972,-0.3595873415,-0.1207839847,0,10
price_direction,ask_dispersion_ticks_l10,0.1189310864,0.1161693335,0.04242596403,0.2639938295,1,10
price_direction,backward_mid_abs_change_ticks_1000ms,-0.004269747413,-0.005554135307,-0.02295400016,0.03061674349,0.5,10
price_direction,backward_mid_abs_change_ticks_100ms,-0.00681656911,-0.006717732176,-0.01169719733,-0.0009435126558,0,10
price_direction,backward_mid_abs_change_ticks_250ms,-0.0006491079897,-0.0008259576134,-0.01567656361,0.01003224496,0.5,10
price_direction,backward_mid_abs_change_ticks_5000ms,0.03032924347,0.05447111838,-0.0479372479,0.0895260796,0.6,10
price_direction,backward_mid_abs_change_ticks_500ms,0.002651871857,0.006347174523,-0.01296861097,0.01289810054,0.7,10
price_direction,bbo_change_count_1000ms,0.005981561914,0.00744274538,-0.01317424048,0.01532264147,0.8,10
price_direction,bbo_change_count_100ms,-0.001258785574,-0.002373854571,-0.007167639211,0.004927930888,0.4,10
price_direction,bbo_change_count_250ms,0.0002209489576,0.0003055889938,-0.005855477415,0.008102163672,0.5,10
price_direction,bbo_change_count_5000ms,-0.005658800853,-0.007136639906,-0.0709393546,0.04249246046,0.4,10
price_direction,bbo_change_count_500ms,0.007727569772,0.009782205801,-0.009944650345,0.02940673195,0.7,10
price_direction,bid_concentration_l10,-0.1836231761,-0.2245603874,-0.2746956646,-0.04831361398,0,10
price_direction,bid_concentration_l5,0.01109670103,0.01596918423,-0.04540000856,0.07590718567,0.6,10
price_direction,bid_dispersion_ticks_l10,-0.1083108088,-0.1176485904,-0.2289294451,-0.02355046757,0,10
price_direction,depth_event_count_1000ms,0.002446029708,0.002003020723,0.0007478314219,0.006864573341,1,10
price_direction,depth_event_count_100ms,0.0002437661686,9.591832713e-05,-0.0005878374213,0.00140889606,0.5,10
price_direction,depth_event_count_250ms,-0.001572764327,-0.002330117393,-0.004922860302,0.005908658262,0.2,10
price_direction,depth_event_count_5000ms,0.0002446409097,0.0005891335604,-0.001803789055,0.00266917306,0.7,10
price_direction,depth_event_count_500ms,0.001197515588,0.001131985104,-0.0001107312128,0.00291581382,0.8,10
price_direction,depth_flow_pressure_l10_1000ms,0.04852055288,0.01903006062,0.004692850169,0.1996669322,1,10
price_direction,depth_flow_pressure_l10_100ms,0.03336795475,0.03382143937,0.02676360868,0.04131278396,1,10
price_direction,depth_flow_pressure_l10_250ms,0.0109721038,0.013175047,-0.003003256861,0.01824676245,0.9,10
price_direction,depth_flow_pressure_l10_5000ms,-0.282089255,-0.1861547828,-0.7207220793,-0.05403900892,0,10
price_direction,depth_flow_pressure_l10_500ms,0.04573656614,0.05486406386,0.001801633742,0.06385622174,1,10
price_direction,depth_flow_pressure_l5_1000ms,-0.03399096243,-0.008775074501,-0.2191857845,0.01834917627,0.3,10
price_direction,depth_flow_pressure_l5_100ms,-0.0347432619,-0.03153650928,-0.04997412115,-0.02458325587,0,10
price_direction,depth_flow_pressure_l5_250ms,-0.009589841822,-0.007062471472,-0.02593509853,-0.001859823475,0,10
price_direction,depth_flow_pressure_l5_5000ms,0.2845407285,0.207225576,0.09132221341,0.6793094277,1,10
price_direction,depth_flow_pressure_l5_500ms,-0.03257784116,-0.03625715338,-0.05718240142,-0.0008465088322,0,10
price_direction,log_ask_depth_add_l1_1000ms,-0.01844275519,-0.01862188149,-0.02705963142,-0.01214079838,0,10
price_direction,log_ask_depth_add_l1_100ms,-0.02203413714,-0.02355251461,-0.03140667081,-0.01440890878,0,10
price_direction,log_ask_depth_l1,-0.7357630074,-0.7396761775,-0.8902096152,-0.5945628881,0,10
price_direction,log_ask_depth_l10,0.6684349611,0.709633857,0.2143918425,1.000924945,1,10
price_direction,log_ask_depth_l5,-0.2514520637,-0.2772460729,-0.5933505297,0.3839820027,0.2,10
price_direction,log_ask_depth_remove_l1_1000ms,0.001332764793,-0.004899951164,-0.0259538237,0.03612938151,0.4,10
price_direction,log_ask_depth_remove_l1_100ms,0.01592558706,0.01288280031,0.008925692178,0.03160909936,1,10
price_direction,log_bid_depth_add_l1_1000ms,0.0433335362,0.04566350579,0.02371999063,0.0542351231,1,10
price_direction,log_bid_depth_add_l1_100ms,0.02452069595,0.02336542308,0.02140477486,0.02984789759,1,10
price_direction,log_bid_depth_l1,1.019926953,1.010898888,0.7826424837,1.358947515,1,10
price_direction,log_bid_depth_l10,-0.4237246335,-0.4204388708,-0.6952129006,-0.2694507241,0,10
price_direction,log_bid_depth_l5,-0.2465682853,-0.1816014983,-0.9027547836,0.06608697027,0.1,10
price_direction,log_bid_depth_remove_l1_1000ms,-0.02194652148,-0.02037416399,-0.04143827036,-0.007986694574,0,10
price_direction,log_bid_depth_remove_l1_100ms,-0.012259511,-0.01112006931,-0.0212402083,-0.006588789169,0,10
price_direction,microprice_minus_mid_ticks,-0.0630362561,-0.05512942933,-0.1196439639,-0.01739258505,0,10
price_direction,net_depth_flow_l1_1000ms,0.01467442824,0.01081562368,-0.0006860289141,0.05036669597,0.9,10
price_direction,net_depth_flow_l1_100ms,-0.02975830548,-0.02887887973,-0.04320209846,-0.02046737261,0,10
price_direction,net_depth_flow_l1_250ms,-0.003417128429,-0.00306635967,-0.01439593919,0.004945699126,0.4,10
price_direction,net_depth_flow_l1_5000ms,0.1006815143,0.09166233242,0.05987977982,0.1825074404,1,10
price_direction,net_depth_flow_l1_500ms,-0.01396144177,-0.01866511907,-0.02811533958,0.004793391097,0.2,10
price_direction,net_depth_flow_l5_1000ms,-0.003851449676,-0.001918411988,-0.017485952,0.01231475826,0.4,10
price_direction,net_depth_flow_l5_100ms,0.02705386281,0.02727420256,0.02139647305,0.03124966659,1,10
price_direction,net_depth_flow_l5_250ms,0.01414729031,0.01382518234,0.0083370395,0.02178765088,1,10
price_direction,net_depth_flow_l5_5000ms,-0.02001341446,-0.02141825156,-0.03685330227,0.008031276055,0.1,10
price_direction,net_depth_flow_l5_500ms,0.02101482907,0.02196419239,0.008632178418,0.02713632584,1,10
price_direction,obi_l1,-0.07704310846,-0.1082395762,-0.193948552,0.0645449385,0.3,10
price_direction,obi_l10,0.1617596388,0.1926644966,0.02571451291,0.2395336777,1,10
price_direction,obi_l5,0.9111679748,0.6507259905,0.1836601049,2.849045992,1,10
price_direction,segment_age_ms,0.02113058234,0.01578333508,-0.01257283147,0.09271546453,0.6,10
price_direction,signed_log_volume_1000ms,0.01394853664,0.01245399751,-0.002363341162,0.04005682841,0.9,10
price_direction,signed_log_volume_100ms,0.09055521935,0.07578926533,0.05522244424,0.1364513189,1,10
price_direction,signed_log_volume_250ms,0.00819527735,0.007982910611,0.004047605675,0.01171676163,1,10
price_direction,signed_log_volume_5000ms,-0.04271682519,-0.04064884037,-0.08294259757,-0.02364678867,0,10
price_direction,signed_log_volume_500ms,0.008985919785,0.008921615779,0.003747002222,0.01866860874,1,10
price_direction,spread_ticks,-0.003693087492,0,-0.0101158414,0,0,10
price_direction,time_since_bbo_change_ms,-0.005688628991,-0.001530135953,-0.02168481983,0.001788173802,0.3,10
price_direction,time_since_depth_ms,0.003533979348,0.003135423292,0.0006320548127,0.008729681373,1,10
price_direction,time_since_mid_change_ms,-0.00568751517,-0.00151939044,-0.02168481983,0.001788173802,0.3,10
price_direction,time_since_trade_ms,0.009314229258,0.009255924262,0.0006431698566,0.02099817619,1,10
price_direction,trade_count_1000ms,-0.005427436065,-0.007515288424,-0.02628236078,0.009769119322,0.4,10
price_direction,trade_count_100ms,0.001130128553,0.001556677918,-0.01237999182,0.006999544334,0.8,10
price_direction,trade_count_250ms,0.0006330422941,-3.700720845e-05,-0.007107026875,0.009247852489,0.5,10
price_direction,trade_count_5000ms,-0.007971676928,-0.004721392179,-0.05267765373,0.02425327152,0.4,10
price_direction,trade_count_500ms,-0.005231506249,-0.004687937908,-0.01121333707,0.00170178886,0.1,10
price_direction,trade_imbalance_1000ms,-0.01887650411,-0.01743520331,-0.05198723078,-0.002766405698,0,10
price_direction,trade_imbalance_100ms,-0.04965372868,-0.04451008141,-0.07377631962,-0.02506170608,0,10
price_direction,trade_imbalance_250ms,-0.009738093894,-0.008846225683,-0.01638348587,-0.004546748009,0,10
price_direction,trade_imbalance_5000ms,0.05905750431,0.05550743826,0.03929200396,0.1098063141,1,10
price_direction,trade_imbalance_500ms,-0.005915077197,-0.0046490276,-0.01712098718,-0.0003708836448,0,10
price_direction,weighted_obi_l10,-0.3693384983,-0.241813831,-1.307768106,-0.09056212753,0,10
price_direction,weighted_obi_l5,-0.09857656024,0.02081749402,-0.7142882943,0.0875813812,0.7,10
through_given_fill,backward_mid_abs_change_ticks_1000ms,0.02161353771,0.01653275976,-0.01749878936,0.06732862443,0.6,10
through_given_fill,backward_mid_abs_change_ticks_100ms,-0.1012658767,-0.1079720482,-0.1236537918,-0.08169151098,0,10
through_given_fill,backward_mid_abs_change_ticks_250ms,-0.05797877274,-0.05641927756,-0.08779475838,-0.03773110732,0,10
through_given_fill,backward_mid_abs_change_ticks_5000ms,0.4219402477,0.4665987641,0.2348912209,0.5889620781,1,10
through_given_fill,backward_mid_abs_change_ticks_500ms,-0.02479753728,-0.03563578241,-0.04925349355,0.003680871334,0.2,10
through_given_fill,bbo_change_count_1000ms,0.04378479272,0.04390050843,0.02250554226,0.06274125725,1,10
through_given_fill,bbo_change_count_100ms,0.08666387647,0.08013837039,0.06637887657,0.1203585416,1,10
through_given_fill,bbo_change_count_250ms,0.007628735941,0.004430133587,-0.006791096646,0.02862240002,0.6,10
through_given_fill,bbo_change_count_5000ms,0.04767834609,0.04955924675,-0.005464960821,0.0978089571,0.9,10
through_given_fill,bbo_change_count_500ms,0.05353339966,0.05343207531,0.02468734048,0.08434803784,1,10
through_given_fill,depth_event_count_1000ms,-0.01087270537,-0.009771080222,-0.01578840613,-0.006742658094,0,10
through_given_fill,depth_event_count_100ms,-0.002529840163,-0.002113145601,-0.007912240922,0.003573874477,0.4,10
through_given_fill,depth_event_count_250ms,-0.002846765815,-0.001800647762,-0.01224752981,0.001068891492,0.2,10
through_given_fill,depth_event_count_5000ms,-0.01029392951,-0.009687166661,-0.01814370416,-0.006734001916,0,10
through_given_fill,depth_event_count_500ms,-0.001684011363,-0.001941288589,-0.004261892755,0.00135167141,0.3,10
through_given_fill,log_opp_depth_add_l1_1000ms,0.02362333439,0.02585402131,0.0002781167568,0.03175935522,1,10
through_given_fill,log_opp_depth_add_l1_100ms,-0.03076028954,-0.0248046834,-0.04752067104,-0.01908319443,0,10
through_given_fill,log_opp_depth_l1,0.05987014547,0.0396504458,-0.2455898374,0.5129407048,0.6,10
through_given_fill,log_opp_depth_l10,0.2249017891,0.160544686,-0.1089175493,0.5484037399,0.9,10
through_given_fill,log_opp_depth_l5,-0.09170101455,-0.05043949932,-0.3534453213,0.06722961366,0.4,10
through_given_fill,log_opp_depth_remove_l1_1000ms,-0.03239995651,-0.03514103778,-0.04567489401,-0.0115912566,0,10
through_given_fill,log_opp_depth_remove_l1_100ms,-0.02084410535,-0.02359571774,-0.0299451407,-0.009285217151,0,10
through_given_fill,log_own_depth_add_l1_1000ms,0.09054161906,0.09209222347,0.06560633332,0.1023374572,1,10
through_given_fill,log_own_depth_add_l1_100ms,0.04940652493,0.04615524784,0.02634983696,0.06910289824,1,10
through_given_fill,log_own_depth_l1,-0.1731626298,-0.1695821881,-0.2508006692,-0.05843013152,0,10
through_given_fill,log_own_depth_l10,0.635590291,0.6572610438,0.140661478,0.8660761118,1,10
through_given_fill,log_own_depth_l5,0.1854146078,0.2296798006,-0.2085658312,0.6090964675,0.7,10
through_given_fill,log_own_depth_remove_l1_1000ms,0.02152676806,0.02069518808,0.006338801235,0.03437906504,1,10
through_given_fill,log_own_depth_remove_l1_100ms,-0.03962666579,-0.03542329185,-0.05836370215,-0.02497045696,0,10
through_given_fill,log_queue_ahead_lots,-0.1731626298,-0.1695821881,-0.2508006692,-0.05843013152,0,10
through_given_fill,opp_concentration_l10,0.195007192,0.2108508646,-0.003988425713,0.2853568494,0.9,10
through_given_fill,opp_concentration_l5,-0.05851240093,-0.05671123415,-0.1100421473,0.01028103288,0.1,10
through_given_fill,opp_dispersion_ticks_l10,0.08959322609,0.09549808502,0.04608736187,0.135155201,1,10
through_given_fill,own_concentration_l10,0.3395408839,0.3415482938,0.2870973647,0.3776339293,1,10
through_given_fill,own_concentration_l5,-0.02988919178,-0.02998276055,-0.05347609147,-0.009648419917,0,10
through_given_fill,own_dispersion_ticks_l10,0.1153146751,0.1102105118,0.07412718982,0.196856901,1,10
through_given_fill,queue_to_own_depth_l5,-0.02989128791,-0.02998543065,-0.05347684026,-0.009649363346,0,10
through_given_fill,segment_age_ms,0.08699028641,0.09492569044,0.03613194078,0.1134248301,1,10
through_given_fill,signed_depth_flow_pressure_l10_1000ms,-0.0321907365,-0.01661173394,-0.106357336,0.001416734653,0.1,10
through_given_fill,signed_depth_flow_pressure_l10_100ms,-0.01606691247,-0.01549823768,-0.02409165539,-0.01148841158,0,10
through_given_fill,signed_depth_flow_pressure_l10_250ms,-0.003217045046,-0.005150668323,-0.01021836326,0.0116990637,0.3,10
through_given_fill,signed_depth_flow_pressure_l10_5000ms,0.08257154115,0.06068245694,0.03106532618,0.220017761,1,10
through_given_fill,signed_depth_flow_pressure_l10_500ms,0.02022305086,0.02106612548,0.000885679503,0.04414626583,1,10
through_given_fill,signed_depth_flow_pressure_l5_1000ms,0.04698450305,0.03353950847,0.02267187648,0.1118933186,1,10
through_given_fill,signed_depth_flow_pressure_l5_100ms,-0.003111804806,-0.002853178768,-0.01190982666,0.001227452303,0.2,10
through_given_fill,signed_depth_flow_pressure_l5_250ms,-0.008556408272,-0.006036019418,-0.02241209149,-0.002439960139,0,10
through_given_fill,signed_depth_flow_pressure_l5_5000ms,-0.03474963894,-0.02036150638,-0.1759375185,0.02106506191,0.3,10
through_given_fill,signed_depth_flow_pressure_l5_500ms,-0.02926791511,-0.0292186141,-0.05400879681,-0.005119885784,0,10
through_given_fill,signed_log_volume_1000ms,-0.01821762175,-0.01866036747,-0.04535127059,0.001242475817,0.2,10
through_given_fill,signed_log_volume_100ms,-0.03074004184,-0.02168035507,-0.05884249508,-0.01317196712,0,10
through_given_fill,signed_log_volume_250ms,0.002902897156,0.004576140782,-0.007185691502,0.01088316087,0.8,10
through_given_fill,signed_log_volume_5000ms,0.05095491484,0.05166919157,0.03631538898,0.06458220631,1,10
through_given_fill,signed_log_volume_500ms,-0.02081214683,-0.02088335715,-0.02567266859,-0.01333190966,0,10
through_given_fill,signed_microprice_offset_ticks,0.2721547812,0.5440876186,-0.5336919427,0.6443325281,0.7,10
through_given_fill,signed_net_depth_flow_l1_1000ms,-0.00723848237,-0.007188833319,-0.01818612963,0.004825304262,0.3,10
through_given_fill,signed_net_depth_flow_l1_100ms,-0.00458042493,-0.006634843769,-0.01339388173,0.01035303902,0.2,10
through_given_fill,signed_net_depth_flow_l1_250ms,0.02931929249,0.02787849866,0.02486257814,0.03643761203,1,10
through_given_fill,signed_net_depth_flow_l1_5000ms,0.009006924834,0.002823235118,-0.01318656001,0.07201171666,0.6,10
through_given_fill,signed_net_depth_flow_l1_500ms,0.01466911207,0.01376517164,0.00716100214,0.02135642804,1,10
through_given_fill,signed_net_depth_flow_l5_1000ms,0.02128419168,0.02026415337,0.01293133572,0.0326090157,1,10
through_given_fill,signed_net_depth_flow_l5_100ms,-0.01133702109,-0.01120745903,-0.01662110537,-0.003370962106,0,10
through_given_fill,signed_net_depth_flow_l5_250ms,-0.0005862525546,-0.0005979936541,-0.006785024423,0.006840963848,0.3,10
through_given_fill,signed_net_depth_flow_l5_5000ms,-0.01514660947,-0.009786525276,-0.0754218623,0.007941904478,0.2,10
through_given_fill,signed_net_depth_flow_l5_500ms,0.01378928232,0.01504310407,0.005920412485,0.02298850939,1,10
through_given_fill,signed_obi_l1,0.8372439444,0.5959195197,0.4983105063,1.68509376,1,10
through_given_fill,signed_obi_l10,-0.4733373885,-0.5336939692,-0.6702978015,-0.003307108767,0,10
through_given_fill,signed_obi_l5,-0.3245219573,-0.2099368572,-1.00519824,0.09726853669,0.1,10
through_given_fill,signed_trade_imbalance_1000ms,0.07732616961,0.07886672392,0.04959597811,0.1260991991,1,10
through_given_fill,signed_trade_imbalance_100ms,-0.01012759729,-0.012892853,-0.01773828827,-9.896867414e-05,0,10
through_given_fill,signed_trade_imbalance_250ms,0.005287444708,0.004929473624,-0.003367363941,0.01194361504,0.8,10
through_given_fill,signed_trade_imbalance_5000ms,0.05042093322,0.05274295993,0.03235920891,0.06206239387,1,10
through_given_fill,signed_trade_imbalance_500ms,0.03994747549,0.03948520124,0.03597385064,0.04796629772,1,10
through_given_fill,signed_weighted_obi_l10,0.2490807656,0.2291357219,0.0316911526,0.4785774946,1,10
through_given_fill,signed_weighted_obi_l5,0.2153843835,0.2219195142,0.1047090963,0.3362831771,1,10
through_given_fill,spread_ticks,-0.01071996442,0,-0.04029222578,0.006763408426,0.1,10
through_given_fill,time_since_bbo_change_ms,-0.0576639846,-0.05874541588,-0.06638478488,-0.04202288389,0,10
through_given_fill,time_since_depth_ms,0.00297655781,0.002664996544,-0.01787084155,0.02069113404,0.8,10
through_given_fill,time_since_mid_change_ms,-0.05764257461,-0.05871136114,-0.06638478488,-0.04202288389,0,10
through_given_fill,time_since_trade_ms,0.07851120606,0.07565317303,0.07158152014,0.09520965815,1,10
through_given_fill,trade_count_1000ms,-0.07506959587,-0.07122261077,-0.1188021749,-0.03667080402,0,10
through_given_fill,trade_count_100ms,0.3025423825,0.2814430445,0.2569705844,0.3617335856,1,10
through_given_fill,trade_count_250ms,0.08415958807,0.08392400295,0.05869457871,0.114836067,1,10
through_given_fill,trade_count_5000ms,-0.4727211654,-0.497808218,-0.6014766693,-0.3367165029,0,10
through_given_fill,trade_count_500ms,0.01580264352,0.02112925984,-0.01961651444,0.0530583486,0.8,10
