problem,family,task,model,fold,train_rows,validation_rows,validation_start_utc,target,feature_set,n,positives,base_rate,roc_auc,pr_auc,pr_auc_lift,log_loss,brier,accuracy
next_move_matches_sweep_direction__obi,next_move_matches_sweep_direction,classification,naive,1,33354,42856,2026-08-18T14:52:00.649Z,next_move_matches_sweep_direction,obi,34520,17260,0.5,0.5,0.5,1,0.6931471806,0.25,0.5
next_move_matches_sweep_direction__obi,next_move_matches_sweep_direction,classification,linear,1,33354,42856,2026-08-18T14:52:00.649Z,next_move_matches_sweep_direction,obi,34520,17260,0.5,0.7366229109,0.7297615777,1.459523155,0.6071743197,0.2098512632,0.6725955968
next_move_matches_sweep_direction__obi,next_move_matches_sweep_direction,classification,lightgbm,1,33354,42856,2026-08-18T14:52:00.649Z,next_move_matches_sweep_direction,obi,34520,17260,0.5,0.7285579018,0.7206158597,1.441231719,0.6127357132,0.2120756368,0.6688006952
next_move_matches_sweep_direction__obi,next_move_matches_sweep_direction,classification,naive,2,67874,42856,2026-08-18T20:49:08.333Z,next_move_matches_sweep_direction,obi,31362,15681,0.5,0.5,0.5,1,0.6931471806,0.25,0.5
next_move_matches_sweep_direction__obi,next_move_matches_sweep_direction,classification,linear,2,67874,42856,2026-08-18T20:49:08.333Z,next_move_matches_sweep_direction,obi,31362,15681,0.5,0.7662469545,0.752827687,1.505655374,0.5797485127,0.197161152,0.7040367324
next_move_matches_sweep_direction__obi,next_move_matches_sweep_direction,classification,lightgbm,2,67874,42856,2026-08-18T20:49:08.333Z,next_move_matches_sweep_direction,obi,31362,15681,0.5,0.7573631992,0.7443190755,1.488638151,0.5868474845,0.2004034033,0.6963203877
next_move_matches_sweep_direction__obi,next_move_matches_sweep_direction,classification,naive,3,99236,42850,2026-08-19T02:46:16.016Z,next_move_matches_sweep_direction,obi,31934,15967,0.5,0.5,0.5,1,0.6931471806,0.25,0.5
next_move_matches_sweep_direction__obi,next_move_matches_sweep_direction,classification,linear,3,99236,42850,2026-08-19T02:46:16.016Z,next_move_matches_sweep_direction,obi,31934,15967,0.5,0.7598002447,0.7522512125,1.504502425,0.5856344293,0.2002145351,0.6865409908
next_move_matches_sweep_direction__obi,next_move_matches_sweep_direction,classification,lightgbm,3,99236,42850,2026-08-19T02:46:16.016Z,next_move_matches_sweep_direction,obi,31934,15967,0.5,0.7555065515,0.7468477926,1.493695585,0.5863515437,0.200944279,0.6834095322
next_move_matches_sweep_direction__obi,next_move_matches_sweep_direction,classification,naive,4,131170,42856,2026-08-19T08:43:23.700Z,next_move_matches_sweep_direction,obi,33172,16586,0.5,0.5,0.5,1,0.6931471806,0.25,0.5
next_move_matches_sweep_direction__obi,next_move_matches_sweep_direction,classification,linear,4,131170,42856,2026-08-19T08:43:23.700Z,next_move_matches_sweep_direction,obi,33172,16586,0.5,0.7657130092,0.76073794,1.52147588,0.5796793229,0.197839582,0.6867237429
next_move_matches_sweep_direction__obi,next_move_matches_sweep_direction,classification,lightgbm,4,131170,42856,2026-08-19T08:43:23.700Z,next_move_matches_sweep_direction,obi,33172,16586,0.5,0.7633406086,0.757189872,1.514379744,0.578211844,0.1976565069,0.6917882552
next_move_matches_sweep_direction__obi,next_move_matches_sweep_direction,classification,naive,5,164342,42856,2026-08-19T14:40:31.383Z,next_move_matches_sweep_direction,obi,42816,21408,0.5,0.5,0.5,1,0.6931471806,0.25,0.5
next_move_matches_sweep_direction__obi,next_move_matches_sweep_direction,classification,linear,5,164342,42856,2026-08-19T14:40:31.383Z,next_move_matches_sweep_direction,obi,42816,21408,0.5,0.7105550942,0.7051929144,1.410385829,0.6264410229,0.2186516629,0.644245142
next_move_matches_sweep_direction__obi,next_move_matches_sweep_direction,classification,lightgbm,5,164342,42856,2026-08-19T14:40:31.383Z,next_move_matches_sweep_direction,obi,42816,21408,0.5,0.708623478,0.7037408851,1.40748177,0.6254428141,0.2180566241,0.6453195067
next_move_matches_sweep_direction__obi,next_move_matches_sweep_direction,classification,naive,6,207158,42846,2026-08-19T20:37:39.066Z,next_move_matches_sweep_direction,obi,42792,21396,0.5,0.5,0.5,1,0.6931471806,0.25,0.5
next_move_matches_sweep_direction__obi,next_move_matches_sweep_direction,classification,linear,6,207158,42846,2026-08-19T20:37:39.066Z,next_move_matches_sweep_direction,obi,42792,21396,0.5,0.7323726318,0.7245518411,1.449103682,0.6122119464,0.2117215056,0.665498224
next_move_matches_sweep_direction__obi,next_move_matches_sweep_direction,classification,lightgbm,6,207158,42846,2026-08-19T20:37:39.066Z,next_move_matches_sweep_direction,obi,42792,21396,0.5,0.7281991092,0.7195772454,1.439154491,0.6171373596,0.2131369597,0.6625537484
next_move_matches_sweep_direction__obi,next_move_matches_sweep_direction,classification,naive,7,249950,42852,2026-08-20T02:34:46.750Z,next_move_matches_sweep_direction,obi,42376,21188,0.5,0.5,0.5,1,0.6931471806,0.25,0.5
next_move_matches_sweep_direction__obi,next_move_matches_sweep_direction,classification,linear,7,249950,42852,2026-08-20T02:34:46.750Z,next_move_matches_sweep_direction,obi,42376,21188,0.5,0.7306433643,0.720265533,1.440531066,0.6138429705,0.2123659714,0.6694827261
next_move_matches_sweep_direction__obi,next_move_matches_sweep_direction,classification,lightgbm,7,249950,42852,2026-08-20T02:34:46.750Z,next_move_matches_sweep_direction,obi,42376,21188,0.5,0.7296766028,0.7190426374,1.438085275,0.6127092983,0.2117536372,0.6673352841
next_move_matches_sweep_direction__obi,next_move_matches_sweep_direction,classification,naive,8,292326,42852,2026-08-20T08:31:54.433Z,next_move_matches_sweep_direction,obi,42840,21420,0.5,0.5,0.5,1,0.6931471806,0.25,0.5
next_move_matches_sweep_direction__obi,next_move_matches_sweep_direction,classification,linear,8,292326,42852,2026-08-20T08:31:54.433Z,next_move_matches_sweep_direction,obi,42840,21420,0.5,0.7322740283,0.7243836856,1.448767371,0.6116896738,0.2116386579,0.6647525677
next_move_matches_sweep_direction__obi,next_move_matches_sweep_direction,classification,lightgbm,8,292326,42852,2026-08-20T08:31:54.433Z,next_move_matches_sweep_direction,obi,42840,21420,0.5,0.7284998564,0.7189060722,1.437812144,0.6125316772,0.2119535825,0.6645424837
next_move_matches_sweep_direction__obi,next_move_matches_sweep_direction,classification,naive,9,335166,42854,2026-08-20T14:29:02.116Z,next_move_matches_sweep_direction,obi,42836,21418,0.5,0.5,0.5,1,0.6931471806,0.25,0.5
next_move_matches_sweep_direction__obi,next_move_matches_sweep_direction,classification,linear,9,335166,42854,2026-08-20T14:29:02.116Z,next_move_matches_sweep_direction,obi,42836,21418,0.5,0.7208161536,0.7141068357,1.428213671,0.6186467715,0.2148196377,0.65888505
next_move_matches_sweep_direction__obi,next_move_matches_sweep_direction,classification,lightgbm,9,335166,42854,2026-08-20T14:29:02.116Z,next_move_matches_sweep_direction,obi,42836,21418,0.5,0.7180866569,0.7113416957,1.422683391,0.6174140148,0.214553622,0.6565505649
next_move_matches_sweep_direction__sweep_only,next_move_matches_sweep_direction,classification,naive,1,33354,42856,2026-08-18T14:52:00.649Z,next_move_matches_sweep_direction,sweep_only,34520,17260,0.5,0.5,0.5,1,0.6931471806,0.25,0.5
next_move_matches_sweep_direction__sweep_only,next_move_matches_sweep_direction,classification,linear,1,33354,42856,2026-08-18T14:52:00.649Z,next_move_matches_sweep_direction,sweep_only,34520,17260,0.5,0.686762659,0.6877847211,1.375569442,0.6589996426,0.2327567402,0.6089803013
next_move_matches_sweep_direction__sweep_only,next_move_matches_sweep_direction,classification,lightgbm,1,33354,42856,2026-08-18T14:52:00.649Z,next_move_matches_sweep_direction,sweep_only,34520,17260,0.5,0.6839604327,0.6788084269,1.357616854,0.6411369804,0.2251613509,0.6302143685
next_move_matches_sweep_direction__sweep_only,next_move_matches_sweep_direction,classification,naive,2,67874,42856,2026-08-18T20:49:08.333Z,next_move_matches_sweep_direction,sweep_only,31362,15681,0.5,0.5,0.5,1,0.6931471806,0.25,0.5
next_move_matches_sweep_direction__sweep_only,next_move_matches_sweep_direction,classification,linear,2,67874,42856,2026-08-18T20:49:08.333Z,next_move_matches_sweep_direction,sweep_only,31362,15681,0.5,0.7266674956,0.7121663566,1.424332713,0.6557272861,0.2306410719,0.6259167145
next_move_matches_sweep_direction__sweep_only,next_move_matches_sweep_direction,classification,lightgbm,2,67874,42856,2026-08-18T20:49:08.333Z,next_move_matches_sweep_direction,sweep_only,31362,15681,0.5,0.7244211902,0.7076880859,1.415376172,0.6151025568,0.2130393496,0.6650404949
next_move_matches_sweep_direction__sweep_only,next_move_matches_sweep_direction,classification,naive,3,99236,42850,2026-08-19T02:46:16.016Z,next_move_matches_sweep_direction,sweep_only,31934,15967,0.5,0.5,0.5,1,0.6931471806,0.25,0.5
next_move_matches_sweep_direction__sweep_only,next_move_matches_sweep_direction,classification,linear,3,99236,42850,2026-08-19T02:46:16.016Z,next_move_matches_sweep_direction,sweep_only,31934,15967,0.5,0.7339744324,0.7279395686,1.455879137,0.6518772612,0.2301375603,0.6198722365
next_move_matches_sweep_direction__sweep_only,next_move_matches_sweep_direction,classification,lightgbm,3,99236,42850,2026-08-19T02:46:16.016Z,next_move_matches_sweep_direction,sweep_only,31934,15967,0.5,0.7319152576,0.7234002248,1.44680045,0.6095995327,0.2107395109,0.6662178243
next_move_matches_sweep_direction__sweep_only,next_move_matches_sweep_direction,classification,naive,4,131170,42856,2026-08-19T08:43:23.700Z,next_move_matches_sweep_direction,sweep_only,33172,16586,0.5,0.5,0.5,1,0.6931471806,0.25,0.5
next_move_matches_sweep_direction__sweep_only,next_move_matches_sweep_direction,classification,linear,4,131170,42856,2026-08-19T08:43:23.700Z,next_move_matches_sweep_direction,sweep_only,33172,16586,0.5,0.6899731666,0.6768201949,1.35364039,0.7031707016,0.2365801166,0.6283311226
next_move_matches_sweep_direction__sweep_only,next_move_matches_sweep_direction,classification,lightgbm,4,131170,42856,2026-08-19T08:43:23.700Z,next_move_matches_sweep_direction,sweep_only,33172,16586,0.5,0.6895385319,0.6706125699,1.34122514,0.6496946809,0.2284016782,0.6308030869
next_move_matches_sweep_direction__sweep_only,next_move_matches_sweep_direction,classification,naive,5,164342,42856,2026-08-19T14:40:31.383Z,next_move_matches_sweep_direction,sweep_only,42816,21408,0.5,0.5,0.5,1,0.6931471806,0.25,0.5
next_move_matches_sweep_direction__sweep_only,next_move_matches_sweep_direction,classification,linear,5,164342,42856,2026-08-19T14:40:31.383Z,next_move_matches_sweep_direction,sweep_only,42816,21408,0.5,0.6448784574,0.6507678113,1.301535623,0.8502373086,0.2703043072,0.5798066143
next_move_matches_sweep_direction__sweep_only,next_move_matches_sweep_direction,classification,lightgbm,5,164342,42856,2026-08-19T14:40:31.383Z,next_move_matches_sweep_direction,sweep_only,42816,21408,0.5,0.6429611363,0.6323604892,1.264720978,0.7683551013,0.2796721007,0.5173299701
next_move_matches_sweep_direction__sweep_only,next_move_matches_sweep_direction,classification,naive,6,207158,42846,2026-08-19T20:37:39.066Z,next_move_matches_sweep_direction,sweep_only,42792,21396,0.5,0.5,0.5,1,0.6931471806,0.25,0.5
next_move_matches_sweep_direction__sweep_only,next_move_matches_sweep_direction,classification,linear,6,207158,42846,2026-08-19T20:37:39.066Z,next_move_matches_sweep_direction,sweep_only,42792,21396,0.5,0.6765086666,0.6741719476,1.348343895,0.6625591649,0.2346685396,0.6275004674
next_move_matches_sweep_direction__sweep_only,next_move_matches_sweep_direction,classification,lightgbm,6,207158,42846,2026-08-19T20:37:39.066Z,next_move_matches_sweep_direction,sweep_only,42792,21396,0.5,0.6705371904,0.6614449374,1.322889875,0.6855429347,0.2469019865,0.5443073472
next_move_matches_sweep_direction__sweep_only,next_move_matches_sweep_direction,classification,naive,7,249950,42852,2026-08-20T02:34:46.750Z,next_move_matches_sweep_direction,sweep_only,42376,21188,0.5,0.5,0.5,1,0.6931471806,0.25,0.5
next_move_matches_sweep_direction__sweep_only,next_move_matches_sweep_direction,classification,linear,7,249950,42852,2026-08-20T02:34:46.750Z,next_move_matches_sweep_direction,sweep_only,42376,21188,0.5,0.675374128,0.6640253841,1.328050768,0.6636908265,0.2353151323,0.6278081933
next_move_matches_sweep_direction__sweep_only,next_move_matches_sweep_direction,classification,lightgbm,7,249950,42852,2026-08-20T02:34:46.750Z,next_move_matches_sweep_direction,sweep_only,42376,21188,0.5,0.6740848463,0.6601350661,1.320270132,0.6636834395,0.2359420401,0.5858504814
next_move_matches_sweep_direction__sweep_only,next_move_matches_sweep_direction,classification,naive,8,292326,42852,2026-08-20T08:31:54.433Z,next_move_matches_sweep_direction,sweep_only,42840,21420,0.5,0.5,0.5,1,0.6931471806,0.25,0.5
next_move_matches_sweep_direction__sweep_only,next_move_matches_sweep_direction,classification,linear,8,292326,42852,2026-08-20T08:31:54.433Z,next_move_matches_sweep_direction,sweep_only,42840,21420,0.5,0.6762889045,0.6819876317,1.363975263,0.6658284871,0.2366844927,0.6096171802
next_move_matches_sweep_direction__sweep_only,next_move_matches_sweep_direction,classification,lightgbm,8,292326,42852,2026-08-20T08:31:54.433Z,next_move_matches_sweep_direction,sweep_only,42840,21420,0.5,0.6733149382,0.6718160513,1.343632103,0.6889538717,0.2492158577,0.5242530345
next_move_matches_sweep_direction__sweep_only,next_move_matches_sweep_direction,classification,naive,9,335166,42854,2026-08-20T14:29:02.116Z,next_move_matches_sweep_direction,sweep_only,42836,21418,0.5,0.5,0.5,1,0.6931471806,0.25,0.5
next_move_matches_sweep_direction__sweep_only,next_move_matches_sweep_direction,classification,linear,9,335166,42854,2026-08-20T14:29:02.116Z,next_move_matches_sweep_direction,sweep_only,42836,21418,0.5,0.6608442298,0.6756549923,1.351309985,0.6566358117,0.2331854279,0.6115416939
next_move_matches_sweep_direction__sweep_only,next_move_matches_sweep_direction,classification,lightgbm,9,335166,42854,2026-08-20T14:29:02.116Z,next_move_matches_sweep_direction,sweep_only,42836,21418,0.5,0.6596568949,0.6702891888,1.340578378,0.6706044984,0.2404608124,0.5571015034
next_move_matches_sweep_direction__book_flow,next_move_matches_sweep_direction,classification,naive,1,33354,42856,2026-08-18T14:52:00.649Z,next_move_matches_sweep_direction,book_flow,34520,17260,0.5,0.5,0.5,1,0.6931471806,0.25,0.5
next_move_matches_sweep_direction__book_flow,next_move_matches_sweep_direction,classification,linear,1,33354,42856,2026-08-18T14:52:00.649Z,next_move_matches_sweep_direction,book_flow,34520,17260,0.5,0.7398151977,0.733416795,1.46683359,0.6003871393,0.2069782398,0.6752317497
next_move_matches_sweep_direction__book_flow,next_move_matches_sweep_direction,classification,lightgbm,1,33354,42856,2026-08-18T14:52:00.649Z,next_move_matches_sweep_direction,book_flow,34520,17260,0.5,0.7216419655,0.7074420037,1.414884007,0.6319404677,0.2175835579,0.6650057937
next_move_matches_sweep_direction__book_flow,next_move_matches_sweep_direction,classification,naive,2,67874,42856,2026-08-18T20:49:08.333Z,next_move_matches_sweep_direction,book_flow,31362,15681,0.5,0.5,0.5,1,0.6931471806,0.25,0.5
next_move_matches_sweep_direction__book_flow,next_move_matches_sweep_direction,classification,linear,2,67874,42856,2026-08-18T20:49:08.333Z,next_move_matches_sweep_direction,book_flow,31362,15681,0.5,0.7667334207,0.7537963264,1.507592653,0.5786760933,0.1968214538,0.7009757031
next_move_matches_sweep_direction__book_flow,next_move_matches_sweep_direction,classification,lightgbm,2,67874,42856,2026-08-18T20:49:08.333Z,next_move_matches_sweep_direction,book_flow,31362,15681,0.5,0.7438887439,0.7308598499,1.4617197,0.6050404356,0.2073925393,0.6806963842
next_move_matches_sweep_direction__book_flow,next_move_matches_sweep_direction,classification,naive,3,99236,42850,2026-08-19T02:46:16.016Z,next_move_matches_sweep_direction,book_flow,31934,15967,0.5,0.5,0.5,1,0.6931471806,0.25,0.5
next_move_matches_sweep_direction__book_flow,next_move_matches_sweep_direction,classification,linear,3,99236,42850,2026-08-19T02:46:16.016Z,next_move_matches_sweep_direction,book_flow,31934,15967,0.5,0.765064692,0.7574317851,1.51486357,0.5781865853,0.1972888127,0.6907997745
next_move_matches_sweep_direction__book_flow,next_move_matches_sweep_direction,classification,lightgbm,3,99236,42850,2026-08-19T02:46:16.016Z,next_move_matches_sweep_direction,book_flow,31934,15967,0.5,0.7503496057,0.7434063862,1.486812772,0.5911249112,0.2030810683,0.6801841298
next_move_matches_sweep_direction__book_flow,next_move_matches_sweep_direction,classification,naive,4,131170,42856,2026-08-19T08:43:23.700Z,next_move_matches_sweep_direction,book_flow,33172,16586,0.5,0.5,0.5,1,0.6931471806,0.25,0.5
next_move_matches_sweep_direction__book_flow,next_move_matches_sweep_direction,classification,linear,4,131170,42856,2026-08-19T08:43:23.700Z,next_move_matches_sweep_direction,book_flow,33172,16586,0.5,0.7695963476,0.7630517016,1.526103403,0.573165197,0.1953061543,0.6940491981
next_move_matches_sweep_direction__book_flow,next_move_matches_sweep_direction,classification,lightgbm,4,131170,42856,2026-08-19T08:43:23.700Z,next_move_matches_sweep_direction,book_flow,33172,16586,0.5,0.7629537864,0.7578204358,1.515640872,0.5779801724,0.1977357714,0.689919209
next_move_matches_sweep_direction__book_flow,next_move_matches_sweep_direction,classification,naive,5,164342,42856,2026-08-19T14:40:31.383Z,next_move_matches_sweep_direction,book_flow,42816,21408,0.5,0.5,0.5,1,0.6931471806,0.25,0.5
next_move_matches_sweep_direction__book_flow,next_move_matches_sweep_direction,classification,linear,5,164342,42856,2026-08-19T14:40:31.383Z,next_move_matches_sweep_direction,book_flow,42816,21408,0.5,0.7160309594,0.7128708327,1.425741665,0.6175119714,0.2149286159,0.6493133408
next_move_matches_sweep_direction__book_flow,next_move_matches_sweep_direction,classification,lightgbm,5,164342,42856,2026-08-19T14:40:31.383Z,next_move_matches_sweep_direction,book_flow,42816,21408,0.5,0.7155047698,0.7123975164,1.424795033,0.6179128674,0.2153160731,0.6518124066
next_move_matches_sweep_direction__book_flow,next_move_matches_sweep_direction,classification,naive,6,207158,42846,2026-08-19T20:37:39.066Z,next_move_matches_sweep_direction,book_flow,42792,21396,0.5,0.5,0.5,1,0.6931471806,0.25,0.5
next_move_matches_sweep_direction__book_flow,next_move_matches_sweep_direction,classification,linear,6,207158,42846,2026-08-19T20:37:39.066Z,next_move_matches_sweep_direction,book_flow,42792,21396,0.5,0.7353546084,0.7272471014,1.454494203,0.6102702228,0.210082344,0.6693774537
next_move_matches_sweep_direction__book_flow,next_move_matches_sweep_direction,classification,lightgbm,6,207158,42846,2026-08-19T20:37:39.066Z,next_move_matches_sweep_direction,book_flow,42792,21396,0.5,0.7357779073,0.7312446385,1.462489277,0.6041405423,0.2087095427,0.6701953636
next_move_matches_sweep_direction__book_flow,next_move_matches_sweep_direction,classification,naive,7,249950,42852,2026-08-20T02:34:46.750Z,next_move_matches_sweep_direction,book_flow,42376,21188,0.5,0.5,0.5,1,0.6931471806,0.25,0.5
next_move_matches_sweep_direction__book_flow,next_move_matches_sweep_direction,classification,linear,7,249950,42852,2026-08-20T02:34:46.750Z,next_move_matches_sweep_direction,book_flow,42376,21188,0.5,0.7336971709,0.7238897695,1.447779539,0.6090982852,0.2101781205,0.670639041
next_move_matches_sweep_direction__book_flow,next_move_matches_sweep_direction,classification,lightgbm,7,249950,42852,2026-08-20T02:34:46.750Z,next_move_matches_sweep_direction,book_flow,42376,21188,0.5,0.731385069,0.7241360879,1.448272176,0.6073565692,0.2100707506,0.6674532754
next_move_matches_sweep_direction__book_flow,next_move_matches_sweep_direction,classification,naive,8,292326,42852,2026-08-20T08:31:54.433Z,next_move_matches_sweep_direction,book_flow,42840,21420,0.5,0.5,0.5,1,0.6931471806,0.25,0.5
next_move_matches_sweep_direction__book_flow,next_move_matches_sweep_direction,classification,linear,8,292326,42852,2026-08-20T08:31:54.433Z,next_move_matches_sweep_direction,book_flow,42840,21420,0.5,0.7354282563,0.7278493021,1.455698604,0.6048593154,0.2088992241,0.6693277311
next_move_matches_sweep_direction__book_flow,next_move_matches_sweep_direction,classification,lightgbm,8,292326,42852,2026-08-20T08:31:54.433Z,next_move_matches_sweep_direction,book_flow,42840,21420,0.5,0.7419310447,0.7387269415,1.477453883,0.5956842443,0.205686955,0.6741363212
next_move_matches_sweep_direction__book_flow,next_move_matches_sweep_direction,classification,naive,9,335166,42854,2026-08-20T14:29:02.116Z,next_move_matches_sweep_direction,book_flow,42836,21418,0.5,0.5,0.5,1,0.6931471806,0.25,0.5
next_move_matches_sweep_direction__book_flow,next_move_matches_sweep_direction,classification,linear,9,335166,42854,2026-08-20T14:29:02.116Z,next_move_matches_sweep_direction,book_flow,42836,21418,0.5,0.7238818966,0.7179622681,1.435924536,0.6118268221,0.2122758023,0.6604724998
next_move_matches_sweep_direction__book_flow,next_move_matches_sweep_direction,classification,lightgbm,9,335166,42854,2026-08-20T14:29:02.116Z,next_move_matches_sweep_direction,book_flow,42836,21418,0.5,0.7285740098,0.7271583301,1.45431666,0.6040948179,0.2097434809,0.6611728453
next_move_matches_sweep_direction__book_flow_plus_sweep,next_move_matches_sweep_direction,classification,naive,1,33354,42856,2026-08-18T14:52:00.649Z,next_move_matches_sweep_direction,book_flow_plus_sweep,34520,17260,0.5,0.5,0.5,1,0.6931471806,0.25,0.5
next_move_matches_sweep_direction__book_flow_plus_sweep,next_move_matches_sweep_direction,classification,linear,1,33354,42856,2026-08-18T14:52:00.649Z,next_move_matches_sweep_direction,book_flow_plus_sweep,34520,17260,0.5,0.7401490899,0.7346430929,1.469286186,0.5998040623,0.2068481473,0.6744785632
next_move_matches_sweep_direction__book_flow_plus_sweep,next_move_matches_sweep_direction,classification,lightgbm,1,33354,42856,2026-08-18T14:52:00.649Z,next_move_matches_sweep_direction,book_flow_plus_sweep,34520,17260,0.5,0.7218002226,0.7077069241,1.415413848,0.6311713854,0.2173170178,0.6642815759
next_move_matches_sweep_direction__book_flow_plus_sweep,next_move_matches_sweep_direction,classification,naive,2,67874,42856,2026-08-18T20:49:08.333Z,next_move_matches_sweep_direction,book_flow_plus_sweep,31362,15681,0.5,0.5,0.5,1,0.6931471806,0.25,0.5
next_move_matches_sweep_direction__book_flow_plus_sweep,next_move_matches_sweep_direction,classification,linear,2,67874,42856,2026-08-18T20:49:08.333Z,next_move_matches_sweep_direction,book_flow_plus_sweep,31362,15681,0.5,0.7662516252,0.7537943733,1.507588747,0.579189032,0.1970208935,0.7009119316
next_move_matches_sweep_direction__book_flow_plus_sweep,next_move_matches_sweep_direction,classification,lightgbm,2,67874,42856,2026-08-18T20:49:08.333Z,next_move_matches_sweep_direction,book_flow_plus_sweep,31362,15681,0.5,0.7440394146,0.7327965181,1.465593036,0.604604219,0.2073120227,0.6799948983
next_move_matches_sweep_direction__book_flow_plus_sweep,next_move_matches_sweep_direction,classification,naive,3,99236,42850,2026-08-19T02:46:16.016Z,next_move_matches_sweep_direction,book_flow_plus_sweep,31934,15967,0.5,0.5,0.5,1,0.6931471806,0.25,0.5
next_move_matches_sweep_direction__book_flow_plus_sweep,next_move_matches_sweep_direction,classification,linear,3,99236,42850,2026-08-19T02:46:16.016Z,next_move_matches_sweep_direction,book_flow_plus_sweep,31934,15967,0.5,0.7653494828,0.7582687189,1.516537438,0.5779130262,0.197195312,0.6916139538
next_move_matches_sweep_direction__book_flow_plus_sweep,next_move_matches_sweep_direction,classification,lightgbm,3,99236,42850,2026-08-19T02:46:16.016Z,next_move_matches_sweep_direction,book_flow_plus_sweep,31934,15967,0.5,0.7494817404,0.7433849266,1.486769853,0.5915214687,0.2033504661,0.6785870859
next_move_matches_sweep_direction__book_flow_plus_sweep,next_move_matches_sweep_direction,classification,naive,4,131170,42856,2026-08-19T08:43:23.700Z,next_move_matches_sweep_direction,book_flow_plus_sweep,33172,16586,0.5,0.5,0.5,1,0.6931471806,0.25,0.5
next_move_matches_sweep_direction__book_flow_plus_sweep,next_move_matches_sweep_direction,classification,linear,4,131170,42856,2026-08-19T08:43:23.700Z,next_move_matches_sweep_direction,book_flow_plus_sweep,33172,16586,0.5,0.770085029,0.7632989159,1.526597832,0.5725404677,0.1950629661,0.6945315326
next_move_matches_sweep_direction__book_flow_plus_sweep,next_move_matches_sweep_direction,classification,lightgbm,4,131170,42856,2026-08-19T08:43:23.700Z,next_move_matches_sweep_direction,book_flow_plus_sweep,33172,16586,0.5,0.7642423576,0.7593856423,1.518771285,0.576964438,0.1972709827,0.6915470879
next_move_matches_sweep_direction__book_flow_plus_sweep,next_move_matches_sweep_direction,classification,naive,5,164342,42856,2026-08-19T14:40:31.383Z,next_move_matches_sweep_direction,book_flow_plus_sweep,42816,21408,0.5,0.5,0.5,1,0.6931471806,0.25,0.5
next_move_matches_sweep_direction__book_flow_plus_sweep,next_move_matches_sweep_direction,classification,linear,5,164342,42856,2026-08-19T14:40:31.383Z,next_move_matches_sweep_direction,book_flow_plus_sweep,42816,21408,0.5,0.7190800484,0.7177892971,1.435578594,0.6167184972,0.2145309123,0.6519291854
next_move_matches_sweep_direction__book_flow_plus_sweep,next_move_matches_sweep_direction,classification,lightgbm,5,164342,42856,2026-08-19T14:40:31.383Z,next_move_matches_sweep_direction,book_flow_plus_sweep,42816,21408,0.5,0.7176785504,0.71501985,1.4300397,0.6170613479,0.2148835759,0.6515321375
next_move_matches_sweep_direction__book_flow_plus_sweep,next_move_matches_sweep_direction,classification,naive,6,207158,42846,2026-08-19T20:37:39.066Z,next_move_matches_sweep_direction,book_flow_plus_sweep,42792,21396,0.5,0.5,0.5,1,0.6931471806,0.25,0.5
next_move_matches_sweep_direction__book_flow_plus_sweep,next_move_matches_sweep_direction,classification,linear,6,207158,42846,2026-08-19T20:37:39.066Z,next_move_matches_sweep_direction,book_flow_plus_sweep,42792,21396,0.5,0.7371613465,0.7316135006,1.463227001,0.6101031665,0.2098190316,0.6704056833
next_move_matches_sweep_direction__book_flow_plus_sweep,next_move_matches_sweep_direction,classification,lightgbm,6,207158,42846,2026-08-19T20:37:39.066Z,next_move_matches_sweep_direction,book_flow_plus_sweep,42792,21396,0.5,0.7385425423,0.7375915643,1.475183129,0.5997858319,0.207380991,0.6703589456
next_move_matches_sweep_direction__book_flow_plus_sweep,next_move_matches_sweep_direction,classification,naive,7,249950,42852,2026-08-20T02:34:46.750Z,next_move_matches_sweep_direction,book_flow_plus_sweep,42376,21188,0.5,0.5,0.5,1,0.6931471806,0.25,0.5
next_move_matches_sweep_direction__book_flow_plus_sweep,next_move_matches_sweep_direction,classification,linear,7,249950,42852,2026-08-20T02:34:46.750Z,next_move_matches_sweep_direction,book_flow_plus_sweep,42376,21188,0.5,0.7351326999,0.7280464395,1.456092879,0.6075546822,0.2096625638,0.6711346045
next_move_matches_sweep_direction__book_flow_plus_sweep,next_move_matches_sweep_direction,classification,lightgbm,7,249950,42852,2026-08-20T02:34:46.750Z,next_move_matches_sweep_direction,book_flow_plus_sweep,42376,21188,0.5,0.7335541423,0.7273836149,1.45476723,0.6044978964,0.2090789882,0.668845573
next_move_matches_sweep_direction__book_flow_plus_sweep,next_move_matches_sweep_direction,classification,naive,8,292326,42852,2026-08-20T08:31:54.433Z,next_move_matches_sweep_direction,book_flow_plus_sweep,42840,21420,0.5,0.5,0.5,1,0.6931471806,0.25,0.5
next_move_matches_sweep_direction__book_flow_plus_sweep,next_move_matches_sweep_direction,classification,linear,8,292326,42852,2026-08-20T08:31:54.433Z,next_move_matches_sweep_direction,book_flow_plus_sweep,42840,21420,0.5,0.7389443849,0.7351118531,1.470223706,0.6026365243,0.2080682572,0.6715219421
next_move_matches_sweep_direction__book_flow_plus_sweep,next_move_matches_sweep_direction,classification,lightgbm,8,292326,42852,2026-08-20T08:31:54.433Z,next_move_matches_sweep_direction,book_flow_plus_sweep,42840,21420,0.5,0.7437039892,0.7435068487,1.487013697,0.5918678504,0.2047279333,0.6763071895
next_move_matches_sweep_direction__book_flow_plus_sweep,next_move_matches_sweep_direction,classification,naive,9,335166,42854,2026-08-20T14:29:02.116Z,next_move_matches_sweep_direction,book_flow_plus_sweep,42836,21418,0.5,0.5,0.5,1,0.6931471806,0.25,0.5
next_move_matches_sweep_direction__book_flow_plus_sweep,next_move_matches_sweep_direction,classification,linear,9,335166,42854,2026-08-20T14:29:02.116Z,next_move_matches_sweep_direction,book_flow_plus_sweep,42836,21418,0.5,0.7268994086,0.7248411327,1.449682265,0.6096248348,0.2114348633,0.6631805024
next_move_matches_sweep_direction__book_flow_plus_sweep,next_move_matches_sweep_direction,classification,lightgbm,9,335166,42854,2026-08-20T14:29:02.116Z,next_move_matches_sweep_direction,book_flow_plus_sweep,42836,21418,0.5,0.7301155917,0.7311506051,1.46230121,0.6009453014,0.2089454216,0.6621299841
directional_sign_250ms__obi,directional_sign_250ms,classification,naive,1,2170,42856,2026-08-18T14:52:00.649Z,directional_sign_250ms,obi,1600,800,0.5,0.5,0.5,1,0.6931471806,0.25,0.5
directional_sign_250ms__obi,directional_sign_250ms,classification,linear,1,2170,42856,2026-08-18T14:52:00.649Z,directional_sign_250ms,obi,1600,800,0.5,0.9869609375,0.9873891067,1.974778213,0.1638179073,0.04629902799,0.93375
directional_sign_250ms__obi,directional_sign_250ms,classification,lightgbm,1,2170,42856,2026-08-18T14:52:00.649Z,directional_sign_250ms,obi,1600,800,0.5,0.9854289063,0.9842561822,1.968512364,0.1758592412,0.04794314496,0.935625
directional_sign_250ms__obi,directional_sign_250ms,classification,naive,2,3782,42856,2026-08-18T20:49:08.333Z,directional_sign_250ms,obi,1098,549,0.5,0.5,0.5,1,0.6931471806,0.25,0.5
directional_sign_250ms__obi,directional_sign_250ms,classification,linear,2,3782,42856,2026-08-18T20:49:08.333Z,directional_sign_250ms,obi,1098,549,0.5,0.9817518854,0.9824589127,1.964917825,0.1821570977,0.05188229982,0.9344262295
directional_sign_250ms__obi,directional_sign_250ms,classification,lightgbm,2,3782,42856,2026-08-18T20:49:08.333Z,directional_sign_250ms,obi,1098,549,0.5,0.9797711355,0.9803571834,1.960714367,0.1898848322,0.05501936435,0.9371584699
directional_sign_250ms__obi,directional_sign_250ms,classification,naive,3,4880,42850,2026-08-19T02:46:16.016Z,directional_sign_250ms,obi,980,490,0.5,0.5,0.5,1,0.6931471806,0.25,0.5
directional_sign_250ms__obi,directional_sign_250ms,classification,linear,3,4880,42850,2026-08-19T02:46:16.016Z,directional_sign_250ms,obi,980,490,0.5,0.9738067472,0.9695320769,1.939064154,0.2110294947,0.06210738032,0.9163265306
directional_sign_250ms__obi,directional_sign_250ms,classification,lightgbm,3,4880,42850,2026-08-19T02:46:16.016Z,directional_sign_250ms,obi,980,490,0.5,0.9737650979,0.972579971,1.945159942,0.2092633983,0.06196582684,0.9173469388
directional_sign_250ms__obi,directional_sign_250ms,classification,naive,4,5862,42856,2026-08-19T08:43:23.700Z,directional_sign_250ms,obi,2856,1428,0.5,0.5,0.5,1,0.6931471806,0.25,0.5
directional_sign_250ms__obi,directional_sign_250ms,classification,linear,4,5862,42856,2026-08-19T08:43:23.700Z,directional_sign_250ms,obi,2856,1428,0.5,0.9558593045,0.9540559968,1.908111994,0.2773794102,0.08397276665,0.8844537815
directional_sign_250ms__obi,directional_sign_250ms,classification,lightgbm,4,5862,42856,2026-08-19T08:43:23.700Z,directional_sign_250ms,obi,2856,1428,0.5,0.9534953687,0.9524359647,1.904871929,0.2770202376,0.08429403781,0.8802521008
directional_sign_250ms__obi,directional_sign_250ms,classification,naive,5,8700,42856,2026-08-19T14:40:31.383Z,directional_sign_250ms,obi,8984,4492,0.5,0.5,0.5,1,0.6931471806,0.25,0.5
directional_sign_250ms__obi,directional_sign_250ms,classification,linear,5,8700,42856,2026-08-19T14:40:31.383Z,directional_sign_250ms,obi,8984,4492,0.5,0.8664745042,0.8532248961,1.706449792,0.4990118194,0.1553592498,0.786286732
directional_sign_250ms__obi,directional_sign_250ms,classification,lightgbm,5,8700,42856,2026-08-19T14:40:31.383Z,directional_sign_250ms,obi,8984,4492,0.5,0.8636370417,0.84853685,1.6970737,0.5131590502,0.1538096847,0.7829474622
directional_sign_250ms__obi,directional_sign_250ms,classification,naive,6,17682,42846,2026-08-19T20:37:39.066Z,directional_sign_250ms,obi,8324,4162,0.5,0.5,0.5,1,0.6931471806,0.25,0.5
directional_sign_250ms__obi,directional_sign_250ms,classification,linear,6,17682,42846,2026-08-19T20:37:39.066Z,directional_sign_250ms,obi,8324,4162,0.5,0.8868360531,0.8823550822,1.764710164,0.4366511167,0.1389706111,0.8051417588
directional_sign_250ms__obi,directional_sign_250ms,classification,lightgbm,6,17682,42846,2026-08-19T20:37:39.066Z,directional_sign_250ms,obi,8324,4162,0.5,0.8834109772,0.8757853891,1.751570778,0.4403010532,0.1384644048,0.8063431043
directional_sign_250ms__obi,directional_sign_250ms,classification,naive,7,26010,42852,2026-08-20T02:34:46.750Z,directional_sign_250ms,obi,5186,2593,0.5,0.5,0.5,1,0.6931471806,0.25,0.5
directional_sign_250ms__obi,directional_sign_250ms,classification,linear,7,26010,42852,2026-08-20T02:34:46.750Z,directional_sign_250ms,obi,5186,2593,0.5,0.9074306972,0.8992613269,1.798522654,0.3925314383,0.1213442115,0.8322406479
directional_sign_250ms__obi,directional_sign_250ms,classification,lightgbm,7,26010,42852,2026-08-20T02:34:46.750Z,directional_sign_250ms,obi,5186,2593,0.5,0.906096972,0.896275235,1.79255047,0.3928627253,0.1204595085,0.829733899
directional_sign_250ms__obi,directional_sign_250ms,classification,naive,8,31152,42852,2026-08-20T08:31:54.433Z,directional_sign_250ms,obi,10866,5433,0.5,0.5,0.5,1,0.6931471806,0.25,0.5
directional_sign_250ms__obi,directional_sign_250ms,classification,linear,8,31152,42852,2026-08-20T08:31:54.433Z,directional_sign_250ms,obi,10866,5433,0.5,0.8840673744,0.8716698701,1.74333974,0.4336874796,0.1361933806,0.813362783
directional_sign_250ms__obi,directional_sign_250ms,classification,lightgbm,8,31152,42852,2026-08-20T08:31:54.433Z,directional_sign_250ms,obi,10866,5433,0.5,0.8816305818,0.8706769686,1.741353937,0.4379144057,0.1364524772,0.8149272962
directional_sign_250ms__obi,directional_sign_250ms,classification,naive,9,42026,42854,2026-08-20T14:29:02.116Z,directional_sign_250ms,obi,8362,4181,0.5,0.5,0.5,1,0.6931471806,0.25,0.5
directional_sign_250ms__obi,directional_sign_250ms,classification,linear,9,42026,42854,2026-08-20T14:29:02.116Z,directional_sign_250ms,obi,8362,4181,0.5,0.9064351089,0.8990360715,1.798072143,0.389267264,0.1201754981,0.8356852428
directional_sign_250ms__obi,directional_sign_250ms,classification,lightgbm,9,42026,42854,2026-08-20T14:29:02.116Z,directional_sign_250ms,obi,8362,4181,0.5,0.9046509474,0.8961875347,1.792375069,0.3901297388,0.1204912846,0.8337718249
directional_sign_250ms__sweep_only,directional_sign_250ms,classification,naive,1,2170,42856,2026-08-18T14:52:00.649Z,directional_sign_250ms,sweep_only,1600,800,0.5,0.5,0.5,1,0.6931471806,0.25,0.5
directional_sign_250ms__sweep_only,directional_sign_250ms,classification,linear,1,2170,42856,2026-08-18T14:52:00.649Z,directional_sign_250ms,sweep_only,1600,800,0.5,0.9238328125,0.9277633337,1.855526667,0.4466500045,0.1429128475,0.801875
directional_sign_250ms__sweep_only,directional_sign_250ms,classification,lightgbm,1,2170,42856,2026-08-18T14:52:00.649Z,directional_sign_250ms,sweep_only,1600,800,0.5,0.9124992187,0.9012405738,1.802481148,0.3776261024,0.1129077751,0.855625
directional_sign_250ms__sweep_only,directional_sign_250ms,classification,naive,2,3782,42856,2026-08-18T20:49:08.333Z,directional_sign_250ms,sweep_only,1098,549,0.5,0.5,0.5,1,0.6931471806,0.25,0.5
directional_sign_250ms__sweep_only,directional_sign_250ms,classification,linear,2,3782,42856,2026-08-18T20:49:08.333Z,directional_sign_250ms,sweep_only,1098,549,0.5,0.9288622135,0.9321205722,1.864241144,0.4620388061,0.1489018707,0.7714025501
directional_sign_250ms__sweep_only,directional_sign_250ms,classification,lightgbm,2,3782,42856,2026-08-18T20:49:08.333Z,directional_sign_250ms,sweep_only,1098,549,0.5,0.9259790114,0.9238024955,1.847604991,0.35871262,0.1089054196,0.8561020036
directional_sign_250ms__sweep_only,directional_sign_250ms,classification,naive,3,4880,42850,2026-08-19T02:46:16.016Z,directional_sign_250ms,sweep_only,980,490,0.5,0.5,0.5,1,0.6931471806,0.25,0.5
directional_sign_250ms__sweep_only,directional_sign_250ms,classification,linear,3,4880,42850,2026-08-19T02:46:16.016Z,directional_sign_250ms,sweep_only,980,490,0.5,0.945487297,0.9416010553,1.883202111,0.4650676222,0.1509947683,0.7673469388
directional_sign_250ms__sweep_only,directional_sign_250ms,classification,lightgbm,3,4880,42850,2026-08-19T02:46:16.016Z,directional_sign_250ms,sweep_only,980,490,0.5,0.9454956268,0.9440784596,1.888156919,0.3325298132,0.1023740227,0.8520408163
directional_sign_250ms__sweep_only,directional_sign_250ms,classification,naive,4,5862,42856,2026-08-19T08:43:23.700Z,directional_sign_250ms,sweep_only,2856,1428,0.5,0.5,0.5,1,0.6931471806,0.25,0.5
directional_sign_250ms__sweep_only,directional_sign_250ms,classification,linear,4,5862,42856,2026-08-19T08:43:23.700Z,directional_sign_250ms,sweep_only,2856,1428,0.5,0.8858965155,0.8906784491,1.781356898,0.5235174722,0.1528511757,0.7955182073
directional_sign_250ms__sweep_only,directional_sign_250ms,classification,lightgbm,4,5862,42856,2026-08-19T08:43:23.700Z,directional_sign_250ms,sweep_only,2856,1428,0.5,0.8824730873,0.8818937008,1.763787402,0.5246088421,0.176072363,0.7489495798
directional_sign_250ms__sweep_only,directional_sign_250ms,classification,naive,5,8700,42856,2026-08-19T14:40:31.383Z,directional_sign_250ms,sweep_only,8984,4492,0.5,0.5,0.5,1,0.6931471806,0.25,0.5
directional_sign_250ms__sweep_only,directional_sign_250ms,classification,linear,5,8700,42856,2026-08-19T14:40:31.383Z,directional_sign_250ms,sweep_only,8984,4492,0.5,0.786920093,0.7817741565,1.563548313,0.9522037618,0.243149306,0.6921193232
directional_sign_250ms__sweep_only,directional_sign_250ms,classification,lightgbm,5,8700,42856,2026-08-19T14:40:31.383Z,directional_sign_250ms,sweep_only,8984,4492,0.5,0.782129792,0.7669862807,1.533972561,0.7844196619,0.2592739762,0.6300089047
directional_sign_250ms__sweep_only,directional_sign_250ms,classification,naive,6,17682,42846,2026-08-19T20:37:39.066Z,directional_sign_250ms,sweep_only,8324,4162,0.5,0.5,0.5,1,0.6931471806,0.25,0.5
directional_sign_250ms__sweep_only,directional_sign_250ms,classification,linear,6,17682,42846,2026-08-19T20:37:39.066Z,directional_sign_250ms,sweep_only,8324,4162,0.5,0.8151214415,0.8040622749,1.60812455,0.5565662557,0.1864952131,0.7221287842
directional_sign_250ms__sweep_only,directional_sign_250ms,classification,lightgbm,6,17682,42846,2026-08-19T20:37:39.066Z,directional_sign_250ms,sweep_only,8324,4162,0.5,0.8083192917,0.7927884373,1.585576875,0.5438912083,0.182688176,0.7284959154
directional_sign_250ms__sweep_only,directional_sign_250ms,classification,naive,7,26010,42852,2026-08-20T02:34:46.750Z,directional_sign_250ms,sweep_only,5186,2593,0.5,0.5,0.5,1,0.6931471806,0.25,0.5
directional_sign_250ms__sweep_only,directional_sign_250ms,classification,linear,7,26010,42852,2026-08-20T02:34:46.750Z,directional_sign_250ms,sweep_only,5186,2593,0.5,0.8151490359,0.7913206327,1.582641265,0.5691215405,0.190939435,0.7076745083
directional_sign_250ms__sweep_only,directional_sign_250ms,classification,lightgbm,7,26010,42852,2026-08-20T02:34:46.750Z,directional_sign_250ms,sweep_only,5186,2593,0.5,0.8141968743,0.7860204051,1.57204081,0.5137225344,0.1701971896,0.7543386039
directional_sign_250ms__sweep_only,directional_sign_250ms,classification,naive,8,31152,42852,2026-08-20T08:31:54.433Z,directional_sign_250ms,sweep_only,10866,5433,0.5,0.5,0.5,1,0.6931471806,0.25,0.5
directional_sign_250ms__sweep_only,directional_sign_250ms,classification,linear,8,31152,42852,2026-08-20T08:31:54.433Z,directional_sign_250ms,sweep_only,10866,5433,0.5,0.8286249044,0.8200923722,1.640184744,0.5380385298,0.1783851149,0.7462727775
directional_sign_250ms__sweep_only,directional_sign_250ms,classification,lightgbm,8,31152,42852,2026-08-20T08:31:54.433Z,directional_sign_250ms,sweep_only,10866,5433,0.5,0.8208747363,0.808457051,1.616914102,0.559392987,0.1900213005,0.7116694276
directional_sign_250ms__sweep_only,directional_sign_250ms,classification,naive,9,42026,42854,2026-08-20T14:29:02.116Z,directional_sign_250ms,sweep_only,8362,4181,0.5,0.5,0.5,1,0.6931471806,0.25,0.5
directional_sign_250ms__sweep_only,directional_sign_250ms,classification,linear,9,42026,42854,2026-08-20T14:29:02.116Z,directional_sign_250ms,sweep_only,8362,4181,0.5,0.8561909862,0.8533993711,1.706798742,0.50279864,0.1643390506,0.7682372638
directional_sign_250ms__sweep_only,directional_sign_250ms,classification,lightgbm,9,42026,42854,2026-08-20T14:29:02.116Z,directional_sign_250ms,sweep_only,8362,4181,0.5,0.8550568536,0.8511253188,1.702250638,0.5023283848,0.1651475995,0.76943315
directional_sign_250ms__book_flow,directional_sign_250ms,classification,naive,1,2170,42856,2026-08-18T14:52:00.649Z,directional_sign_250ms,book_flow,1600,800,0.5,0.5,0.5,1,0.6931471806,0.25,0.5
directional_sign_250ms__book_flow,directional_sign_250ms,classification,linear,1,2170,42856,2026-08-18T14:52:00.649Z,directional_sign_250ms,book_flow,1600,800,0.5,0.98536875,0.9857645977,1.971529195,0.1591033801,0.04594925915,0.935
directional_sign_250ms__book_flow,directional_sign_250ms,classification,lightgbm,1,2170,42856,2026-08-18T14:52:00.649Z,directional_sign_250ms,book_flow,1600,800,0.5,0.9868140625,0.9871555162,1.974311032,0.1598539099,0.04377753726,0.93875
directional_sign_250ms__book_flow,directional_sign_250ms,classification,naive,2,3782,42856,2026-08-18T20:49:08.333Z,directional_sign_250ms,book_flow,1098,549,0.5,0.5,0.5,1,0.6931471806,0.25,0.5
directional_sign_250ms__book_flow,directional_sign_250ms,classification,linear,2,3782,42856,2026-08-18T20:49:08.333Z,directional_sign_250ms,book_flow,1098,549,0.5,0.9862210145,0.9866878328,1.973375666,0.1540183713,0.04617112578,0.9398907104
directional_sign_250ms__book_flow,directional_sign_250ms,classification,lightgbm,2,3782,42856,2026-08-18T20:49:08.333Z,directional_sign_250ms,book_flow,1098,549,0.5,0.9852057558,0.9853278629,1.970655726,0.154323313,0.04455051438,0.941712204
directional_sign_250ms__book_flow,directional_sign_250ms,classification,naive,3,4880,42850,2026-08-19T02:46:16.016Z,directional_sign_250ms,book_flow,980,490,0.5,0.5,0.5,1,0.6931471806,0.25,0.5
directional_sign_250ms__book_flow,directional_sign_250ms,classification,linear,3,4880,42850,2026-08-19T02:46:16.016Z,directional_sign_250ms,book_flow,980,490,0.5,0.9759579342,0.9715039733,1.943007947,0.2032902529,0.05840589351,0.9306122449
directional_sign_250ms__book_flow,directional_sign_250ms,classification,lightgbm,3,4880,42850,2026-08-19T02:46:16.016Z,directional_sign_250ms,book_flow,980,490,0.5,0.9792794669,0.9777344777,1.955468955,0.1835508736,0.05416416646,0.9265306122
directional_sign_250ms__book_flow,directional_sign_250ms,classification,naive,4,5862,42856,2026-08-19T08:43:23.700Z,directional_sign_250ms,book_flow,2856,1428,0.5,0.5,0.5,1,0.6931471806,0.25,0.5
directional_sign_250ms__book_flow,directional_sign_250ms,classification,linear,4,5862,42856,2026-08-19T08:43:23.700Z,directional_sign_250ms,book_flow,2856,1428,0.5,0.9609995959,0.9586690526,1.917338105,0.2540925838,0.07549891917,0.899859944
directional_sign_250ms__book_flow,directional_sign_250ms,classification,lightgbm,4,5862,42856,2026-08-19T08:43:23.700Z,directional_sign_250ms,book_flow,2856,1428,0.5,0.9641160386,0.9641837469,1.928367494,0.2447117323,0.07415124294,0.8942577031
directional_sign_250ms__book_flow,directional_sign_250ms,classification,naive,5,8700,42856,2026-08-19T14:40:31.383Z,directional_sign_250ms,book_flow,8984,4492,0.5,0.5,0.5,1,0.6931471806,0.25,0.5
directional_sign_250ms__book_flow,directional_sign_250ms,classification,linear,5,8700,42856,2026-08-19T14:40:31.383Z,directional_sign_250ms,book_flow,8984,4492,0.5,0.8711759711,0.8564502784,1.712900557,0.5187998195,0.1508566165,0.8014247551
directional_sign_250ms__book_flow,directional_sign_250ms,classification,lightgbm,5,8700,42856,2026-08-19T14:40:31.383Z,directional_sign_250ms,book_flow,8984,4492,0.5,0.8852736814,0.882983428,1.765966856,0.4508699432,0.1427297569,0.8013134461
directional_sign_250ms__book_flow,directional_sign_250ms,classification,naive,6,17682,42846,2026-08-19T20:37:39.066Z,directional_sign_250ms,book_flow,8324,4162,0.5,0.5,0.5,1,0.6931471806,0.25,0.5
directional_sign_250ms__book_flow,directional_sign_250ms,classification,linear,6,17682,42846,2026-08-19T20:37:39.066Z,directional_sign_250ms,book_flow,8324,4162,0.5,0.8947718898,0.8911515552,1.78230311,0.4182200407,0.1321619213,0.8143921192
directional_sign_250ms__book_flow,directional_sign_250ms,classification,lightgbm,6,17682,42846,2026-08-19T20:37:39.066Z,directional_sign_250ms,book_flow,8324,4162,0.5,0.9066804509,0.9064460904,1.812892181,0.3951537287,0.124993999,0.8175156175
directional_sign_250ms__book_flow,directional_sign_250ms,classification,naive,7,26010,42852,2026-08-20T02:34:46.750Z,directional_sign_250ms,book_flow,5186,2593,0.5,0.5,0.5,1,0.6931471806,0.25,0.5
directional_sign_250ms__book_flow,directional_sign_250ms,classification,linear,7,26010,42852,2026-08-20T02:34:46.750Z,directional_sign_250ms,book_flow,5186,2593,0.5,0.9158320132,0.9099153495,1.819830699,0.372412629,0.1144988789,0.8457385268
directional_sign_250ms__book_flow,directional_sign_250ms,classification,lightgbm,7,26010,42852,2026-08-20T02:34:46.750Z,directional_sign_250ms,book_flow,5186,2593,0.5,0.938062204,0.9390221833,1.878044367,0.3173340402,0.1002100508,0.8567296568
directional_sign_250ms__book_flow,directional_sign_250ms,classification,naive,8,31152,42852,2026-08-20T08:31:54.433Z,directional_sign_250ms,book_flow,10866,5433,0.5,0.5,0.5,1,0.6931471806,0.25,0.5
directional_sign_250ms__book_flow,directional_sign_250ms,classification,linear,8,31152,42852,2026-08-20T08:31:54.433Z,directional_sign_250ms,book_flow,10866,5433,0.5,0.8897653523,0.880979045,1.76195809,0.4224221936,0.1316237959,0.8223817412
directional_sign_250ms__book_flow,directional_sign_250ms,classification,lightgbm,8,31152,42852,2026-08-20T08:31:54.433Z,directional_sign_250ms,book_flow,10866,5433,0.5,0.9073460483,0.9027011285,1.805402257,0.3872109392,0.1208271019,0.8312166391
directional_sign_250ms__book_flow,directional_sign_250ms,classification,naive,9,42026,42854,2026-08-20T14:29:02.116Z,directional_sign_250ms,book_flow,8362,4181,0.5,0.5,0.5,1,0.6931471806,0.25,0.5
directional_sign_250ms__book_flow,directional_sign_250ms,classification,linear,9,42026,42854,2026-08-20T14:29:02.116Z,directional_sign_250ms,book_flow,8362,4181,0.5,0.9114318593,0.9035138426,1.807027685,0.3766078513,0.1156812618,0.842143028
directional_sign_250ms__book_flow,directional_sign_250ms,classification,lightgbm,9,42026,42854,2026-08-20T14:29:02.116Z,directional_sign_250ms,book_flow,8362,4181,0.5,0.9302211157,0.9279792122,1.855958424,0.3366335906,0.1030055536,0.8587658455
directional_sign_250ms__book_flow_plus_sweep,directional_sign_250ms,classification,naive,1,2170,42856,2026-08-18T14:52:00.649Z,directional_sign_250ms,book_flow_plus_sweep,1600,800,0.5,0.5,0.5,1,0.6931471806,0.25,0.5
directional_sign_250ms__book_flow_plus_sweep,directional_sign_250ms,classification,linear,1,2170,42856,2026-08-18T14:52:00.649Z,directional_sign_250ms,book_flow_plus_sweep,1600,800,0.5,0.98513125,0.9855170254,1.971034051,0.1573167573,0.044841744,0.9375
directional_sign_250ms__book_flow_plus_sweep,directional_sign_250ms,classification,lightgbm,1,2170,42856,2026-08-18T14:52:00.649Z,directional_sign_250ms,book_flow_plus_sweep,1600,800,0.5,0.986715625,0.9871281335,1.974256267,0.1597139905,0.04376758557,0.941875
directional_sign_250ms__book_flow_plus_sweep,directional_sign_250ms,classification,naive,2,3782,42856,2026-08-18T20:49:08.333Z,directional_sign_250ms,book_flow_plus_sweep,1098,549,0.5,0.5,0.5,1,0.6931471806,0.25,0.5
directional_sign_250ms__book_flow_plus_sweep,directional_sign_250ms,classification,linear,2,3782,42856,2026-08-18T20:49:08.333Z,directional_sign_250ms,book_flow_plus_sweep,1098,549,0.5,0.9869277142,0.9874962223,1.974992445,0.1510487505,0.04521569897,0.9408014572
directional_sign_250ms__book_flow_plus_sweep,directional_sign_250ms,classification,lightgbm,2,3782,42856,2026-08-18T20:49:08.333Z,directional_sign_250ms,book_flow_plus_sweep,1098,549,0.5,0.9856038965,0.9862213491,1.972442698,0.1530333854,0.04427325268,0.9389799636
directional_sign_250ms__book_flow_plus_sweep,directional_sign_250ms,classification,naive,3,4880,42850,2026-08-19T02:46:16.016Z,directional_sign_250ms,book_flow_plus_sweep,980,490,0.5,0.5,0.5,1,0.6931471806,0.25,0.5
directional_sign_250ms__book_flow_plus_sweep,directional_sign_250ms,classification,linear,3,4880,42850,2026-08-19T02:46:16.016Z,directional_sign_250ms,book_flow_plus_sweep,980,490,0.5,0.9769471054,0.9736557157,1.947311431,0.1990145374,0.05732704315,0.9295918367
directional_sign_250ms__book_flow_plus_sweep,directional_sign_250ms,classification,lightgbm,3,4880,42850,2026-08-19T02:46:16.016Z,directional_sign_250ms,book_flow_plus_sweep,980,490,0.5,0.9800708038,0.9801701386,1.960340277,0.1810822931,0.05372870761,0.9316326531
directional_sign_250ms__book_flow_plus_sweep,directional_sign_250ms,classification,naive,4,5862,42856,2026-08-19T08:43:23.700Z,directional_sign_250ms,book_flow_plus_sweep,2856,1428,0.5,0.5,0.5,1,0.6931471806,0.25,0.5
directional_sign_250ms__book_flow_plus_sweep,directional_sign_250ms,classification,linear,4,5862,42856,2026-08-19T08:43:23.700Z,directional_sign_250ms,book_flow_plus_sweep,2856,1428,0.5,0.961788637,0.959254507,1.918509014,0.2544288207,0.07484677482,0.9005602241
directional_sign_250ms__book_flow_plus_sweep,directional_sign_250ms,classification,lightgbm,4,5862,42856,2026-08-19T08:43:23.700Z,directional_sign_250ms,book_flow_plus_sweep,2856,1428,0.5,0.9651772474,0.9643213883,1.928642777,0.2424769123,0.07352522259,0.8960084034
directional_sign_250ms__book_flow_plus_sweep,directional_sign_250ms,classification,naive,5,8700,42856,2026-08-19T14:40:31.383Z,directional_sign_250ms,book_flow_plus_sweep,8984,4492,0.5,0.5,0.5,1,0.6931471806,0.25,0.5
directional_sign_250ms__book_flow_plus_sweep,directional_sign_250ms,classification,linear,5,8700,42856,2026-08-19T14:40:31.383Z,directional_sign_250ms,book_flow_plus_sweep,8984,4492,0.5,0.8777318528,0.8674170575,1.734834115,0.5104254278,0.1472050614,0.8019813001
directional_sign_250ms__book_flow_plus_sweep,directional_sign_250ms,classification,lightgbm,5,8700,42856,2026-08-19T14:40:31.383Z,directional_sign_250ms,book_flow_plus_sweep,8984,4492,0.5,0.8880489724,0.8860439659,1.772087932,0.4458050521,0.1406211531,0.8046527159
directional_sign_250ms__book_flow_plus_sweep,directional_sign_250ms,classification,naive,6,17682,42846,2026-08-19T20:37:39.066Z,directional_sign_250ms,book_flow_plus_sweep,8324,4162,0.5,0.5,0.5,1,0.6931471806,0.25,0.5
directional_sign_250ms__book_flow_plus_sweep,directional_sign_250ms,classification,linear,6,17682,42846,2026-08-19T20:37:39.066Z,directional_sign_250ms,book_flow_plus_sweep,8324,4162,0.5,0.9015239885,0.9024776731,1.804955346,0.4046851432,0.1273353125,0.8230418068
directional_sign_250ms__book_flow_plus_sweep,directional_sign_250ms,classification,lightgbm,6,17682,42846,2026-08-19T20:37:39.066Z,directional_sign_250ms,book_flow_plus_sweep,8324,4162,0.5,0.9116479366,0.9121643695,1.824328739,0.3844149151,0.1209229632,0.8278471889
directional_sign_250ms__book_flow_plus_sweep,directional_sign_250ms,classification,naive,7,26010,42852,2026-08-20T02:34:46.750Z,directional_sign_250ms,book_flow_plus_sweep,5186,2593,0.5,0.5,0.5,1,0.6931471806,0.25,0.5
directional_sign_250ms__book_flow_plus_sweep,directional_sign_250ms,classification,linear,7,26010,42852,2026-08-20T02:34:46.750Z,directional_sign_250ms,book_flow_plus_sweep,5186,2593,0.5,0.9196707026,0.918705661,1.837411322,0.3635103038,0.1116601733,0.8470883147
directional_sign_250ms__book_flow_plus_sweep,directional_sign_250ms,classification,lightgbm,7,26010,42852,2026-08-20T02:34:46.750Z,directional_sign_250ms,book_flow_plus_sweep,5186,2593,0.5,0.9383031446,0.939159741,1.878319482,0.3168021406,0.100074775,0.8557655226
directional_sign_250ms__book_flow_plus_sweep,directional_sign_250ms,classification,naive,8,31152,42852,2026-08-20T08:31:54.433Z,directional_sign_250ms,book_flow_plus_sweep,10866,5433,0.5,0.5,0.5,1,0.6931471806,0.25,0.5
directional_sign_250ms__book_flow_plus_sweep,directional_sign_250ms,classification,linear,8,31152,42852,2026-08-20T08:31:54.433Z,directional_sign_250ms,book_flow_plus_sweep,10866,5433,0.5,0.8982758662,0.8951149257,1.790229851,0.4083480239,0.127084067,0.8276274618
directional_sign_250ms__book_flow_plus_sweep,directional_sign_250ms,classification,lightgbm,8,31152,42852,2026-08-20T08:31:54.433Z,directional_sign_250ms,book_flow_plus_sweep,10866,5433,0.5,0.9106608628,0.9078051461,1.815610292,0.3804519341,0.1190129431,0.8306644579
directional_sign_250ms__book_flow_plus_sweep,directional_sign_250ms,classification,naive,9,42026,42854,2026-08-20T14:29:02.116Z,directional_sign_250ms,book_flow_plus_sweep,8362,4181,0.5,0.5,0.5,1,0.6931471806,0.25,0.5
directional_sign_250ms__book_flow_plus_sweep,directional_sign_250ms,classification,linear,9,42026,42854,2026-08-20T14:29:02.116Z,directional_sign_250ms,book_flow_plus_sweep,8362,4181,0.5,0.9194859995,0.9190311708,1.838062342,0.3597273188,0.1102837491,0.8502750538
directional_sign_250ms__book_flow_plus_sweep,directional_sign_250ms,classification,lightgbm,9,42026,42854,2026-08-20T14:29:02.116Z,directional_sign_250ms,book_flow_plus_sweep,8362,4181,0.5,0.9331647518,0.9325882283,1.865176457,0.3299881774,0.1010503541,0.8618751495
directional_sign_500ms__obi,directional_sign_500ms,classification,naive,1,3714,42856,2026-08-18T14:52:00.649Z,directional_sign_500ms,obi,2938,1469,0.5,0.5,0.5,1,0.6931471806,0.25,0.5
directional_sign_500ms__obi,directional_sign_500ms,classification,linear,1,3714,42856,2026-08-18T14:52:00.649Z,directional_sign_500ms,obi,2938,1469,0.5,0.9708257007,0.9711601321,1.942320264,0.230084871,0.06724235512,0.9094622192
directional_sign_500ms__obi,directional_sign_500ms,classification,lightgbm,1,3714,42856,2026-08-18T14:52:00.649Z,directional_sign_500ms,obi,2938,1469,0.5,0.9683152291,0.9671473341,1.934294668,0.2333556467,0.06916266332,0.9033356025
directional_sign_500ms__obi,directional_sign_500ms,classification,naive,2,6668,42856,2026-08-18T20:49:08.333Z,directional_sign_500ms,obi,2004,1002,0.5,0.5,0.5,1,0.6931471806,0.25,0.5
directional_sign_500ms__obi,directional_sign_500ms,classification,linear,2,6668,42856,2026-08-18T20:49:08.333Z,directional_sign_500ms,obi,2004,1002,0.5,0.9632561225,0.9603235306,1.920647061,0.2463310324,0.07154477429,0.9111776447
directional_sign_500ms__obi,directional_sign_500ms,classification,lightgbm,2,6668,42856,2026-08-18T20:49:08.333Z,directional_sign_500ms,obi,2004,1002,0.5,0.9607113119,0.9573232465,1.914646493,0.2486961379,0.07213328263,0.9056886228
directional_sign_500ms__obi,directional_sign_500ms,classification,naive,3,8674,42850,2026-08-19T02:46:16.016Z,directional_sign_500ms,obi,1776,888,0.5,0.5,0.5,1,0.6931471806,0.25,0.5
directional_sign_500ms__obi,directional_sign_500ms,classification,linear,3,8674,42850,2026-08-19T02:46:16.016Z,directional_sign_500ms,obi,1776,888,0.5,0.968559776,0.9644995557,1.928999111,0.2291844009,0.06629019872,0.9121621622
directional_sign_500ms__obi,directional_sign_500ms,classification,lightgbm,3,8674,42850,2026-08-19T02:46:16.016Z,directional_sign_500ms,obi,1776,888,0.5,0.9653329427,0.9632014419,1.926402884,0.2370505539,0.06962474432,0.911036036
directional_sign_500ms__obi,directional_sign_500ms,classification,naive,4,10448,42856,2026-08-19T08:43:23.700Z,directional_sign_500ms,obi,5000,2500,0.5,0.5,0.5,1,0.6931471806,0.25,0.5
directional_sign_500ms__obi,directional_sign_500ms,classification,linear,4,10448,42856,2026-08-19T08:43:23.700Z,directional_sign_500ms,obi,5000,2500,0.5,0.91021136,0.9033577295,1.806715459,0.3949901667,0.1236374665,0.8284
directional_sign_500ms__obi,directional_sign_500ms,classification,lightgbm,4,10448,42856,2026-08-19T08:43:23.700Z,directional_sign_500ms,obi,5000,2500,0.5,0.9082656,0.903277687,1.806555374,0.3959581482,0.1226204065,0.8304
directional_sign_500ms__obi,directional_sign_500ms,classification,naive,5,15418,42856,2026-08-19T14:40:31.383Z,directional_sign_500ms,obi,13484,6742,0.5,0.5,0.5,1,0.6931471806,0.25,0.5
directional_sign_500ms__obi,directional_sign_500ms,classification,linear,5,15418,42856,2026-08-19T14:40:31.383Z,directional_sign_500ms,obi,13484,6742,0.5,0.8208630051,0.8035467608,1.607093522,0.5647722942,0.1816935259,0.745179472
directional_sign_500ms__obi,directional_sign_500ms,classification,lightgbm,5,15418,42856,2026-08-19T14:40:31.383Z,directional_sign_500ms,obi,13484,6742,0.5,0.8175985254,0.801134201,1.602268402,0.578030849,0.1807927741,0.7464402255
directional_sign_500ms__obi,directional_sign_500ms,classification,naive,6,28892,42846,2026-08-19T20:37:39.066Z,directional_sign_500ms,obi,12932,6466,0.5,0.5,0.5,1,0.6931471806,0.25,0.5
directional_sign_500ms__obi,directional_sign_500ms,classification,linear,6,28892,42846,2026-08-19T20:37:39.066Z,directional_sign_500ms,obi,12932,6466,0.5,0.8454121748,0.8366657395,1.673331479,0.5008764028,0.1627878061,0.7672440458
directional_sign_500ms__obi,directional_sign_500ms,classification,lightgbm,6,28892,42846,2026-08-19T20:37:39.066Z,directional_sign_500ms,obi,12932,6466,0.5,0.8413946696,0.8268600262,1.653720052,0.5094039196,0.1633365936,0.7676306836
directional_sign_500ms__obi,directional_sign_500ms,classification,naive,7,41842,42852,2026-08-20T02:34:46.750Z,directional_sign_500ms,obi,8226,4113,0.5,0.5,0.5,1,0.6931471806,0.25,0.5
directional_sign_500ms__obi,directional_sign_500ms,classification,linear,7,41842,42852,2026-08-20T02:34:46.750Z,directional_sign_500ms,obi,8226,4113,0.5,0.8805495009,0.8711624251,1.74232485,0.4407359057,0.1395281483,0.8069535619
directional_sign_500ms__obi,directional_sign_500ms,classification,lightgbm,7,41842,42852,2026-08-20T02:34:46.750Z,directional_sign_500ms,obi,8226,4113,0.5,0.8792899519,0.8687154376,1.737430875,0.4402440161,0.1393299861,0.8057379042
directional_sign_500ms__obi,directional_sign_500ms,classification,naive,8,50012,42852,2026-08-20T08:31:54.433Z,directional_sign_500ms,obi,16648,8324,0.5,0.5,0.5,1,0.6931471806,0.25,0.5
directional_sign_500ms__obi,directional_sign_500ms,classification,linear,8,50012,42852,2026-08-20T08:31:54.433Z,directional_sign_500ms,obi,16648,8324,0.5,0.8265347218,0.8087922081,1.617584416,0.5247849245,0.1717944158,0.7578087458
directional_sign_500ms__obi,directional_sign_500ms,classification,lightgbm,8,50012,42852,2026-08-20T08:31:54.433Z,directional_sign_500ms,obi,16648,8324,0.5,0.8239202077,0.8046981067,1.609396213,0.5276532581,0.1712964065,0.7600913023
directional_sign_500ms__obi,directional_sign_500ms,classification,naive,9,66660,42854,2026-08-20T14:29:02.116Z,directional_sign_500ms,obi,13340,6670,0.5,0.5,0.5,1,0.6931471806,0.25,0.5
directional_sign_500ms__obi,directional_sign_500ms,classification,linear,9,66660,42854,2026-08-20T14:29:02.116Z,directional_sign_500ms,obi,13340,6670,0.5,0.8465419464,0.8306627091,1.661325418,0.48860617,0.1582536422,0.7772113943
directional_sign_500ms__obi,directional_sign_500ms,classification,lightgbm,9,66660,42854,2026-08-20T14:29:02.116Z,directional_sign_500ms,obi,13340,6670,0.5,0.8443698316,0.8296182703,1.659236541,0.4918475641,0.1588813099,0.7767616192
directional_sign_500ms__sweep_only,directional_sign_500ms,classification,naive,1,3714,42856,2026-08-18T14:52:00.649Z,directional_sign_500ms,sweep_only,2938,1469,0.5,0.5,0.5,1,0.6931471806,0.25,0.5
directional_sign_500ms__sweep_only,directional_sign_500ms,classification,linear,1,3714,42856,2026-08-18T14:52:00.649Z,directional_sign_500ms,sweep_only,2938,1469,0.5,0.9111825932,0.9102327595,1.820465519,0.5043526825,0.1648304888,0.7675289312
directional_sign_500ms__sweep_only,directional_sign_500ms,classification,lightgbm,1,3714,42856,2026-08-18T14:52:00.649Z,directional_sign_500ms,sweep_only,2938,1469,0.5,0.9074200136,0.8990001765,1.798000353,0.3942410466,0.1217777695,0.8345813479
directional_sign_500ms__sweep_only,directional_sign_500ms,classification,naive,2,6668,42856,2026-08-18T20:49:08.333Z,directional_sign_500ms,sweep_only,2004,1002,0.5,0.5,0.5,1,0.6931471806,0.25,0.5
directional_sign_500ms__sweep_only,directional_sign_500ms,classification,linear,2,6668,42856,2026-08-18T20:49:08.333Z,directional_sign_500ms,sweep_only,2004,1002,0.5,0.9167697539,0.9119008009,1.823801602,0.5086666789,0.1643825555,0.74750499
directional_sign_500ms__sweep_only,directional_sign_500ms,classification,lightgbm,2,6668,42856,2026-08-18T20:49:08.333Z,directional_sign_500ms,sweep_only,2004,1002,0.5,0.9158922674,0.9103442753,1.820688551,0.3806929697,0.1177777991,0.8348303393
directional_sign_500ms__sweep_only,directional_sign_500ms,classification,naive,3,8674,42850,2026-08-19T02:46:16.016Z,directional_sign_500ms,sweep_only,1776,888,0.5,0.5,0.5,1,0.6931471806,0.25,0.5
directional_sign_500ms__sweep_only,directional_sign_500ms,classification,linear,3,8674,42850,2026-08-19T02:46:16.016Z,directional_sign_500ms,sweep_only,1776,888,0.5,0.9372520747,0.9311538233,1.862307647,0.4945929126,0.1612072343,0.7629504505
directional_sign_500ms__sweep_only,directional_sign_500ms,classification,lightgbm,3,8674,42850,2026-08-19T02:46:16.016Z,directional_sign_500ms,sweep_only,1776,888,0.5,0.9366541372,0.9308019447,1.861603889,0.344725052,0.1061544987,0.857545045
directional_sign_500ms__sweep_only,directional_sign_500ms,classification,naive,4,10448,42856,2026-08-19T08:43:23.700Z,directional_sign_500ms,sweep_only,5000,2500,0.5,0.5,0.5,1,0.6931471806,0.25,0.5
directional_sign_500ms__sweep_only,directional_sign_500ms,classification,linear,4,10448,42856,2026-08-19T08:43:23.700Z,directional_sign_500ms,sweep_only,5000,2500,0.5,0.82802792,0.8215820176,1.643164035,0.6816602712,0.1882303297,0.7492
directional_sign_500ms__sweep_only,directional_sign_500ms,classification,lightgbm,4,10448,42856,2026-08-19T08:43:23.700Z,directional_sign_500ms,sweep_only,5000,2500,0.5,0.8232164,0.8112874313,1.622574863,0.6212191137,0.2098911332,0.6898
directional_sign_500ms__sweep_only,directional_sign_500ms,classification,naive,5,15418,42856,2026-08-19T14:40:31.383Z,directional_sign_500ms,sweep_only,13484,6742,0.5,0.5,0.5,1,0.6931471806,0.25,0.5
directional_sign_500ms__sweep_only,directional_sign_500ms,classification,linear,5,15418,42856,2026-08-19T14:40:31.383Z,directional_sign_500ms,sweep_only,13484,6742,0.5,0.7415200485,0.7240640351,1.44812807,0.9447006643,0.2531565163,0.6719074459
directional_sign_500ms__sweep_only,directional_sign_500ms,classification,lightgbm,5,15418,42856,2026-08-19T14:40:31.383Z,directional_sign_500ms,sweep_only,13484,6742,0.5,0.7371698692,0.7117046483,1.423409297,0.7891483909,0.2726366949,0.6056808069
directional_sign_500ms__sweep_only,directional_sign_500ms,classification,naive,6,28892,42846,2026-08-19T20:37:39.066Z,directional_sign_500ms,sweep_only,12932,6466,0.5,0.5,0.5,1,0.6931471806,0.25,0.5
directional_sign_500ms__sweep_only,directional_sign_500ms,classification,linear,6,28892,42846,2026-08-19T20:37:39.066Z,directional_sign_500ms,sweep_only,12932,6466,0.5,0.7757738161,0.7508398205,1.501679641,0.604681351,0.2066510545,0.697339932
directional_sign_500ms__sweep_only,directional_sign_500ms,classification,lightgbm,6,28892,42846,2026-08-19T20:37:39.066Z,directional_sign_500ms,sweep_only,12932,6466,0.5,0.7691521685,0.7422286984,1.484457397,0.5924582065,0.2031879298,0.6864367461
directional_sign_500ms__sweep_only,directional_sign_500ms,classification,naive,7,41842,42852,2026-08-20T02:34:46.750Z,directional_sign_500ms,sweep_only,8226,4113,0.5,0.5,0.5,1,0.6931471806,0.25,0.5
directional_sign_500ms__sweep_only,directional_sign_500ms,classification,linear,7,41842,42852,2026-08-20T02:34:46.750Z,directional_sign_500ms,sweep_only,8226,4113,0.5,0.7914932219,0.7491924269,1.498384854,0.6076333456,0.2070954598,0.6909798201
directional_sign_500ms__sweep_only,directional_sign_500ms,classification,lightgbm,7,41842,42852,2026-08-20T02:34:46.750Z,directional_sign_500ms,sweep_only,8226,4113,0.5,0.7933313684,0.7502120572,1.500424114,0.5441770862,0.1811135021,0.7509117433
directional_sign_500ms__sweep_only,directional_sign_500ms,classification,naive,8,50012,42852,2026-08-20T08:31:54.433Z,directional_sign_500ms,sweep_only,16648,8324,0.5,0.5,0.5,1,0.6931471806,0.25,0.5
directional_sign_500ms__sweep_only,directional_sign_500ms,classification,linear,8,50012,42852,2026-08-20T08:31:54.433Z,directional_sign_500ms,sweep_only,16648,8324,0.5,0.7722847932,0.7532476805,1.506495361,0.6001594489,0.2049154966,0.7032075925
directional_sign_500ms__sweep_only,directional_sign_500ms,classification,lightgbm,8,50012,42852,2026-08-20T08:31:54.433Z,directional_sign_500ms,sweep_only,16648,8324,0.5,0.7561837543,0.7317602082,1.463520416,0.6241736014,0.2178407911,0.6475252283
directional_sign_500ms__sweep_only,directional_sign_500ms,classification,naive,9,66660,42854,2026-08-20T14:29:02.116Z,directional_sign_500ms,sweep_only,13340,6670,0.5,0.5,0.5,1,0.6931471806,0.25,0.5
directional_sign_500ms__sweep_only,directional_sign_500ms,classification,linear,9,66660,42854,2026-08-20T14:29:02.116Z,directional_sign_500ms,sweep_only,13340,6670,0.5,0.791652592,0.7798723971,1.559744794,0.5793356999,0.1965849909,0.7157421289
directional_sign_500ms__sweep_only,directional_sign_500ms,classification,lightgbm,9,66660,42854,2026-08-20T14:29:02.116Z,directional_sign_500ms,sweep_only,13340,6670,0.5,0.7900216571,0.7755049119,1.551009824,0.5794044564,0.1973893456,0.701874063
directional_sign_500ms__book_flow,directional_sign_500ms,classification,naive,1,3714,42856,2026-08-18T14:52:00.649Z,directional_sign_500ms,book_flow,2938,1469,0.5,0.5,0.5,1,0.6931471806,0.25,0.5
directional_sign_500ms__book_flow,directional_sign_500ms,classification,linear,1,3714,42856,2026-08-18T14:52:00.649Z,directional_sign_500ms,book_flow,2938,1469,0.5,0.9740528212,0.9744123475,1.948824695,0.2120135354,0.06150514382,0.9189925119
directional_sign_500ms__book_flow,directional_sign_500ms,classification,lightgbm,1,3714,42856,2026-08-18T14:52:00.649Z,directional_sign_500ms,book_flow,2938,1469,0.5,0.9738035117,0.9742263424,1.948452685,0.2093025196,0.06113163984,0.9179714091
directional_sign_500ms__book_flow,directional_sign_500ms,classification,naive,2,6668,42856,2026-08-18T20:49:08.333Z,directional_sign_500ms,book_flow,2004,1002,0.5,0.5,0.5,1,0.6931471806,0.25,0.5
directional_sign_500ms__book_flow,directional_sign_500ms,classification,linear,2,6668,42856,2026-08-18T20:49:08.333Z,directional_sign_500ms,book_flow,2004,1002,0.5,0.9663836001,0.9629128769,1.925825754,0.2342131793,0.06870596408,0.9126746507
directional_sign_500ms__book_flow,directional_sign_500ms,classification,lightgbm,2,6668,42856,2026-08-18T20:49:08.333Z,directional_sign_500ms,book_flow,2004,1002,0.5,0.9689702431,0.969403967,1.938807934,0.2253875568,0.06534079255,0.9146706587
directional_sign_500ms__book_flow,directional_sign_500ms,classification,naive,3,8674,42850,2026-08-19T02:46:16.016Z,directional_sign_500ms,book_flow,1776,888,0.5,0.5,0.5,1,0.6931471806,0.25,0.5
directional_sign_500ms__book_flow,directional_sign_500ms,classification,linear,3,8674,42850,2026-08-19T02:46:16.016Z,directional_sign_500ms,book_flow,1776,888,0.5,0.9696630752,0.9645305196,1.929061039,0.2219627366,0.06355358391,0.9166666667
directional_sign_500ms__book_flow,directional_sign_500ms,classification,lightgbm,3,8674,42850,2026-08-19T02:46:16.016Z,directional_sign_500ms,book_flow,1776,888,0.5,0.971753003,0.9673411831,1.934682366,0.2134916133,0.06218803568,0.9149774775
directional_sign_500ms__book_flow,directional_sign_500ms,classification,naive,4,10448,42856,2026-08-19T08:43:23.700Z,directional_sign_500ms,book_flow,5000,2500,0.5,0.5,0.5,1,0.6931471806,0.25,0.5
directional_sign_500ms__book_flow,directional_sign_500ms,classification,linear,4,10448,42856,2026-08-19T08:43:23.700Z,directional_sign_500ms,book_flow,5000,2500,0.5,0.91398672,0.9094677864,1.818935573,0.3847971564,0.11901479,0.834
directional_sign_500ms__book_flow,directional_sign_500ms,classification,lightgbm,4,10448,42856,2026-08-19T08:43:23.700Z,directional_sign_500ms,book_flow,5000,2500,0.5,0.91470432,0.9142447987,1.828489597,0.3770487295,0.1184180549,0.83
directional_sign_500ms__book_flow,directional_sign_500ms,classification,naive,5,15418,42856,2026-08-19T14:40:31.383Z,directional_sign_500ms,book_flow,13484,6742,0.5,0.5,0.5,1,0.6931471806,0.25,0.5
directional_sign_500ms__book_flow,directional_sign_500ms,classification,linear,5,15418,42856,2026-08-19T14:40:31.383Z,directional_sign_500ms,book_flow,13484,6742,0.5,0.8262072539,0.8111040234,1.622208047,0.5622331817,0.1769354121,0.7551171759
directional_sign_500ms__book_flow,directional_sign_500ms,classification,lightgbm,5,15418,42856,2026-08-19T14:40:31.383Z,directional_sign_500ms,book_flow,13484,6742,0.5,0.8389491097,0.8368734239,1.673746848,0.509692383,0.1681149083,0.7560812815
directional_sign_500ms__book_flow,directional_sign_500ms,classification,naive,6,28892,42846,2026-08-19T20:37:39.066Z,directional_sign_500ms,book_flow,12932,6466,0.5,0.5,0.5,1,0.6931471806,0.25,0.5
directional_sign_500ms__book_flow,directional_sign_500ms,classification,linear,6,28892,42846,2026-08-19T20:37:39.066Z,directional_sign_500ms,book_flow,12932,6466,0.5,0.8540582355,0.847580073,1.695160146,0.4851458962,0.1571964154,0.7756727498
directional_sign_500ms__book_flow,directional_sign_500ms,classification,lightgbm,6,28892,42846,2026-08-19T20:37:39.066Z,directional_sign_500ms,book_flow,12932,6466,0.5,0.862717511,0.8587998457,1.717599691,0.4700904676,0.1519989128,0.7770646458
directional_sign_500ms__book_flow,directional_sign_500ms,classification,naive,7,41842,42852,2026-08-20T02:34:46.750Z,directional_sign_500ms,book_flow,8226,4113,0.5,0.5,0.5,1,0.6931471806,0.25,0.5
directional_sign_500ms__book_flow,directional_sign_500ms,classification,linear,7,41842,42852,2026-08-20T02:34:46.750Z,directional_sign_500ms,book_flow,8226,4113,0.5,0.8865268244,0.8786882512,1.757376502,0.4284371869,0.1354465232,0.8140043764
directional_sign_500ms__book_flow,directional_sign_500ms,classification,lightgbm,7,41842,42852,2026-08-20T02:34:46.750Z,directional_sign_500ms,book_flow,8226,4113,0.5,0.9036237357,0.9022473794,1.804494759,0.3944249113,0.1253635287,0.8181376124
directional_sign_500ms__book_flow,directional_sign_500ms,classification,naive,8,50012,42852,2026-08-20T08:31:54.433Z,directional_sign_500ms,book_flow,16648,8324,0.5,0.5,0.5,1,0.6931471806,0.25,0.5
directional_sign_500ms__book_flow,directional_sign_500ms,classification,linear,8,50012,42852,2026-08-20T08:31:54.433Z,directional_sign_500ms,book_flow,16648,8324,0.5,0.8316433844,0.8188947395,1.637789479,0.5179899714,0.1690758559,0.7657376261
directional_sign_500ms__book_flow,directional_sign_500ms,classification,lightgbm,8,50012,42852,2026-08-20T08:31:54.433Z,directional_sign_500ms,book_flow,16648,8324,0.5,0.8466191216,0.8391347763,1.678269553,0.4885233669,0.159532934,0.7668188371
directional_sign_500ms__book_flow,directional_sign_500ms,classification,naive,9,66660,42854,2026-08-20T14:29:02.116Z,directional_sign_500ms,book_flow,13340,6670,0.5,0.5,0.5,1,0.6931471806,0.25,0.5
directional_sign_500ms__book_flow,directional_sign_500ms,classification,linear,9,66660,42854,2026-08-20T14:29:02.116Z,directional_sign_500ms,book_flow,13340,6670,0.5,0.8502012524,0.8348567578,1.669713516,0.4842740406,0.1561774614,0.7806596702
directional_sign_500ms__book_flow,directional_sign_500ms,classification,lightgbm,9,66660,42854,2026-08-20T14:29:02.116Z,directional_sign_500ms,book_flow,13340,6670,0.5,0.8660761448,0.8589960848,1.71799217,0.4589109661,0.148010638,0.7865067466
directional_sign_500ms__book_flow_plus_sweep,directional_sign_500ms,classification,naive,1,3714,42856,2026-08-18T14:52:00.649Z,directional_sign_500ms,book_flow_plus_sweep,2938,1469,0.5,0.5,0.5,1,0.6931471806,0.25,0.5
directional_sign_500ms__book_flow_plus_sweep,directional_sign_500ms,classification,linear,1,3714,42856,2026-08-18T14:52:00.649Z,directional_sign_500ms,book_flow_plus_sweep,2938,1469,0.5,0.9740588454,0.9733863756,1.946772751,0.2108133918,0.0607318835,0.9203539823
directional_sign_500ms__book_flow_plus_sweep,directional_sign_500ms,classification,lightgbm,1,3714,42856,2026-08-18T14:52:00.649Z,directional_sign_500ms,book_flow_plus_sweep,2938,1469,0.5,0.9735681043,0.9738270362,1.947654072,0.2101727731,0.06125088321,0.9186521443
directional_sign_500ms__book_flow_plus_sweep,directional_sign_500ms,classification,naive,2,6668,42856,2026-08-18T20:49:08.333Z,directional_sign_500ms,book_flow_plus_sweep,2004,1002,0.5,0.5,0.5,1,0.6931471806,0.25,0.5
directional_sign_500ms__book_flow_plus_sweep,directional_sign_500ms,classification,linear,2,6668,42856,2026-08-18T20:49:08.333Z,directional_sign_500ms,book_flow_plus_sweep,2004,1002,0.5,0.9666684595,0.9640218107,1.928043621,0.2329815598,0.06822965421,0.9116766467
directional_sign_500ms__book_flow_plus_sweep,directional_sign_500ms,classification,lightgbm,2,6668,42856,2026-08-18T20:49:08.333Z,directional_sign_500ms,book_flow_plus_sweep,2004,1002,0.5,0.968288971,0.9691687418,1.938337484,0.2274611746,0.06587440446,0.9156686627
directional_sign_500ms__book_flow_plus_sweep,directional_sign_500ms,classification,naive,3,8674,42850,2026-08-19T02:46:16.016Z,directional_sign_500ms,book_flow_plus_sweep,1776,888,0.5,0.5,0.5,1,0.6931471806,0.25,0.5
directional_sign_500ms__book_flow_plus_sweep,directional_sign_500ms,classification,linear,3,8674,42850,2026-08-19T02:46:16.016Z,directional_sign_500ms,book_flow_plus_sweep,1776,888,0.5,0.9703047642,0.9664322355,1.932864471,0.2196916435,0.06275941291,0.9183558559
directional_sign_500ms__book_flow_plus_sweep,directional_sign_500ms,classification,lightgbm,3,8674,42850,2026-08-19T02:46:16.016Z,directional_sign_500ms,book_flow_plus_sweep,1776,888,0.5,0.9725100946,0.9661034825,1.932206965,0.2105428653,0.0613227009,0.9166666667
directional_sign_500ms__book_flow_plus_sweep,directional_sign_500ms,classification,naive,4,10448,42856,2026-08-19T08:43:23.700Z,directional_sign_500ms,book_flow_plus_sweep,5000,2500,0.5,0.5,0.5,1,0.6931471806,0.25,0.5
directional_sign_500ms__book_flow_plus_sweep,directional_sign_500ms,classification,linear,4,10448,42856,2026-08-19T08:43:23.700Z,directional_sign_500ms,book_flow_plus_sweep,5000,2500,0.5,0.91447088,0.9081190777,1.816238155,0.3881911825,0.1187695245,0.8362
directional_sign_500ms__book_flow_plus_sweep,directional_sign_500ms,classification,lightgbm,4,10448,42856,2026-08-19T08:43:23.700Z,directional_sign_500ms,book_flow_plus_sweep,5000,2500,0.5,0.91630576,0.9153040908,1.830608182,0.3745959876,0.117239073,0.8332
directional_sign_500ms__book_flow_plus_sweep,directional_sign_500ms,classification,naive,5,15418,42856,2026-08-19T14:40:31.383Z,directional_sign_500ms,book_flow_plus_sweep,13484,6742,0.5,0.5,0.5,1,0.6931471806,0.25,0.5
directional_sign_500ms__book_flow_plus_sweep,directional_sign_500ms,classification,linear,5,15418,42856,2026-08-19T14:40:31.383Z,directional_sign_500ms,book_flow_plus_sweep,13484,6742,0.5,0.8293508656,0.817874835,1.63574967,0.5610828528,0.1759267427,0.7554879858
directional_sign_500ms__book_flow_plus_sweep,directional_sign_500ms,classification,lightgbm,5,15418,42856,2026-08-19T14:40:31.383Z,directional_sign_500ms,book_flow_plus_sweep,13484,6742,0.5,0.8398588753,0.8388517216,1.677703443,0.5094632919,0.1678623688,0.7543013942
directional_sign_500ms__book_flow_plus_sweep,directional_sign_500ms,classification,naive,6,28892,42846,2026-08-19T20:37:39.066Z,directional_sign_500ms,book_flow_plus_sweep,12932,6466,0.5,0.5,0.5,1,0.6931471806,0.25,0.5
directional_sign_500ms__book_flow_plus_sweep,directional_sign_500ms,classification,linear,6,28892,42846,2026-08-19T20:37:39.066Z,directional_sign_500ms,book_flow_plus_sweep,12932,6466,0.5,0.857199533,0.8540901083,1.708180217,0.4805213972,0.1554480342,0.7787658521
directional_sign_500ms__book_flow_plus_sweep,directional_sign_500ms,classification,lightgbm,6,28892,42846,2026-08-19T20:37:39.066Z,directional_sign_500ms,book_flow_plus_sweep,12932,6466,0.5,0.8648633567,0.8619086701,1.72381734,0.4658586928,0.15071935,0.7787658521
directional_sign_500ms__book_flow_plus_sweep,directional_sign_500ms,classification,naive,7,41842,42852,2026-08-20T02:34:46.750Z,directional_sign_500ms,book_flow_plus_sweep,8226,4113,0.5,0.5,0.5,1,0.6931471806,0.25,0.5
directional_sign_500ms__book_flow_plus_sweep,directional_sign_500ms,classification,linear,7,41842,42852,2026-08-20T02:34:46.750Z,directional_sign_500ms,book_flow_plus_sweep,8226,4113,0.5,0.8875058825,0.882797565,1.76559513,0.4257372442,0.134300596,0.815220034
directional_sign_500ms__book_flow_plus_sweep,directional_sign_500ms,classification,lightgbm,7,41842,42852,2026-08-20T02:34:46.750Z,directional_sign_500ms,book_flow_plus_sweep,8226,4113,0.5,0.9034228108,0.9026935499,1.8053871,0.3944685761,0.1255088918,0.8171650863
directional_sign_500ms__book_flow_plus_sweep,directional_sign_500ms,classification,naive,8,50012,42852,2026-08-20T08:31:54.433Z,directional_sign_500ms,book_flow_plus_sweep,16648,8324,0.5,0.5,0.5,1,0.6931471806,0.25,0.5
directional_sign_500ms__book_flow_plus_sweep,directional_sign_500ms,classification,linear,8,50012,42852,2026-08-20T08:31:54.433Z,directional_sign_500ms,book_flow_plus_sweep,16648,8324,0.5,0.8362614422,0.8263438483,1.652687697,0.5129561137,0.1670900985,0.7668789044
directional_sign_500ms__book_flow_plus_sweep,directional_sign_500ms,classification,lightgbm,8,50012,42852,2026-08-20T08:31:54.433Z,directional_sign_500ms,book_flow_plus_sweep,16648,8324,0.5,0.849475449,0.8435511199,1.68710224,0.4839044039,0.1579172188,0.7697020663
directional_sign_500ms__book_flow_plus_sweep,directional_sign_500ms,classification,naive,9,66660,42854,2026-08-20T14:29:02.116Z,directional_sign_500ms,book_flow_plus_sweep,13340,6670,0.5,0.5,0.5,1,0.6931471806,0.25,0.5
directional_sign_500ms__book_flow_plus_sweep,directional_sign_500ms,classification,linear,9,66660,42854,2026-08-20T14:29:02.116Z,directional_sign_500ms,book_flow_plus_sweep,13340,6670,0.5,0.855315708,0.8458399469,1.691679894,0.4768917483,0.153495911,0.7847076462
directional_sign_500ms__book_flow_plus_sweep,directional_sign_500ms,classification,lightgbm,9,66660,42854,2026-08-20T14:29:02.116Z,directional_sign_500ms,book_flow_plus_sweep,13340,6670,0.5,0.8689501876,0.8643888229,1.728777646,0.4542421967,0.1463826124,0.7884557721
directional_sign_1000ms__obi,directional_sign_1000ms,classification,naive,1,5972,42856,2026-08-18T14:52:00.649Z,directional_sign_1000ms,obi,4958,2479,0.5,0.5,0.5,1,0.6931471806,0.25,0.5
directional_sign_1000ms__obi,directional_sign_1000ms,classification,linear,1,5972,42856,2026-08-18T14:52:00.649Z,directional_sign_1000ms,obi,4958,2479,0.5,0.9466943056,0.9455139574,1.891027915,0.3054660762,0.09111804371,0.8769665188
directional_sign_1000ms__obi,directional_sign_1000ms,classification,lightgbm,1,5972,42856,2026-08-18T14:52:00.649Z,directional_sign_1000ms,obi,4958,2479,0.5,0.943708515,0.9386366681,1.877273336,0.3097081305,0.09280100372,0.8749495764
directional_sign_1000ms__obi,directional_sign_1000ms,classification,naive,2,10958,42856,2026-08-18T20:49:08.333Z,directional_sign_1000ms,obi,3560,1780,0.5,0.5,0.5,1,0.6931471806,0.25,0.5
directional_sign_1000ms__obi,directional_sign_1000ms,classification,linear,2,10958,42856,2026-08-18T20:49:08.333Z,directional_sign_1000ms,obi,3560,1780,0.5,0.9429352355,0.9397507817,1.879501563,0.3089754369,0.09255951873,0.8786516854
directional_sign_1000ms__obi,directional_sign_1000ms,classification,lightgbm,2,10958,42856,2026-08-18T20:49:08.333Z,directional_sign_1000ms,obi,3560,1780,0.5,0.9412654652,0.9364023743,1.872804749,0.3095621965,0.09281403099,0.8783707865
directional_sign_1000ms__obi,directional_sign_1000ms,classification,naive,3,14520,42850,2026-08-19T02:46:16.016Z,directional_sign_1000ms,obi,3270,1635,0.5,0.5,0.5,1,0.6931471806,0.25,0.5
directional_sign_1000ms__obi,directional_sign_1000ms,classification,linear,3,14520,42850,2026-08-19T02:46:16.016Z,directional_sign_1000ms,obi,3270,1635,0.5,0.9586922163,0.9552249867,1.910449973,0.271290565,0.08051565833,0.8868501529
directional_sign_1000ms__obi,directional_sign_1000ms,classification,lightgbm,3,14520,42850,2026-08-19T02:46:16.016Z,directional_sign_1000ms,obi,3270,1635,0.5,0.9575686671,0.9567820341,1.913564068,0.2705170485,0.0812515957,0.8874617737
directional_sign_1000ms__obi,directional_sign_1000ms,classification,naive,4,17772,42856,2026-08-19T08:43:23.700Z,directional_sign_1000ms,obi,8070,4035,0.5,0.5,0.5,1,0.6931471806,0.25,0.5
directional_sign_1000ms__obi,directional_sign_1000ms,classification,linear,4,17772,42856,2026-08-19T08:43:23.700Z,directional_sign_1000ms,obi,8070,4035,0.5,0.8614755646,0.854900876,1.709801752,0.4868469697,0.1562845969,0.7794299876
directional_sign_1000ms__obi,directional_sign_1000ms,classification,lightgbm,4,17772,42856,2026-08-19T08:43:23.700Z,directional_sign_1000ms,obi,8070,4035,0.5,0.8586986851,0.8481002271,1.696200454,0.4914121756,0.1558594852,0.7802973978
directional_sign_1000ms__obi,directional_sign_1000ms,classification,naive,5,25824,42856,2026-08-19T14:40:31.383Z,directional_sign_1000ms,obi,19310,9655,0.5,0.5,0.5,1,0.6931471806,0.25,0.5
directional_sign_1000ms__obi,directional_sign_1000ms,classification,linear,5,25824,42856,2026-08-19T14:40:31.383Z,directional_sign_1000ms,obi,19310,9655,0.5,0.7733453069,0.7533578541,1.506715708,0.6166517924,0.2051383338,0.7045054376
directional_sign_1000ms__obi,directional_sign_1000ms,classification,lightgbm,5,25824,42856,2026-08-19T14:40:31.383Z,directional_sign_1000ms,obi,19310,9655,0.5,0.7696122546,0.7506650013,1.501330003,0.6283848008,0.2048305473,0.703728638
directional_sign_1000ms__obi,directional_sign_1000ms,classification,naive,6,45126,42846,2026-08-19T20:37:39.066Z,directional_sign_1000ms,obi,19232,9616,0.5,0.5,0.5,1,0.6931471806,0.25,0.5
directional_sign_1000ms__obi,directional_sign_1000ms,classification,linear,6,45126,42846,2026-08-19T20:37:39.066Z,directional_sign_1000ms,obi,19232,9616,0.5,0.7993923127,0.7882918792,1.576583758,0.5609565424,0.1874503444,0.7255615641
directional_sign_1000ms__obi,directional_sign_1000ms,classification,lightgbm,6,45126,42846,2026-08-19T20:37:39.066Z,directional_sign_1000ms,obi,19232,9616,0.5,0.7961803772,0.779078173,1.558156346,0.5686259474,0.1880444154,0.7237936772
directional_sign_1000ms__obi,directional_sign_1000ms,classification,naive,7,64368,42852,2026-08-20T02:34:46.750Z,directional_sign_1000ms,obi,12688,6344,0.5,0.5,0.5,1,0.6931471806,0.25,0.5
directional_sign_1000ms__obi,directional_sign_1000ms,classification,linear,7,64368,42852,2026-08-20T02:34:46.750Z,directional_sign_1000ms,obi,12688,6344,0.5,0.8374733541,0.8242497763,1.648499553,0.5034994969,0.1642135467,0.7681273644
directional_sign_1000ms__obi,directional_sign_1000ms,classification,lightgbm,7,64368,42852,2026-08-20T02:34:46.750Z,directional_sign_1000ms,obi,12688,6344,0.5,0.8349246873,0.8218710338,1.643742068,0.506002565,0.1649034007,0.766314628
directional_sign_1000ms__obi,directional_sign_1000ms,classification,naive,8,76994,42852,2026-08-20T08:31:54.433Z,directional_sign_1000ms,obi,23820,11910,0.5,0.5,0.5,1,0.6931471806,0.25,0.5
directional_sign_1000ms__obi,directional_sign_1000ms,classification,linear,8,76994,42852,2026-08-20T08:31:54.433Z,directional_sign_1000ms,obi,23820,11910,0.5,0.7521889225,0.7283866401,1.45677328,0.6130176683,0.2087017467,0.694038623
directional_sign_1000ms__obi,directional_sign_1000ms,classification,lightgbm,8,76994,42852,2026-08-20T08:31:54.433Z,directional_sign_1000ms,obi,23820,11910,0.5,0.75065034,0.7287273311,1.457454662,0.614434397,0.2080533669,0.6942485306
directional_sign_1000ms__obi,directional_sign_1000ms,classification,naive,9,100814,42854,2026-08-20T14:29:02.116Z,directional_sign_1000ms,obi,19646,9823,0.5,0.5,0.5,1,0.6931471806,0.25,0.5
directional_sign_1000ms__obi,directional_sign_1000ms,classification,linear,9,100814,42854,2026-08-20T14:29:02.116Z,directional_sign_1000ms,obi,19646,9823,0.5,0.7772405954,0.7576226884,1.515245377,0.5735635875,0.1937339304,0.7146492925
directional_sign_1000ms__obi,directional_sign_1000ms,classification,lightgbm,9,100814,42854,2026-08-20T14:29:02.116Z,directional_sign_1000ms,obi,19646,9823,0.5,0.7766176482,0.7580851549,1.51617031,0.5740689045,0.1934586411,0.714191184
directional_sign_1000ms__sweep_only,directional_sign_1000ms,classification,naive,1,5972,42856,2026-08-18T14:52:00.649Z,directional_sign_1000ms,sweep_only,4958,2479,0.5,0.5,0.5,1,0.6931471806,0.25,0.5
directional_sign_1000ms__sweep_only,directional_sign_1000ms,classification,linear,1,5972,42856,2026-08-18T14:52:00.649Z,directional_sign_1000ms,sweep_only,4958,2479,0.5,0.8876201073,0.8818504344,1.763700869,0.555971386,0.1861488621,0.7315449778
directional_sign_1000ms__sweep_only,directional_sign_1000ms,classification,lightgbm,1,5972,42856,2026-08-18T14:52:00.649Z,directional_sign_1000ms,sweep_only,4958,2479,0.5,0.8843459729,0.8728100661,1.745620132,0.4380691427,0.1390240277,0.7974989915
directional_sign_1000ms__sweep_only,directional_sign_1000ms,classification,naive,2,10958,42856,2026-08-18T20:49:08.333Z,directional_sign_1000ms,sweep_only,3560,1780,0.5,0.5,0.5,1,0.6931471806,0.25,0.5
directional_sign_1000ms__sweep_only,directional_sign_1000ms,classification,linear,2,10958,42856,2026-08-18T20:49:08.333Z,directional_sign_1000ms,sweep_only,3560,1780,0.5,0.9016093296,0.8929167866,1.785833573,0.5481433956,0.1804555533,0.7348314607
directional_sign_1000ms__sweep_only,directional_sign_1000ms,classification,lightgbm,2,10958,42856,2026-08-18T20:49:08.333Z,directional_sign_1000ms,sweep_only,3560,1780,0.5,0.900423242,0.8884133415,1.776826683,0.4085972086,0.1276198386,0.8247191011
directional_sign_1000ms__sweep_only,directional_sign_1000ms,classification,naive,3,14520,42850,2026-08-19T02:46:16.016Z,directional_sign_1000ms,sweep_only,3270,1635,0.5,0.5,0.5,1,0.6931471806,0.25,0.5
directional_sign_1000ms__sweep_only,directional_sign_1000ms,classification,linear,3,14520,42850,2026-08-19T02:46:16.016Z,directional_sign_1000ms,sweep_only,3270,1635,0.5,0.9267845019,0.9185490792,1.837098158,0.5381904901,0.1773964882,0.7366972477
directional_sign_1000ms__sweep_only,directional_sign_1000ms,classification,lightgbm,3,14520,42850,2026-08-19T02:46:16.016Z,directional_sign_1000ms,sweep_only,3270,1635,0.5,0.9263227001,0.9163853317,1.832770663,0.3698333836,0.1143099893,0.8409785933
directional_sign_1000ms__sweep_only,directional_sign_1000ms,classification,naive,4,17772,42856,2026-08-19T08:43:23.700Z,directional_sign_1000ms,sweep_only,8070,4035,0.5,0.5,0.5,1,0.6931471806,0.25,0.5
directional_sign_1000ms__sweep_only,directional_sign_1000ms,classification,linear,4,17772,42856,2026-08-19T08:43:23.700Z,directional_sign_1000ms,sweep_only,8070,4035,0.5,0.7802038544,0.7611008659,1.522201732,0.7559374292,0.2122716567,0.7087980173
directional_sign_1000ms__sweep_only,directional_sign_1000ms,classification,lightgbm,4,17772,42856,2026-08-19T08:43:23.700Z,directional_sign_1000ms,sweep_only,8070,4035,0.5,0.7750162227,0.7491471454,1.498294291,0.6597000531,0.2252329074,0.6742255266
directional_sign_1000ms__sweep_only,directional_sign_1000ms,classification,naive,5,25824,42856,2026-08-19T14:40:31.383Z,directional_sign_1000ms,sweep_only,19310,9655,0.5,0.5,0.5,1,0.6931471806,0.25,0.5
directional_sign_1000ms__sweep_only,directional_sign_1000ms,classification,linear,5,25824,42856,2026-08-19T14:40:31.383Z,directional_sign_1000ms,sweep_only,19310,9655,0.5,0.6993977034,0.6732148705,1.346429741,0.9141313132,0.2615013079,0.645624029
directional_sign_1000ms__sweep_only,directional_sign_1000ms,classification,lightgbm,5,25824,42856,2026-08-19T14:40:31.383Z,directional_sign_1000ms,sweep_only,19310,9655,0.5,0.694777536,0.6621126901,1.32422538,0.7882580521,0.2808710771,0.5731227343
directional_sign_1000ms__sweep_only,directional_sign_1000ms,classification,naive,6,45126,42846,2026-08-19T20:37:39.066Z,directional_sign_1000ms,sweep_only,19232,9616,0.5,0.5,0.5,1,0.6931471806,0.25,0.5
directional_sign_1000ms__sweep_only,directional_sign_1000ms,classification,linear,6,45126,42846,2026-08-19T20:37:39.066Z,directional_sign_1000ms,sweep_only,19232,9616,0.5,0.7368909663,0.7078913696,1.415782739,0.635416803,0.2209325857,0.6685212146
directional_sign_1000ms__sweep_only,directional_sign_1000ms,classification,lightgbm,6,45126,42846,2026-08-19T20:37:39.066Z,directional_sign_1000ms,sweep_only,19232,9616,0.5,0.7294842739,0.6965295126,1.393059025,0.6333694903,0.2215818744,0.6429908486
directional_sign_1000ms__sweep_only,directional_sign_1000ms,classification,naive,7,64368,42852,2026-08-20T02:34:46.750Z,directional_sign_1000ms,sweep_only,12688,6344,0.5,0.5,0.5,1,0.6931471806,0.25,0.5
directional_sign_1000ms__sweep_only,directional_sign_1000ms,classification,linear,7,64368,42852,2026-08-20T02:34:46.750Z,directional_sign_1000ms,sweep_only,12688,6344,0.5,0.763245479,0.7133329804,1.426665961,0.6366034539,0.220900155,0.6646437579
directional_sign_1000ms__sweep_only,directional_sign_1000ms,classification,lightgbm,7,64368,42852,2026-08-20T02:34:46.750Z,directional_sign_1000ms,sweep_only,12688,6344,0.5,0.7664209358,0.7180113256,1.436022651,0.5808569224,0.1969385035,0.7219419924
directional_sign_1000ms__sweep_only,directional_sign_1000ms,classification,naive,8,76994,42852,2026-08-20T08:31:54.433Z,directional_sign_1000ms,sweep_only,23820,11910,0.5,0.5,0.5,1,0.6931471806,0.25,0.5
directional_sign_1000ms__sweep_only,directional_sign_1000ms,classification,linear,8,76994,42852,2026-08-20T08:31:54.433Z,directional_sign_1000ms,sweep_only,23820,11910,0.5,0.7082234905,0.6807405471,1.361481094,0.6487195682,0.2267050808,0.6560453401
directional_sign_1000ms__sweep_only,directional_sign_1000ms,classification,lightgbm,8,76994,42852,2026-08-20T08:31:54.433Z,directional_sign_1000ms,sweep_only,23820,11910,0.5,0.6945031974,0.6629687597,1.325937519,0.6688903715,0.2380196775,0.5991603694
directional_sign_1000ms__sweep_only,directional_sign_1000ms,classification,naive,9,100814,42854,2026-08-20T14:29:02.116Z,directional_sign_1000ms,sweep_only,19646,9823,0.5,0.5,0.5,1,0.6931471806,0.25,0.5
directional_sign_1000ms__sweep_only,directional_sign_1000ms,classification,linear,9,100814,42854,2026-08-20T14:29:02.116Z,directional_sign_1000ms,sweep_only,19646,9823,0.5,0.7283083022,0.7112187937,1.422437587,0.6295613261,0.2192274015,0.6639519495
directional_sign_1000ms__sweep_only,directional_sign_1000ms,classification,lightgbm,9,100814,42854,2026-08-20T14:29:02.116Z,directional_sign_1000ms,sweep_only,19646,9823,0.5,0.7225553604,0.6988451952,1.39769039,0.6329179775,0.2213340567,0.6463402219
directional_sign_1000ms__book_flow,directional_sign_1000ms,classification,naive,1,5972,42856,2026-08-18T14:52:00.649Z,directional_sign_1000ms,book_flow,4958,2479,0.5,0.5,0.5,1,0.6931471806,0.25,0.5
directional_sign_1000ms__book_flow,directional_sign_1000ms,classification,linear,1,5972,42856,2026-08-18T14:52:00.649Z,directional_sign_1000ms,book_flow,4958,2479,0.5,0.9503591361,0.9476168244,1.895233649,0.2896316331,0.08603270101,0.8795885438
directional_sign_1000ms__book_flow,directional_sign_1000ms,classification,lightgbm,1,5972,42856,2026-08-18T14:52:00.649Z,directional_sign_1000ms,book_flow,4958,2479,0.5,0.9505592845,0.9491565439,1.898313088,0.2839272102,0.085212655,0.8842275111
directional_sign_1000ms__book_flow,directional_sign_1000ms,classification,naive,2,10958,42856,2026-08-18T20:49:08.333Z,directional_sign_1000ms,book_flow,3560,1780,0.5,0.5,0.5,1,0.6931471806,0.25,0.5
directional_sign_1000ms__book_flow,directional_sign_1000ms,classification,linear,2,10958,42856,2026-08-18T20:49:08.333Z,directional_sign_1000ms,book_flow,3560,1780,0.5,0.9440200101,0.9400513662,1.880102732,0.3021939182,0.09034994225,0.8837078652
directional_sign_1000ms__book_flow,directional_sign_1000ms,classification,lightgbm,2,10958,42856,2026-08-18T20:49:08.333Z,directional_sign_1000ms,book_flow,3560,1780,0.5,0.9494142154,0.9476588151,1.89531763,0.2935856278,0.0874519582,0.8853932584
directional_sign_1000ms__book_flow,directional_sign_1000ms,classification,naive,3,14520,42850,2026-08-19T02:46:16.016Z,directional_sign_1000ms,book_flow,3270,1635,0.5,0.5,0.5,1,0.6931471806,0.25,0.5
directional_sign_1000ms__book_flow,directional_sign_1000ms,classification,linear,3,14520,42850,2026-08-19T02:46:16.016Z,directional_sign_1000ms,book_flow,3270,1635,0.5,0.9619908537,0.955772095,1.91154419,0.258191049,0.07458981754,0.9027522936
directional_sign_1000ms__book_flow,directional_sign_1000ms,classification,lightgbm,3,14520,42850,2026-08-19T02:46:16.016Z,directional_sign_1000ms,book_flow,3270,1635,0.5,0.9646797408,0.9633516063,1.926703213,0.2406488367,0.0721218259,0.9027522936
directional_sign_1000ms__book_flow,directional_sign_1000ms,classification,naive,4,17772,42856,2026-08-19T08:43:23.700Z,directional_sign_1000ms,book_flow,8070,4035,0.5,0.5,0.5,1,0.6931471806,0.25,0.5
directional_sign_1000ms__book_flow,directional_sign_1000ms,classification,linear,4,17772,42856,2026-08-19T08:43:23.700Z,directional_sign_1000ms,book_flow,8070,4035,0.5,0.8646499572,0.8591943088,1.718388618,0.4773732297,0.1528381299,0.7812887237
directional_sign_1000ms__book_flow,directional_sign_1000ms,classification,lightgbm,4,17772,42856,2026-08-19T08:43:23.700Z,directional_sign_1000ms,book_flow,8070,4035,0.5,0.868209671,0.8695619057,1.739123811,0.459015284,0.1503425018,0.7794299876
directional_sign_1000ms__book_flow,directional_sign_1000ms,classification,naive,5,25824,42856,2026-08-19T14:40:31.383Z,directional_sign_1000ms,book_flow,19310,9655,0.5,0.5,0.5,1,0.6931471806,0.25,0.5
directional_sign_1000ms__book_flow,directional_sign_1000ms,classification,linear,5,25824,42856,2026-08-19T14:40:31.383Z,directional_sign_1000ms,book_flow,19310,9655,0.5,0.7754703131,0.757077482,1.514154964,0.6149174248,0.20214128,0.7074054894
directional_sign_1000ms__book_flow,directional_sign_1000ms,classification,lightgbm,5,25824,42856,2026-08-19T14:40:31.383Z,directional_sign_1000ms,book_flow,19310,9655,0.5,0.7836462997,0.7789077038,1.557815408,0.5692156968,0.1926133233,0.7098394614
directional_sign_1000ms__book_flow,directional_sign_1000ms,classification,naive,6,45126,42846,2026-08-19T20:37:39.066Z,directional_sign_1000ms,book_flow,19232,9616,0.5,0.5,0.5,1,0.6931471806,0.25,0.5
directional_sign_1000ms__book_flow,directional_sign_1000ms,classification,linear,6,45126,42846,2026-08-19T20:37:39.066Z,directional_sign_1000ms,book_flow,19232,9616,0.5,0.803785826,0.7954259245,1.590851849,0.5532376659,0.1845099856,0.7287333611
directional_sign_1000ms__book_flow,directional_sign_1000ms,classification,lightgbm,6,45126,42846,2026-08-19T20:37:39.066Z,directional_sign_1000ms,book_flow,19232,9616,0.5,0.8090218574,0.7988285859,1.597657172,0.5485484962,0.1804172498,0.7317491681
directional_sign_1000ms__book_flow,directional_sign_1000ms,classification,naive,7,64368,42852,2026-08-20T02:34:46.750Z,directional_sign_1000ms,book_flow,12688,6344,0.5,0.5,0.5,1,0.6931471806,0.25,0.5
directional_sign_1000ms__book_flow,directional_sign_1000ms,classification,linear,7,64368,42852,2026-08-20T02:34:46.750Z,directional_sign_1000ms,book_flow,12688,6344,0.5,0.8428360534,0.8317379016,1.663475803,0.4950267915,0.1609439728,0.7761664565
directional_sign_1000ms__book_flow,directional_sign_1000ms,classification,lightgbm,7,64368,42852,2026-08-20T02:34:46.750Z,directional_sign_1000ms,book_flow,12688,6344,0.5,0.8553989362,0.8499775265,1.699955053,0.4771405729,0.1549087603,0.7759300126
directional_sign_1000ms__book_flow,directional_sign_1000ms,classification,naive,8,76994,42852,2026-08-20T08:31:54.433Z,directional_sign_1000ms,book_flow,23820,11910,0.5,0.5,0.5,1,0.6931471806,0.25,0.5
directional_sign_1000ms__book_flow,directional_sign_1000ms,classification,linear,8,76994,42852,2026-08-20T08:31:54.433Z,directional_sign_1000ms,book_flow,23820,11910,0.5,0.7569298496,0.7376306635,1.475261327,0.6084579142,0.2063327999,0.6986985726
directional_sign_1000ms__book_flow,directional_sign_1000ms,classification,lightgbm,8,76994,42852,2026-08-20T08:31:54.433Z,directional_sign_1000ms,book_flow,23820,11910,0.5,0.7714050241,0.7582679756,1.516535951,0.5761941842,0.1954196938,0.7046599496
directional_sign_1000ms__book_flow,directional_sign_1000ms,classification,naive,9,100814,42854,2026-08-20T14:29:02.116Z,directional_sign_1000ms,book_flow,19646,9823,0.5,0.5,0.5,1,0.6931471806,0.25,0.5
directional_sign_1000ms__book_flow,directional_sign_1000ms,classification,linear,9,100814,42854,2026-08-20T14:29:02.116Z,directional_sign_1000ms,book_flow,19646,9823,0.5,0.7801479965,0.7617843402,1.52356868,0.5711904634,0.1923350019,0.7171943398
directional_sign_1000ms__book_flow,directional_sign_1000ms,classification,lightgbm,9,100814,42854,2026-08-20T14:29:02.116Z,directional_sign_1000ms,book_flow,19646,9823,0.5,0.7945556849,0.7849856197,1.569971239,0.5498678142,0.1848844347,0.7215718212
directional_sign_1000ms__book_flow_plus_sweep,directional_sign_1000ms,classification,naive,1,5972,42856,2026-08-18T14:52:00.649Z,directional_sign_1000ms,book_flow_plus_sweep,4958,2479,0.5,0.5,0.5,1,0.6931471806,0.25,0.5
directional_sign_1000ms__book_flow_plus_sweep,directional_sign_1000ms,classification,linear,1,5972,42856,2026-08-18T14:52:00.649Z,directional_sign_1000ms,book_flow_plus_sweep,4958,2479,0.5,0.9504831305,0.9471238435,1.894247687,0.2892030432,0.08571887966,0.8805970149
directional_sign_1000ms__book_flow_plus_sweep,directional_sign_1000ms,classification,lightgbm,1,5972,42856,2026-08-18T14:52:00.649Z,directional_sign_1000ms,book_flow_plus_sweep,4958,2479,0.5,0.9506831162,0.9492885281,1.898577056,0.2836662245,0.08506484861,0.8864461476
directional_sign_1000ms__book_flow_plus_sweep,directional_sign_1000ms,classification,naive,2,10958,42856,2026-08-18T20:49:08.333Z,directional_sign_1000ms,book_flow_plus_sweep,3560,1780,0.5,0.5,0.5,1,0.6931471806,0.25,0.5
directional_sign_1000ms__book_flow_plus_sweep,directional_sign_1000ms,classification,linear,2,10958,42856,2026-08-18T20:49:08.333Z,directional_sign_1000ms,book_flow_plus_sweep,3560,1780,0.5,0.9439884484,0.940562012,1.881124024,0.3022073497,0.09030869573,0.8820224719
directional_sign_1000ms__book_flow_plus_sweep,directional_sign_1000ms,classification,lightgbm,2,10958,42856,2026-08-18T20:49:08.333Z,directional_sign_1000ms,book_flow_plus_sweep,3560,1780,0.5,0.9494476707,0.9473360663,1.894672133,0.2935538246,0.0871641766,0.8890449438
directional_sign_1000ms__book_flow_plus_sweep,directional_sign_1000ms,classification,naive,3,14520,42850,2026-08-19T02:46:16.016Z,directional_sign_1000ms,book_flow_plus_sweep,3270,1635,0.5,0.5,0.5,1,0.6931471806,0.25,0.5
directional_sign_1000ms__book_flow_plus_sweep,directional_sign_1000ms,classification,linear,3,14520,42850,2026-08-19T02:46:16.016Z,directional_sign_1000ms,book_flow_plus_sweep,3270,1635,0.5,0.9622317613,0.9560763677,1.912152735,0.2580062438,0.07442199207,0.9033639144
directional_sign_1000ms__book_flow_plus_sweep,directional_sign_1000ms,classification,lightgbm,3,14520,42850,2026-08-19T02:46:16.016Z,directional_sign_1000ms,book_flow_plus_sweep,3270,1635,0.5,0.9648652844,0.9639088812,1.927817762,0.2400819464,0.07203032241,0.898470948
directional_sign_1000ms__book_flow_plus_sweep,directional_sign_1000ms,classification,naive,4,17772,42856,2026-08-19T08:43:23.700Z,directional_sign_1000ms,book_flow_plus_sweep,8070,4035,0.5,0.5,0.5,1,0.6931471806,0.25,0.5
directional_sign_1000ms__book_flow_plus_sweep,directional_sign_1000ms,classification,linear,4,17772,42856,2026-08-19T08:43:23.700Z,directional_sign_1000ms,book_flow_plus_sweep,8070,4035,0.5,0.8647444526,0.8573037913,1.714607583,0.4795441105,0.152939181,0.7824039653
directional_sign_1000ms__book_flow_plus_sweep,directional_sign_1000ms,classification,lightgbm,4,17772,42856,2026-08-19T08:43:23.700Z,directional_sign_1000ms,book_flow_plus_sweep,8070,4035,0.5,0.8694385097,0.8705246902,1.74104938,0.4574118954,0.1496360926,0.7822800496
directional_sign_1000ms__book_flow_plus_sweep,directional_sign_1000ms,classification,naive,5,25824,42856,2026-08-19T14:40:31.383Z,directional_sign_1000ms,book_flow_plus_sweep,19310,9655,0.5,0.5,0.5,1,0.6931471806,0.25,0.5
directional_sign_1000ms__book_flow_plus_sweep,directional_sign_1000ms,classification,linear,5,25824,42856,2026-08-19T14:40:31.383Z,directional_sign_1000ms,book_flow_plus_sweep,19310,9655,0.5,0.7761262629,0.7586710516,1.517342103,0.6151564477,0.2021183443,0.7079751424
directional_sign_1000ms__book_flow_plus_sweep,directional_sign_1000ms,classification,lightgbm,5,25824,42856,2026-08-19T14:40:31.383Z,directional_sign_1000ms,book_flow_plus_sweep,19310,9655,0.5,0.7846665099,0.7797632923,1.559526585,0.5682515558,0.1919253029,0.7091144485
directional_sign_1000ms__book_flow_plus_sweep,directional_sign_1000ms,classification,naive,6,45126,42846,2026-08-19T20:37:39.066Z,directional_sign_1000ms,book_flow_plus_sweep,19232,9616,0.5,0.5,0.5,1,0.6931471806,0.25,0.5
directional_sign_1000ms__book_flow_plus_sweep,directional_sign_1000ms,classification,linear,6,45126,42846,2026-08-19T20:37:39.066Z,directional_sign_1000ms,book_flow_plus_sweep,19232,9616,0.5,0.8045780561,0.7968584115,1.593716823,0.5524291839,0.1841692292,0.728265391
directional_sign_1000ms__book_flow_plus_sweep,directional_sign_1000ms,classification,lightgbm,6,45126,42846,2026-08-19T20:37:39.066Z,directional_sign_1000ms,book_flow_plus_sweep,19232,9616,0.5,0.8113003022,0.802225776,1.604451552,0.5442584178,0.1791264321,0.7329970882
directional_sign_1000ms__book_flow_plus_sweep,directional_sign_1000ms,classification,naive,7,64368,42852,2026-08-20T02:34:46.750Z,directional_sign_1000ms,book_flow_plus_sweep,12688,6344,0.5,0.5,0.5,1,0.6931471806,0.25,0.5
directional_sign_1000ms__book_flow_plus_sweep,directional_sign_1000ms,classification,linear,7,64368,42852,2026-08-20T02:34:46.750Z,directional_sign_1000ms,book_flow_plus_sweep,12688,6344,0.5,0.8432457305,0.8330821188,1.666164238,0.4942605719,0.1606215859,0.777112232
directional_sign_1000ms__book_flow_plus_sweep,directional_sign_1000ms,classification,lightgbm,7,64368,42852,2026-08-20T02:34:46.750Z,directional_sign_1000ms,book_flow_plus_sweep,12688,6344,0.5,0.8565577249,0.8512790824,1.702558165,0.4743024379,0.1540466968,0.7761664565
directional_sign_1000ms__book_flow_plus_sweep,directional_sign_1000ms,classification,naive,8,76994,42852,2026-08-20T08:31:54.433Z,directional_sign_1000ms,book_flow_plus_sweep,23820,11910,0.5,0.5,0.5,1,0.6931471806,0.25,0.5
directional_sign_1000ms__book_flow_plus_sweep,directional_sign_1000ms,classification,linear,8,76994,42852,2026-08-20T08:31:54.433Z,directional_sign_1000ms,book_flow_plus_sweep,23820,11910,0.5,0.7584859755,0.7400979581,1.480195916,0.6079174306,0.2059256944,0.6995382032
directional_sign_1000ms__book_flow_plus_sweep,directional_sign_1000ms,classification,lightgbm,8,76994,42852,2026-08-20T08:31:54.433Z,directional_sign_1000ms,book_flow_plus_sweep,23820,11910,0.5,0.7731523017,0.7611918861,1.522383772,0.5736981836,0.1945690559,0.7049118388
directional_sign_1000ms__book_flow_plus_sweep,directional_sign_1000ms,classification,naive,9,100814,42854,2026-08-20T14:29:02.116Z,directional_sign_1000ms,book_flow_plus_sweep,19646,9823,0.5,0.5,0.5,1,0.6931471806,0.25,0.5
directional_sign_1000ms__book_flow_plus_sweep,directional_sign_1000ms,classification,linear,9,100814,42854,2026-08-20T14:29:02.116Z,directional_sign_1000ms,book_flow_plus_sweep,19646,9823,0.5,0.7821679034,0.7664371471,1.532874294,0.5691541007,0.1914939031,0.7194339815
directional_sign_1000ms__book_flow_plus_sweep,directional_sign_1000ms,classification,lightgbm,9,100814,42854,2026-08-20T14:29:02.116Z,directional_sign_1000ms,book_flow_plus_sweep,19646,9823,0.5,0.7968335165,0.7898413675,1.579682735,0.5471191184,0.1838959652,0.7221826326
